age,trestbps,chol,thalch,oldpeak,ca,sex_Female,sex_Male,cp_asymptomatic,cp_atypical angina,cp_non-anginal,cp_typical angina,fbs_False,fbs_True,restecg_lv hypertrophy,restecg_normal,restecg_st-t abnormality,exang_False,exang_True,slope_downsloping,slope_flat,slope_upsloping,thal_fixed defect,thal_normal,thal_reversable defect,target
-0.2750383954978486,-0.6769854331646402,-1.8240956624520681,-0.42976823769339856,0.6064064301850519,-0.3608834747841887,1.9093374820217521,-1.9093374820217521,0.9340497736158585,-0.4833357480863082,-0.5448116995677182,-0.22376668822285872,0.4108403691425631,-0.410840369142563,-0.5174001701746129,0.83141099321054,-0.49616526081956064,-1.314771666608307,1.314771666608307,-0.2585739064876405,-1.5334921498057892,1.8007705479804994,-0.2368862763303714,0.6077853116640998,-0.5258533437475079,1
-1.3465786412272591,-0.6769854331646402,0.8549845244238734,1.2762241051664993,-0.8093134163665643,-0.3608834747841887,-0.5237418787490222,0.5237418787490222,-1.0706067580626215,2.068955180657219,-0.5448116995677182,-0.22376668822285872,0.4108403691425631,-0.410840369142563,-0.5174001701746129,0.83141099321054,-0.49616526081956064,0.7605883404680315,-0.7605883404680315,-0.2585739064876405,0.6521063704999376,-0.5553178338692093,-0.2368862763303714,0.6077853116640998,-0.5258533437475079,0
0.6893478256586207,0.9947897421505305,0.5189642975953654,0.7604589782553673,1.644600984322904,2.8694637263328175,1.9093374820217521,-1.9093374820217521,0.9340497736158585,-0.4833357480863082,-0.5448116995677182,-0.22376668822285872,0.4108403691425631,-0.410840369142563,1.9327399905232316,-1.2027745701779144,-0.49616526081956064,0.7605883404680315,-0.7605883404680315,-0.2585739064876405,0.6521063704999376,-0.5553178338692093,-0.2368862763303714,-1.6453178133937247,1.901670897200107,1
0.046423678220974374,-0.3983562372787783,0.13753593200624842,0.08599688921773323,-0.8093134163665643,-0.3608834747841887,-0.5237418787490222,0.5237418787490222,0.9340497736158585,-0.4833357480863082,-0.5448116995677182,-0.22376668822285872,0.4108403691425631,-0.410840369142563,-0.5174001701746129,0.83141099321054,-0.49616526081956064,0.7605883404680315,-0.7605883404680315,-0.2585739064876405,0.6521063704999376,-0.5553178338692093,-0.2368862763303714,0.6077853116640998,-0.5258533437475079,1
0.47503977651273854,-1.7915022167080872,0.3010052315444414,0.7207847377237419,-0.7149320932631232,1.2542901257743142,-0.5237418787490222,0.5237418787490222,0.9340497736158585,-0.4833357480863082,-0.5448116995677182,-0.22376668822285872,0.4108403691425631,-0.410840369142563,-0.5174001701746129,0.83141099321054,-0.49616526081956064,0.7605883404680315,-0.7605883404680315,-0.2585739064876405,-1.5334921498057892,1.8007705479804994,-0.2368862763303714,-1.6453178133937247,1.901670897200107,1
0.046423678220974374,-0.6769854331646402,-0.2711373168392341,-0.03302583237714327,1.0783130457022572,-0.3608834747841887,-0.5237418787490222,0.5237418787490222,-1.0706067580626215,-0.4833357480863082,-0.5448116995677182,4.468940430507949,0.4108403691425631,-0.410840369142563,-0.5174001701746129,0.83141099321054,-0.49616526081956064,0.7605883404680315,-0.7605883404680315,-0.2585739064876405,-1.5334921498057892,1.8007705479804994,-0.2368862763303714,0.6077853116640998,-0.5258533437475079,0
-1.9895027886649055,-0.11972704139291655,-1.8240956624520681,-0.31074551609852197,-0.3374068008493588,-0.3608834747841887,-0.5237418787490222,0.5237418787490222,0.9340497736158585,-0.4833357480863082,-0.5448116995677182,-0.22376668822285872,0.4108403691425631,-0.410840369142563,-0.5174001701746129,0.83141099321054,-0.49616526081956064,-1.314771666608307,1.314771666608307,-0.2585739064876405,0.6521063704999376,-0.5553178338692093,-0.2368862763303714,-1.6453178133937247,1.901670897200107,1
-1.7751947395190233,-0.11972704139291655,0.09212779324563922,0.16534537028098428,-0.8093134163665643,-0.3608834747841887,1.9093374820217521,-1.9093374820217521,-1.0706067580626215,-0.4833357480863082,1.8354965592579078,-0.22376668822285872,0.4108403691425631,-0.410840369142563,-0.5174001701746129,0.83141099321054,-0.49616526081956064,0.7605883404680315,-0.7605883404680315,-0.2585739064876405,0.6521063704999376,-0.5553178338692093,-0.2368862763303714,0.6077853116640998,-0.5258533437475079,0
0.36788575193979756,-0.2311787197472613,0.9276375464408481,0.8398074593186184,-0.8093134163665643,1.2542901257743142,1.9093374820217521,-1.9093374820217521,0.9340497736158585,-0.4833357480863082,-0.5448116995677182,-0.22376668822285872,0.4108403691425631,-0.410840369142563,1.9327399905232316,-1.2027745701779144,-0.49616526081956064,0.7605883404680315,-0.7605883404680315,-0.2585739064876405,-1.5334921498057892,1.8007705479804994,-0.2368862763303714,0.6077853116640998,-0.5258533437475079,0
0.1535777027939155,-0.6769854331646402,0.17386244301473572,-0.15204855397201988,-0.8093134163665643,-0.3608834747841887,-0.5237418787490222,0.5237418787490222,-1.0706067580626215,-0.4833357480863082,1.8354965592579078,-0.22376668822285872,0.4108403691425631,-0.410840369142563,1.9327399905232316,-1.2027745701779144,-0.49616526081956064,0.7605883404680315,-0.7605883404680315,-0.2585739064876405,0.6521063704999376,-0.5553178338692093,-0.2368862763303714,0.6077853116640998,-0.5258533437475079,0
-0.8108085183625539,-1.2342438249363639,0.010393143476542714,0.48273929453398856,-0.8093134163665643,-0.3608834747841887,-0.5237418787490222,0.5237418787490222,0.9340497736158585,-0.4833357480863082,-0.5448116995677182,-0.22376668822285872,0.4108403691425631,-0.410840369142563,-0.5174001701746129,0.83141099321054,-0.49616526081956064,-1.314771666608307,1.314771666608307,-0.2585739064876405,0.6521063704999376,-0.5553178338692093,-0.2368862763303714,0.6077853116640998,-0.5258533437475079,1
-1.9895027886649055,-0.11972704139291655,-0.36195359436045244,0.08599688921773323,-0.3374068008493588,-0.3608834747841887,-0.5237418787490222,0.5237418787490222,-1.0706067580626215,-0.4833357480863082,1.8354965592579078,-0.22376668822285872,0.4108403691425631,-0.410840369142563,-0.5174001701746129,-1.2027745701779144,2.015457507742905,0.7605883404680315,-0.7605883404680315,-0.2585739064876405,0.6521063704999376,-0.5553178338692093,-0.2368862763303714,0.6077853116640998,-0.5258533437475079,0
-1.668040714946082,0.15890215449294506,-1.8240956624520681,0.48273929453398856,-0.8093134163665643,-0.3608834747841887,-0.5237418787490222,0.5237418787490222,0.9340497736158585,-0.4833357480863082,-0.5448116995677182,-0.22376668822285872,0.4108403691425631,-0.410840369142563,-0.5174001701746129,0.83141099321054,-0.49616526081956064,0.7605883404680315,-0.7605883404680315,-0.2585739064876405,0.6521063704999376,-0.5553178338692093,-0.2368862763303714,0.6077853116640998,-0.5258533437475079,1
-0.9179625429354947,0.43753135037880697,0.21018895402322313,-0.6281394403515264,-0.8093134163665643,-0.3608834747841887,-0.5237418787490222,0.5237418787490222,-1.0706067580626215,2.068955180657219,-0.5448116995677182,-0.22376668822285872,-2.434035394542732,2.434035394542732,-0.5174001701746129,0.83141099321054,-0.49616526081956064,0.7605883404680315,-0.7605883404680315,-0.2585739064876405,0.6521063704999376,-0.5553178338692093,-0.2368862763303714,0.6077853116640998,-0.5258533437475079,0
0.6893478256586207,-0.11972704139291655,-0.13491290055740657,0.08599688921773323,-0.3374068008493588,-0.3608834747841887,-0.5237418787490222,0.5237418787490222,0.9340497736158585,-0.4833357480863082,-0.5448116995677182,-0.22376668822285872,-2.434035394542732,2.434035394542732,1.9327399905232316,-1.2027745701779144,-0.49616526081956064,-1.314771666608307,1.314771666608307,-0.2585739064876405,0.6521063704999376,-0.5553178338692093,-0.2368862763303714,0.6077853116640998,-0.5258533437475079,1
1.868042095960972,-0.11972704139291655,0.18294407076685762,0.08599688921773323,-0.3374068008493588,-0.3608834747841887,-0.5237418787490222,0.5237418787490222,-1.0706067580626215,-0.4833357480863082,1.8354965592579078,-0.22376668822285872,0.4108403691425631,-0.410840369142563,-0.5174001701746129,0.83141099321054,-0.49616526081956064,0.7605883404680315,-0.7605883404680315,-0.2585739064876405,0.6521063704999376,-0.5553178338692093,-0.2368862763303714,0.6077853116640998,-0.5258533437475079,1
-0.06073034635196655,0.6604347070874963,0.9003926631844826,-0.3900939971617731,0.6064064301850519,-0.3608834747841887,-0.5237418787490222,0.5237418787490222,0.9340497736158585,-0.4833357480863082,-0.5448116995677182,-0.22376668822285872,-2.434035394542732,2.434035394542732,-0.5174001701746129,-1.2027745701779144,2.015457507742905,-1.314771666608307,1.314771666608307,-0.2585739064876405,0.6521063704999376,-0.5553178338692093,-0.2368862763303714,0.6077853116640998,-0.5258533437475079,1
1.0108098993774437,-1.7915022167080872,-1.8240956624520681,-1.1439045672626582,-1.6587453242975339,-0.3608834747841887,-0.5237418787490222,0.5237418787490222,0.9340497736158585,-0.4833357480863082,-0.5448116995677182,-0.22376668822285872,0.4108403691425631,-0.410840369142563,-0.5174001701746129,0.83141099321054,-0.49616526081956064,0.7605883404680315,-0.7605883404680315,-0.2585739064876405,0.6521063704999376,-0.5553178338692093,-0.2368862763303714,0.6077853116640998,-0.5258533437475079,1
0.046423678220974374,2.6665649174657013,-1.8240956624520681,0.48273929453398856,0.6064064301850519,-0.3608834747841887,-0.5237418787490222,0.5237418787490222,0.9340497736158585,-0.4833357480863082,-0.5448116995677182,-0.22376668822285872,0.4108403691425631,-0.410840369142563,-0.5174001701746129,0.83141099321054,-0.49616526081956064,0.7605883404680315,-0.7605883404680315,-0.2585739064876405,0.6521063704999376,-0.5553178338692093,-0.2368862763303714,-1.6453178133937247,1.901670897200107,1
-0.16788437092490754,-1.1227921465820192,1.2818210287735998,-1.6596696941737903,0.13449981466784652,-0.3608834747841887,-0.5237418787490222,0.5237418787490222,0.9340497736158585,-0.4833357480863082,-0.5448116995677182,-0.22376668822285872,0.4108403691425631,-0.410840369142563,-0.5174001701746129,-1.2027745701779144,2.015457507742905,-1.314771666608307,1.314771666608307,-0.2585739064876405,0.6521063704999376,-0.5553178338692093,-0.2368862763303714,0.6077853116640998,-0.5258533437475079,1
-0.8108085183625539,-0.6769854331646402,0.273760348288076,-0.905859124072905,-0.8093134163665643,-0.3608834747841887,-0.5237418787490222,0.5237418787490222,0.9340497736158585,-0.4833357480863082,-0.5448116995677182,-0.22376668822285872,0.4108403691425631,-0.410840369142563,-0.5174001701746129,0.83141099321054,-0.49616526081956064,-1.314771666608307,1.314771666608307,-0.2585739064876405,0.6521063704999376,-0.5553178338692093,-0.2368862763303714,0.6077853116640998,-0.5258533437475079,1
0.046423678220974374,-0.2869045589244337,1.200086379004503,0.6414362566604908,-0.8093134163665643,-0.3608834747841887,1.9093374820217521,-1.9093374820217521,0.9340497736158585,-0.4833357480863082,-0.5448116995677182,-0.22376668822285872,-2.434035394542732,2.434035394542732,-0.5174001701746129,-1.2027745701779144,2.015457507742905,0.7605883404680315,-0.7605883404680315,-0.2585739064876405,0.6521063704999376,-0.5553178338692093,-0.2368862763303714,0.6077853116640998,-0.5258533437475079,1
2.1895041696797954,1.2734189380363925,0.9912089407057011,-1.0248818456677817,0.6064064301850519,-0.3608834747841887,-0.5237418787490222,0.5237418787490222,0.9340497736158585,-0.4833357480863082,-0.5448116995677182,-0.22376668822285872,0.4108403691425631,-0.410840369142563,-0.5174001701746129,0.83141099321054,-0.49616526081956064,-1.314771666608307,1.314771666608307,3.867366253554276,-1.5334921498057892,-0.5553178338692093,-0.2368862763303714,0.6077853116640998,-0.5258533437475079,1
0.5821938010856796,0.43753135037880697,-0.21664755032650307,0.9588301809134951,-0.8093134163665643,1.2542901257743142,-0.5237418787490222,0.5237418787490222,0.9340497736158585,-0.4833357480863082,-0.5448116995677182,-0.22376668822285872,0.4108403691425631,-0.410840369142563,-0.5174001701746129,0.83141099321054,-0.49616526081956064,-1.314771666608307,1.314771666608307,-0.2585739064876405,-1.5334921498057892,1.8007705479804994,-0.2368862763303714,-1.6453178133937247,1.901670897200107,1
-0.38219242007078963,0.6604347070874963,1.3453924230384526,-0.7074879214147773,0.13449981466784652,-0.3608834747841887,-0.5237418787490222,0.5237418787490222,0.9340497736158585,-0.4833357480863082,-0.5448116995677182,-0.22376668822285872,0.4108403691425631,-0.410840369142563,1.9327399905232316,-1.2027745701779144,-0.49616526081956064,-1.314771666608307,1.314771666608307,-0.2585739064876405,-1.5334921498057892,1.8007705479804994,-0.2368862763303714,-1.6453178133937247,1.901670897200107,1
-0.8108085183625539,0.3260796720244622,0.38273988131353803,0.5620877755972397,-0.8093134163665643,-0.3608834747841887,1.9093374820217521,-1.9093374820217521,0.9340497736158585,-0.4833357480863082,-0.5448116995677182,-0.22376668822285872,0.4108403691425631,-0.410840369142563,1.9327399905232316,-1.2027745701779144,-0.49616526081956064,-1.314771666608307,1.314771666608307,-0.2585739064876405,0.6521063704999376,-0.5553178338692093,-0.2368862763303714,0.6077853116640998,-0.5258533437475079,0
-0.16788437092490754,-0.2311787197472613,-1.8240956624520681,1.672966510482755,2.0221262767366683,-0.3608834747841887,-0.5237418787490222,0.5237418787490222,-1.0706067580626215,-0.4833357480863082,1.8354965592579078,-0.22376668822285872,0.4108403691425631,-0.410840369142563,-0.5174001701746129,-1.2027745701779144,2.015457507742905,0.7605883404680315,-0.7605883404680315,-0.2585739064876405,-1.5334921498057892,1.8007705479804994,-0.2368862763303714,0.6077853116640998,-0.5258533437475079,1
-0.7036544937896128,-0.6769854331646402,0.037638026732908246,-1.580321213110539,1.0783130457022572,-0.3608834747841887,1.9093374820217521,-1.9093374820217521,0.9340497736158585,-0.4833357480863082,-0.5448116995677182,-0.22376668822285872,0.4108403691425631,-0.410840369142563,-0.5174001701746129,0.83141099321054,-0.49616526081956064,-1.314771666608307,1.314771666608307,-0.2585739064876405,0.6521063704999376,-0.5553178338692093,4.221434924348927,-1.6453178133937247,-0.5258533437475079,1
0.6893478256586207,-0.6769854331646402,-0.20756592257438128,-1.6596696941737903,-0.8093134163665643,-0.3608834747841887,1.9093374820217521,-1.9093374820217521,-1.0706067580626215,-0.4833357480863082,1.8354965592579078,-0.22376668822285872,-2.434035394542732,2.434035394542732,-0.5174001701746129,0.83141099321054,-0.49616526081956064,0.7605883404680315,-0.7605883404680315,-0.2585739064876405,-1.5334921498057892,1.8007705479804994,-0.2368862763303714,0.6077853116640998,-0.5258533437475079,0
-0.5965004692166718,-0.11972704139291655,0.6461070861250712,0.08599688921773323,-0.3374068008493588,-0.3608834747841887,-0.5237418787490222,0.5237418787490222,0.9340497736158585,-0.4833357480863082,-0.5448116995677182,-0.22376668822285872,0.4108403691425631,-0.410840369142563,-0.5174001701746129,-1.2027745701779144,2.015457507742905,0.7605883404680315,-0.7605883404680315,-0.2585739064876405,0.6521063704999376,-0.5553178338692093,-0.2368862763303714,0.6077853116640998,-0.5258533437475079,0
-0.38219242007078963,0.9947897421505305,0.12845430425412652,0.08599688921773323,-0.8093134163665643,-0.3608834747841887,-0.5237418787490222,0.5237418787490222,0.9340497736158585,-0.4833357480863082,-0.5448116995677182,-0.22376668822285872,0.4108403691425631,-0.410840369142563,-0.5174001701746129,0.83141099321054,-0.49616526081956064,-1.314771666608307,1.314771666608307,-0.2585739064876405,0.6521063704999376,-0.5553178338692093,-0.2368862763303714,0.6077853116640998,-0.5258533437475079,0
-1.882348764091964,0.9947897421505305,-0.3710352221125743,1.3555725862297503,-0.8093134163665643,-0.3608834747841887,-0.5237418787490222,0.5237418787490222,-1.0706067580626215,-0.4833357480863082,1.8354965592579078,-0.22376668822285872,0.4108403691425631,-0.410840369142563,-0.5174001701746129,0.83141099321054,-0.49616526081956064,0.7605883404680315,-0.7605883404680315,-0.2585739064876405,0.6521063704999376,-0.5553178338692093,-0.2368862763303714,0.6077853116640998,-0.5258533437475079,0
-0.8108085183625539,0.9947897421505305,0.273760348288076,0.36371657293911197,2.5884142153573144,-0.3608834747841887,-0.5237418787490222,0.5237418787490222,-1.0706067580626215,-0.4833357480863082,1.8354965592579078,-0.22376668822285872,0.4108403691425631,-0.410840369142563,-0.5174001701746129,0.83141099321054,-0.49616526081956064,0.7605883404680315,-0.7605883404680315,-0.2585739064876405,0.6521063704999376,-0.5553178338692093,-0.2368862763303714,0.6077853116640998,-0.5258533437475079,1
1.0108098993774437,-0.11972704139291655,0.9730456852014573,0.006648408154482164,1.0783130457022572,-0.3608834747841887,-0.5237418787490222,0.5237418787490222,0.9340497736158585,-0.4833357480863082,-0.5448116995677182,-0.22376668822285872,0.4108403691425631,-0.410840369142563,-0.5174001701746129,0.83141099321054,-0.49616526081956064,-1.314771666608307,1.314771666608307,-0.2585739064876405,0.6521063704999376,-0.5553178338692093,-0.2368862763303714,0.6077853116640998,-0.5258533437475079,1
-0.4893464446437307,-0.6769854331646402,-0.11674964505316289,0.0463226486861077,1.0783130457022572,4.4846373268913196,-0.5237418787490222,0.5237418787490222,-1.0706067580626215,-0.4833357480863082,1.8354965592579078,-0.22376668822285872,0.4108403691425631,-0.410840369142563,-0.5174001701746129,0.83141099321054,-0.49616526081956064,0.7605883404680315,-0.7605883404680315,-0.2585739064876405,0.6521063704999376,-0.5553178338692093,-0.2368862763303714,-1.6453178133937247,1.901670897200107,1
-0.5965004692166718,-0.45408207645595067,0.6642703416293149,1.1175271430399971,-0.3374068008493588,-0.3608834747841887,-0.5237418787490222,0.5237418787490222,0.9340497736158585,-0.4833357480863082,-0.5448116995677182,-0.22376668822285872,0.4108403691425631,-0.410840369142563,1.9327399905232316,-1.2027745701779144,-0.49616526081956064,0.7605883404680315,-0.7605883404680315,-0.2585739064876405,0.6521063704999376,-0.5553178338692093,-0.2368862763303714,-1.6453178133937247,1.901670897200107,1
1.225117948523326,0.9947897421505305,0.3191684870486851,-1.3026015293891604,-0.8093134163665643,-0.3608834747841887,-0.5237418787490222,0.5237418787490222,0.9340497736158585,-0.4833357480863082,-0.5448116995677182,-0.22376668822285872,-2.434035394542732,2.434035394542732,-0.5174001701746129,-1.2027745701779144,2.015457507742905,-1.314771666608307,1.314771666608307,-0.2585739064876405,0.6521063704999376,-0.5553178338692093,-0.2368862763303714,0.6077853116640998,-0.5258533437475079,1
0.7965018502315617,0.9947897421505305,-1.8240956624520681,-0.8265106430096539,1.0783130457022572,-0.3608834747841887,-0.5237418787490222,0.5237418787490222,0.9340497736158585,-0.4833357480863082,-0.5448116995677182,-0.22376668822285872,0.4108403691425631,-0.410840369142563,-0.5174001701746129,0.83141099321054,-0.49616526081956064,-1.314771666608307,1.314771666608307,-0.2585739064876405,0.6521063704999376,-0.5553178338692093,-0.2368862763303714,-1.6453178133937247,1.901670897200107,1
-0.38219242007078963,-0.17545288057008895,-0.044096623036188165,0.9985044214451204,-0.8093134163665643,-0.3608834747841887,-0.5237418787490222,0.5237418787490222,-1.0706067580626215,-0.4833357480863082,1.8354965592579078,-0.22376668822285872,0.4108403691425631,-0.410840369142563,-0.5174001701746129,0.83141099321054,-0.49616526081956064,0.7605883404680315,-0.7605883404680315,-0.2585739064876405,-1.5334921498057892,1.8007705479804994,-0.2368862763303714,0.6077853116640998,-0.5258533437475079,0
1.117963923950385,0.7161605462646687,0.10120942099776109,-0.23139703503527093,1.0783130457022572,2.8694637263328175,-0.5237418787490222,0.5237418787490222,0.9340497736158585,-0.4833357480863082,-0.5448116995677182,-0.22376668822285872,0.4108403691425631,-0.410840369142563,1.9327399905232316,-1.2027745701779144,-0.49616526081956064,0.7605883404680315,-0.7605883404680315,-0.2585739064876405,0.6521063704999376,-0.5553178338692093,4.221434924348927,-1.6453178133937247,-0.5258533437475079,1
-1.3465786412272591,-1.1227921465820192,0.6097805751165839,1.3555725862297503,-0.8093134163665643,-0.3608834747841887,1.9093374820217521,-1.9093374820217521,-1.0706067580626215,-0.4833357480863082,1.8354965592579078,-0.22376668822285872,0.4108403691425631,-0.410840369142563,1.9327399905232316,-1.2027745701779144,-0.49616526081956064,-1.314771666608307,1.314771666608307,-0.2585739064876405,-1.5334921498057892,1.8007705479804994,-0.2368862763303714,0.6077853116640998,-0.5258533437475079,0
0.36788575193979756,1.830677329808116,0.8004947579111423,-0.5487909592882753,0.13449981466784652,4.4846373268913196,-0.5237418787490222,0.5237418787490222,0.9340497736158585,-0.4833357480863082,-0.5448116995677182,-0.22376668822285872,-2.434035394542732,2.434035394542732,1.9327399905232316,-1.2027745701779144,-0.49616526081956064,0.7605883404680315,-0.7605883404680315,-0.2585739064876405,0.6521063704999376,-0.5553178338692093,-0.2368862763303714,-1.6453178133937247,1.901670897200107,1
0.6893478256586207,0.15890215449294506,-1.8240956624520681,-2.9689196317174327,-0.3374068008493588,-0.3608834747841887,-0.5237418787490222,0.5237418787490222,0.9340497736158585,-0.4833357480863082,-0.5448116995677182,-0.22376668822285872,0.4108403691425631,-0.410840369142563,-0.5174001701746129,0.83141099321054,-0.49616526081956064,-1.314771666608307,1.314771666608307,-0.2585739064876405,-1.5334921498057892,1.8007705479804994,-0.2368862763303714,-1.6453178133937247,1.901670897200107,1
0.5821938010856796,0.43753135037880697,0.6642703416293149,0.6414362566604908,1.0783130457022572,-0.3608834747841887,-0.5237418787490222,0.5237418787490222,0.9340497736158585,-0.4833357480863082,-0.5448116995677182,-0.22376668822285872,0.4108403691425631,-0.410840369142563,-0.5174001701746129,0.83141099321054,-0.49616526081956064,-1.314771666608307,1.314771666608307,-0.2585739064876405,0.6521063704999376,-0.5553178338692093,-0.2368862763303714,0.6077853116640998,-0.5258533437475079,0
-2.3109648623837282,-0.7884371115189849,2.980085418420382,-0.31074551609852197,-0.8093134163665643,-0.3608834747841887,-0.5237418787490222,0.5237418787490222,0.9340497736158585,-0.4833357480863082,-0.5448116995677182,-0.22376668822285872,0.4108403691425631,-0.410840369142563,-0.5174001701746129,0.83141099321054,-0.49616526081956064,0.7605883404680315,-0.7605883404680315,-0.2585739064876405,0.6521063704999376,-0.5553178338692093,-0.2368862763303714,0.6077853116640998,-0.5258533437475079,1
0.36788575193979756,0.43753135037880697,0.3645766258092943,-0.5884651998199008,-0.6205507701596821,-0.3608834747841887,1.9093374820217521,-1.9093374820217521,0.9340497736158585,-0.4833357480863082,-0.5448116995677182,-0.22376668822285872,0.4108403691425631,-0.410840369142563,-0.5174001701746129,0.83141099321054,-0.49616526081956064,-1.314771666608307,1.314771666608307,-0.2585739064876405,0.6521063704999376,-0.5553178338692093,-0.2368862763303714,-1.6453178133937247,1.901670897200107,1
1.0108098993774437,0.9947897421505305,1.872126832661519,0.6414362566604908,2.965939507771079,4.4846373268913196,1.9093374820217521,-1.9093374820217521,0.9340497736158585,-0.4833357480863082,-0.5448116995677182,-0.22376668822285872,0.4108403691425631,-0.410840369142563,1.9327399905232316,-1.2027745701779144,-0.49616526081956064,0.7605883404680315,-0.7605883404680315,-0.2585739064876405,0.6521063704999376,-0.5553178338692093,-0.2368862763303714,-1.6453178133937247,1.901670897200107,1
1.4394259976692079,1.1062414205048754,0.6915152248856804,1.3555725862297503,-0.8093134163665643,1.2542901257743142,1.9093374820217521,-1.9093374820217521,-1.0706067580626215,-0.4833357480863082,1.8354965592579078,-0.22376668822285872,0.4108403691425631,-0.410840369142563,-0.5174001701746129,0.83141099321054,-0.49616526081956064,0.7605883404680315,-0.7605883404680315,-0.2585739064876405,-1.5334921498057892,1.8007705479804994,-0.2368862763303714,0.6077853116640998,-0.5258533437475079,0
0.6893478256586207,0.5489830287331516,0.13753593200624842,-1.104230326731033,1.550219661219463,-0.3608834747841887,-0.5237418787490222,0.5237418787490222,0.9340497736158585,-0.4833357480863082,-0.5448116995677182,-0.22376668822285872,0.4108403691425631,-0.410840369142563,-0.5174001701746129,0.83141099321054,-0.49616526081956064,-1.314771666608307,1.314771666608307,-0.2585739064876405,0.6521063704999376,-0.5553178338692093,-0.2368862763303714,0.6077853116640998,-0.5258533437475079,1
0.7965018502315617,0.3260796720244622,-0.3165454555998433,-0.5091167187566498,2.5884142153573144,1.2542901257743142,-0.5237418787490222,0.5237418787490222,0.9340497736158585,-0.4833357480863082,-0.5448116995677182,-0.22376668822285872,0.4108403691425631,-0.410840369142563,1.9327399905232316,-1.2027745701779144,-0.49616526081956064,-1.314771666608307,1.314771666608307,-0.2585739064876405,0.6521063704999376,-0.5553178338692093,-0.2368862763303714,0.6077853116640998,-0.5258533437475079,1
0.046423678220974374,-0.3983562372787783,0.21018895402322313,-0.6281394403515264,1.0783130457022572,-0.3608834747841887,-0.5237418787490222,0.5237418787490222,0.9340497736158585,-0.4833357480863082,-0.5448116995677182,-0.22376668822285872,0.4108403691425631,-0.410840369142563,-0.5174001701746129,0.83141099321054,-0.49616526081956064,0.7605883404680315,-0.7605883404680315,-0.2585739064876405,0.6521063704999376,-0.5553178338692093,-0.2368862763303714,0.6077853116640998,-0.5258533437475079,1
-0.4893464446437307,-1.2342438249363639,0.20110732627110126,0.879481699850244,-0.8093134163665643,-0.3608834747841887,1.9093374820217521,-1.9093374820217521,-1.0706067580626215,2.068955180657219,-0.5448116995677182,-0.22376668822285872,0.4108403691425631,-0.410840369142563,-0.5174001701746129,0.83141099321054,-0.49616526081956064,0.7605883404680315,-0.7605883404680315,-0.2585739064876405,0.6521063704999376,-0.5553178338692093,-0.2368862763303714,0.6077853116640998,-0.5258533437475079,0
0.47503977651273854,0.9947897421505305,0.16478081526261396,-0.7868364024780284,-0.8093134163665643,-0.3608834747841887,-0.5237418787490222,0.5237418787490222,-1.0706067580626215,-0.4833357480863082,1.8354965592579078,-0.22376668822285872,0.4108403691425631,-0.410840369142563,-0.5174001701746129,-1.2027745701779144,2.015457507742905,-1.314771666608307,1.314771666608307,-0.2585739064876405,0.6521063704999376,-0.5553178338692093,-0.2368862763303714,0.6077853116640998,-0.5258533437475079,1
-0.38219242007078963,-0.11972704139291655,0.15569918751049208,0.08599688921773323,-0.3374068008493588,-0.3608834747841887,-0.5237418787490222,0.5237418787490222,0.9340497736158585,-0.4833357480863082,-0.5448116995677182,-0.22376668822285872,0.4108403691425631,-0.410840369142563,-0.5174001701746129,0.83141099321054,-0.49616526081956064,0.7605883404680315,-0.7605883404680315,-0.2585739064876405,0.6521063704999376,-0.5553178338692093,-0.2368862763303714,0.6077853116640998,-0.5258533437475079,1
-0.5965004692166718,-1.3456955032907087,-0.34379033885620874,1.474595307824627,1.0783130457022572,-0.3608834747841887,1.9093374820217521,-1.9093374820217521,0.9340497736158585,-0.4833357480863082,-0.5448116995677182,-0.22376668822285872,0.4108403691425631,-0.410840369142563,-0.5174001701746129,0.83141099321054,-0.49616526081956064,0.7605883404680315,-0.7605883404680315,-0.2585739064876405,-1.5334921498057892,1.8007705479804994,-0.2368862763303714,0.6077853116640998,-0.5258533437475079,0
1.5465800222421486,0.7161605462646687,-1.8240956624520681,-0.0727000729087688,0.8895503994953752,-0.3608834747841887,-0.5237418787490222,0.5237418787490222,0.9340497736158585,-0.4833357480863082,-0.5448116995677182,-0.22376668822285872,0.4108403691425631,-0.410840369142563,-0.5174001701746129,0.83141099321054,-0.49616526081956064,0.7605883404680315,-0.7605883404680315,-0.2585739064876405,-1.5334921498057892,1.8007705479804994,-0.2368862763303714,0.6077853116640998,-0.5258533437475079,1
0.5821938010856796,2.109306525693978,1.1365149847396505,0.08599688921773323,2.3996515691504325,-0.3608834747841887,-0.5237418787490222,0.5237418787490222,0.9340497736158585,-0.4833357480863082,-0.5448116995677182,-0.22376668822285872,0.4108403691425631,-0.410840369142563,1.9327399905232316,-1.2027745701779144,-0.49616526081956064,-1.314771666608307,1.314771666608307,3.867366253554276,-1.5334921498057892,-0.5553178338692093,-0.2368862763303714,-1.6453178133937247,1.901670897200107,1
-0.16788437092490754,1.552048133922254,0.40998476456990346,-2.215109061616548,2.965939507771079,-0.3608834747841887,-0.5237418787490222,0.5237418787490222,0.9340497736158585,-0.4833357480863082,-0.5448116995677182,-0.22376668822285872,0.4108403691425631,-0.410840369142563,-0.5174001701746129,-1.2027745701779144,2.015457507742905,-1.314771666608307,1.314771666608307,-0.2585739064876405,0.6521063704999376,-0.5553178338692093,-0.2368862763303714,0.6077853116640998,-0.5258533437475079,1
-0.9179625429354947,-0.955614629050502,0.5371275530996091,1.8713377131408826,-0.8093134163665643,-0.3608834747841887,-0.5237418787490222,0.5237418787490222,0.9340497736158585,-0.4833357480863082,-0.5448116995677182,-0.22376668822285872,0.4108403691425631,-0.410840369142563,1.9327399905232316,-1.2027745701779144,-0.49616526081956064,0.7605883404680315,-0.7605883404680315,-0.2585739064876405,-1.5334921498057892,1.8007705479804994,-0.2368862763303714,0.6077853116640998,-0.5258533437475079,0
1.3322719730962669,0.9947897421505305,-1.8240956624520681,-1.1835788077942841,1.0783130457022572,-0.3608834747841887,-0.5237418787490222,0.5237418787490222,0.9340497736158585,-0.4833357480863082,-0.5448116995677182,-0.22376668822285872,0.4108403691425631,-0.410840369142563,-0.5174001701746129,0.83141099321054,-0.49616526081956064,-1.314771666608307,1.314771666608307,-0.2585739064876405,0.6521063704999376,-0.5553178338692093,-0.2368862763303714,-1.6453178133937247,1.901670897200107,1
-0.8108085183625539,0.5489830287331516,-0.21664755032650307,0.879481699850244,0.5120251070816108,-0.3608834747841887,1.9093374820217521,-1.9093374820217521,-1.0706067580626215,-0.4833357480863082,1.8354965592579078,-0.22376668822285872,0.4108403691425631,-0.410840369142563,1.9327399905232316,-1.2027745701779144,-0.49616526081956064,-1.314771666608307,1.314771666608307,3.867366253554276,-1.5334921498057892,-0.5553178338692093,-0.2368862763303714,0.6077853116640998,-0.5258533437475079,0
0.7965018502315617,-0.11972704139291655,1.172841495748138,1.2365498646348736,-0.8093134163665643,-0.3608834747841887,1.9093374820217521,-1.9093374820217521,0.9340497736158585,-0.4833357480863082,-0.5448116995677182,-0.22376668822285872,0.4108403691425631,-0.410840369142563,1.9327399905232316,-1.2027745701779144,-0.49616526081956064,0.7605883404680315,-0.7605883404680315,-0.2585739064876405,-1.5334921498057892,1.8007705479804994,-0.2368862763303714,0.6077853116640998,-0.5258533437475079,1
-1.668040714946082,-1.2342438249363639,-1.8240956624520681,0.7207847377237419,-0.8093134163665643,-0.3608834747841887,1.9093374820217521,-1.9093374820217521,0.9340497736158585,-0.4833357480863082,-0.5448116995677182,-0.22376668822285872,0.4108403691425631,-0.410840369142563,-0.5174001701746129,0.83141099321054,-0.49616526081956064,0.7605883404680315,-0.7605883404680315,-0.2585739064876405,0.6521063704999376,-0.5553178338692093,-0.2368862763303714,0.6077853116640998,-0.5258533437475079,1
-0.2750383954978486,0.43753135037880697,0.546209180851731,1.9110119536725079,-0.8093134163665643,-0.3608834747841887,-0.5237418787490222,0.5237418787490222,0.9340497736158585,-0.4833357480863082,-0.5448116995677182,-0.22376668822285872,0.4108403691425631,-0.410840369142563,1.9327399905232316,-1.2027745701779144,-0.49616526081956064,-1.314771666608307,1.314771666608307,-0.2585739064876405,-1.5334921498057892,1.8007705479804994,-0.2368862763303714,0.6077853116640998,-0.5258533437475079,0
1.225117948523326,0.7161605462646687,-1.8240956624520681,-2.810222669590931,-0.3374068008493588,-0.3608834747841887,-0.5237418787490222,0.5237418787490222,0.9340497736158585,-0.4833357480863082,-0.5448116995677182,-0.22376668822285872,0.4108403691425631,-0.410840369142563,-0.5174001701746129,-1.2027745701779144,2.015457507742905,0.7605883404680315,-0.7605883404680315,-0.2585739064876405,0.6521063704999376,-0.5553178338692093,4.221434924348927,-1.6453178133937247,-0.5258533437475079,1
-1.132270592081377,0.9947897421505305,0.20110732627110126,1.474595307824627,-0.8093134163665643,-0.3608834747841887,1.9093374820217521,-1.9093374820217521,-1.0706067580626215,-0.4833357480863082,1.8354965592579078,-0.22376668822285872,0.4108403691425631,-0.410840369142563,-0.5174001701746129,0.83141099321054,-0.49616526081956064,0.7605883404680315,-0.7605883404680315,-0.2585739064876405,0.6521063704999376,-0.5553178338692093,-0.2368862763303714,0.6077853116640998,-0.5258533437475079,0
1.4394259976692079,-0.11972704139291655,1.5270249780808893,0.08599688921773323,-0.3374068008493588,-0.3608834747841887,-0.5237418787490222,0.5237418787490222,0.9340497736158585,-0.4833357480863082,-0.5448116995677182,-0.22376668822285872,0.4108403691425631,-0.410840369142563,-0.5174001701746129,0.83141099321054,-0.49616526081956064,0.7605883404680315,-0.7605883404680315,-0.2585739064876405,0.6521063704999376,-0.5553178338692093,-0.2368862763303714,0.6077853116640998,-0.5258533437475079,1
-0.16788437092490754,0.3260796720244622,0.20110732627110126,1.2365498646348736,-0.8093134163665643,-0.3608834747841887,-0.5237418787490222,0.5237418787490222,-1.0706067580626215,-0.4833357480863082,1.8354965592579078,-0.22376668822285872,0.4108403691425631,-0.410840369142563,-0.5174001701746129,0.83141099321054,-0.49616526081956064,0.7605883404680315,-0.7605883404680315,-0.2585739064876405,-1.5334921498057892,1.8007705479804994,-0.2368862763303714,0.6077853116640998,-0.5258533437475079,0
0.9036558748045028,-0.6769854331646402,0.17386244301473572,-2.0564120994900454,-0.8093134163665643,-0.3608834747841887,-0.5237418787490222,0.5237418787490222,0.9340497736158585,-0.4833357480863082,-0.5448116995677182,-0.22376668822285872,0.4108403691425631,-0.410840369142563,-0.5174001701746129,-1.2027745701779144,2.015457507742905,0.7605883404680315,-0.7605883404680315,-0.2585739064876405,0.6521063704999376,-0.5553178338692093,-0.2368862763303714,0.6077853116640998,-0.5258533437475079,0
-1.025116567508436,-0.11972704139291655,0.16478081526261396,1.9903604347357586,-0.8093134163665643,-0.3608834747841887,-0.5237418787490222,0.5237418787490222,-1.0706067580626215,2.068955180657219,-0.5448116995677182,-0.22376668822285872,0.4108403691425631,-0.410840369142563,1.9327399905232316,-1.2027745701779144,-0.49616526081956064,0.7605883404680315,-0.7605883404680315,-0.2585739064876405,-1.5334921498057892,1.8007705479804994,-0.2368862763303714,0.6077853116640998,-0.5258533437475079,0
1.3322719730962669,-0.6769854331646402,-1.8240956624520681,-0.7074879214147773,-1.2812200318837692,-0.3608834747841887,-0.5237418787490222,0.5237418787490222,-1.0706067580626215,-0.4833357480863082,1.8354965592579078,-0.22376668822285872,0.4108403691425631,-0.410840369142563,-0.5174001701746129,-1.2027745701779144,2.015457507742905,0.7605883404680315,-0.7605883404680315,-0.2585739064876405,-1.5334921498057892,1.8007705479804994,-0.2368862763303714,0.6077853116640998,-0.5258533437475079,0
0.47503977651273854,0.43753135037880697,0.09212779324563922,1.0778529025083714,-0.8093134163665643,-0.3608834747841887,-0.5237418787490222,0.5237418787490222,-1.0706067580626215,-0.4833357480863082,1.8354965592579078,-0.22376668822285872,-2.434035394542732,2.434035394542732,1.9327399905232316,-1.2027745701779144,-0.49616526081956064,0.7605883404680315,-0.7605883404680315,-0.2585739064876405,-1.5334921498057892,1.8007705479804994,-0.2368862763303714,0.6077853116640998,-0.5258533437475079,0
0.47503977651273854,1.552048133922254,0.5008010420911219,-0.9852076051361561,0.13449981466784652,-0.3608834747841887,-0.5237418787490222,0.5237418787490222,0.9340497736158585,-0.4833357480863082,-0.5448116995677182,-0.22376668822285872,-2.434035394542732,2.434035394542732,1.9327399905232316,-1.2027745701779144,-0.49616526081956064,-1.314771666608307,1.314771666608307,-0.2585739064876405,-1.5334921498057892,1.8007705479804994,-0.2368862763303714,0.6077853116640998,-0.5258533437475079,1
0.1535777027939155,0.5489830287331516,0.24651546503171043,0.4430650540023631,1.550219661219463,-0.3608834747841887,-0.5237418787490222,0.5237418787490222,0.9340497736158585,-0.4833357480863082,-0.5448116995677182,-0.22376668822285872,0.4108403691425631,-0.410840369142563,-0.5174001701746129,-1.2027745701779144,2.015457507742905,-1.314771666608307,1.314771666608307,-0.2585739064876405,-1.5334921498057892,1.8007705479804994,-0.2368862763303714,0.6077853116640998,-0.5258533437475079,1
0.2607317273668565,-0.6769854331646402,-1.8240956624520681,0.4033908134707376,-0.8093134163665643,-0.3608834747841887,-0.5237418787490222,0.5237418787490222,0.9340497736158585,-0.4833357480863082,-0.5448116995677182,-0.22376668822285872,0.4108403691425631,-0.410840369142563,-0.5174001701746129,-1.2027745701779144,2.015457507742905,0.7605883404680315,-0.7605883404680315,-0.2585739064876405,0.6521063704999376,-0.5553178338692093,-0.2368862763303714,0.6077853116640998,-0.5258533437475079,1
-1.668040714946082,0.7161605462646687,0.827739641167508,-0.31074551609852197,-0.8093134163665643,-0.3608834747841887,-0.5237418787490222,0.5237418787490222,-1.0706067580626215,-0.4833357480863082,1.8354965592579078,-0.22376668822285872,0.4108403691425631,-0.410840369142563,-0.5174001701746129,0.83141099321054,-0.49616526081956064,0.7605883404680315,-0.7605883404680315,-0.2585739064876405,0.6521063704999376,-0.5553178338692093,-0.2368862763303714,0.6077853116640998,-0.5258533437475079,0
-1.4537326658002,-0.11972704139291655,0.12845430425412652,0.006648408154482164,-0.8093134163665643,-0.3608834747841887,-0.5237418787490222,0.5237418787490222,-1.0706067580626215,-0.4833357480863082,1.8354965592579078,-0.22376668822285872,0.4108403691425631,-0.410840369142563,-0.5174001701746129,0.83141099321054,-0.49616526081956064,0.7605883404680315,-0.7605883404680315,-0.2585739064876405,0.6521063704999376,-0.5553178338692093,-0.2368862763303714,0.6077853116640998,-0.5258533437475079,0
-0.38219242007078963,-0.6769854331646402,0.39182150906565977,0.9588301809134951,0.22888113777128763,-0.3608834747841887,1.9093374820217521,-1.9093374820217521,-1.0706067580626215,2.068955180657219,-0.5448116995677182,-0.22376668822285872,0.4108403691425631,-0.410840369142563,-0.5174001701746129,0.83141099321054,-0.49616526081956064,0.7605883404680315,-0.7605883404680315,-0.2585739064876405,-1.5334921498057892,1.8007705479804994,-0.2368862763303714,0.6077853116640998,-0.5258533437475079,0
-1.025116567508436,-0.11972704139291655,0.12845430425412652,-0.11237431344039435,-0.8093134163665643,-0.3608834747841887,-0.5237418787490222,0.5237418787490222,-1.0706067580626215,2.068955180657219,-0.5448116995677182,-0.22376668822285872,0.4108403691425631,-0.410840369142563,-0.5174001701746129,0.83141099321054,-0.49616526081956064,0.7605883404680315,-0.7605883404680315,-0.2585739064876405,0.6521063704999376,-0.5553178338692093,-0.2368862763303714,0.6077853116640998,-0.5258533437475079,0
-0.16788437092490754,-0.6769854331646402,0.08304616549351743,0.4033908134707376,-0.8093134163665643,-0.3608834747841887,1.9093374820217521,-1.9093374820217521,-1.0706067580626215,2.068955180657219,-0.5448116995677182,-0.22376668822285872,0.4108403691425631,-0.410840369142563,-0.5174001701746129,0.83141099321054,-0.49616526081956064,0.7605883404680315,-0.7605883404680315,-0.2585739064876405,0.6521063704999376,-0.5553178338692093,-0.2368862763303714,0.6077853116640998,-0.5258533437475079,0
-2.52527291152961,2.109306525693978,0.32825011480080696,1.2762241051664993,-0.8093134163665643,-0.3608834747841887,1.9093374820217521,-1.9093374820217521,-1.0706067580626215,-0.4833357480863082,-0.5448116995677182,4.468940430507949,0.4108403691425631,-0.410840369142563,-0.5174001701746129,-1.2027745701779144,2.015457507742905,0.7605883404680315,-0.7605883404680315,-0.2585739064876405,0.6521063704999376,-0.5553178338692093,4.221434924348927,-1.6453178133937247,-0.5258533437475079,0
0.9036558748045028,-0.11972704139291655,0.5643724363559747,-1.6199954536421648,0.3232624608747286,1.2542901257743142,1.9093374820217521,-1.9093374820217521,-1.0706067580626215,-0.4833357480863082,1.8354965592579078,-0.22376668822285872,0.4108403691425631,-0.410840369142563,-0.5174001701746129,0.83141099321054,-0.49616526081956064,0.7605883404680315,-0.7605883404680315,-0.2585739064876405,0.6521063704999376,-0.5553178338692093,-0.2368862763303714,-1.6453178133937247,1.901670897200107,1
2.296658194252736,1.552048133922254,0.9912089407057011,-1.0248818456677817,1.0783130457022572,-0.3608834747841887,-0.5237418787490222,0.5237418787490222,0.9340497736158585,-0.4833357480863082,-0.5448116995677182,-0.22376668822285872,-2.434035394542732,2.434035394542732,-0.5174001701746129,0.83141099321054,-0.49616526081956064,-1.314771666608307,1.314771666608307,3.867366253554276,-1.5334921498057892,-0.5553178338692093,-0.2368862763303714,-1.6453178133937247,1.901670897200107,0
-1.882348764091964,-1.1227921465820192,1.2636577732693561,1.8316634726092567,0.13449981466784652,-0.3608834747841887,-0.5237418787490222,0.5237418787490222,-1.0706067580626215,-0.4833357480863082,1.8354965592579078,-0.22376668822285872,0.4108403691425631,-0.410840369142563,-0.5174001701746129,0.83141099321054,-0.49616526081956064,0.7605883404680315,-0.7605883404680315,-0.2585739064876405,0.6521063704999376,-0.5553178338692093,-0.2368862763303714,0.6077853116640998,-0.5258533437475079,0
0.47503977651273854,-0.6769854331646402,-1.8240956624520681,-1.262927288857535,0.6064064301850519,-0.3608834747841887,-0.5237418787490222,0.5237418787490222,0.9340497736158585,-0.4833357480863082,-0.5448116995677182,-0.22376668822285872,0.4108403691425631,-0.410840369142563,1.9327399905232316,-1.2027745701779144,-0.49616526081956064,-1.314771666608307,1.314771666608307,3.867366253554276,-1.5334921498057892,-0.5553178338692093,-0.2368862763303714,-1.6453178133937247,1.901670897200107,1
-0.4893464446437307,-1.7915022167080872,0.4735561588347563,1.4349210672930013,-0.8093134163665643,-0.3608834747841887,-0.5237418787490222,0.5237418787490222,-1.0706067580626215,2.068955180657219,-0.5448116995677182,-0.22376668822285872,0.4108403691425631,-0.410840369142563,-0.5174001701746129,0.83141099321054,-0.49616526081956064,0.7605883404680315,-0.7605883404680315,-0.2585739064876405,0.6521063704999376,-0.5553178338692093,-0.2368862763303714,0.6077853116640998,-0.5258533437475079,0
0.5821938010856796,2.555113239111356,0.6279438306208276,0.28436809187586093,3.1547021539779614,-0.3608834747841887,-0.5237418787490222,0.5237418787490222,-1.0706067580626215,-0.4833357480863082,-0.5448116995677182,4.468940430507949,0.4108403691425631,-0.410840369142563,1.9327399905232316,-1.2027745701779144,-0.49616526081956064,0.7605883404680315,-0.7605883404680315,3.867366253554276,-1.5334921498057892,-0.5553178338692093,-0.2368862763303714,-1.6453178133937247,1.901670897200107,0
-0.06073034635196655,0.43753135037880697,0.019474771228664586,0.6811104971921162,2.1165075998401095,-0.3608834747841887,-0.5237418787490222,0.5237418787490222,0.9340497736158585,-0.4833357480863082,-0.5448116995677182,-0.22376668822285872,-2.434035394542732,2.434035394542732,1.9327399905232316,-1.2027745701779144,-0.49616526081956064,-1.314771666608307,1.314771666608307,3.867366253554276,-1.5334921498057892,-0.5553178338692093,-0.2368862763303714,-1.6453178133937247,1.901670897200107,1
1.65373404681509,0.43753135037880697,0.0648829099892737,0.08599688921773323,1.0783130457022572,-0.3608834747841887,-0.5237418787490222,0.5237418787490222,0.9340497736158585,-0.4833357480863082,-0.5448116995677182,-0.22376668822285872,0.4108403691425631,-0.410840369142563,-0.5174001701746129,-1.2027745701779144,2.015457507742905,-1.314771666608307,1.314771666608307,-0.2585739064876405,0.6521063704999376,-0.5553178338692093,-0.2368862763303714,0.6077853116640998,-0.5258533437475079,1
-0.2750383954978486,-1.2342438249363639,-0.09858638954891923,-0.7074879214147773,-0.8093134163665643,-0.3608834747841887,1.9093374820217521,-1.9093374820217521,-1.0706067580626215,-0.4833357480863082,1.8354965592579078,-0.22376668822285872,0.4108403691425631,-0.410840369142563,-0.5174001701746129,0.83141099321054,-0.49616526081956064,0.7605883404680315,-0.7605883404680315,-0.2585739064876405,0.6521063704999376,-0.5553178338692093,-0.2368862763303714,0.6077853116640998,-0.5258533437475079,0
0.6893478256586207,-0.11972704139291655,-0.13491290055740657,0.08599688921773323,-0.3374068008493588,-0.3608834747841887,-0.5237418787490222,0.5237418787490222,0.9340497736158585,-0.4833357480863082,-0.5448116995677182,-0.22376668822285872,-2.434035394542732,2.434035394542732,-0.5174001701746129,-1.2027745701779144,2.015457507742905,-1.314771666608307,1.314771666608307,-0.2585739064876405,0.6521063704999376,-0.5553178338692093,-0.2368862763303714,0.6077853116640998,-0.5258533437475079,1
0.6893478256586207,-0.11972704139291655,0.4735561588347563,0.24469385134423535,0.5120251070816108,1.2542901257743142,-0.5237418787490222,0.5237418787490222,0.9340497736158585,-0.4833357480863082,-0.5448116995677182,-0.22376668822285872,0.4108403691425631,-0.410840369142563,-0.5174001701746129,0.83141099321054,-0.49616526081956064,-1.314771666608307,1.314771666608307,-0.2585739064876405,-1.5334921498057892,1.8007705479804994,-0.2368862763303714,-1.6453178133937247,1.901670897200107,1
1.4394259976692079,-0.6769854331646402,0.2555970927838323,-0.3504197566301475,1.644600984322904,2.8694637263328175,-0.5237418787490222,0.5237418787490222,0.9340497736158585,-0.4833357480863082,-0.5448116995677182,-0.22376668822285872,0.4108403691425631,-0.410840369142563,1.9327399905232316,-1.2027745701779144,-0.49616526081956064,-1.314771666608307,1.314771666608307,-0.2585739064876405,0.6521063704999376,-0.5553178338692093,-0.2368862763303714,-1.6453178133937247,1.901670897200107,1
-1.3465786412272591,0.9947897421505305,-0.2711373168392341,-0.3900939971617731,0.6064064301850519,-0.3608834747841887,-0.5237418787490222,0.5237418787490222,0.9340497736158585,-0.4833357480863082,-0.5448116995677182,-0.22376668822285872,0.4108403691425631,-0.410840369142563,-0.5174001701746129,0.83141099321054,-0.49616526081956064,-1.314771666608307,1.314771666608307,-0.2585739064876405,0.6521063704999376,-0.5553178338692093,-0.2368862763303714,0.6077853116640998,-0.5258533437475079,0
-1.132270592081377,-0.6769854331646402,0.12845430425412652,1.474595307824627,-0.8093134163665643,-0.3608834747841887,1.9093374820217521,-1.9093374820217521,-1.0706067580626215,2.068955180657219,-0.5448116995677182,-0.22376668822285872,0.4108403691425631,-0.410840369142563,-0.5174001701746129,-1.2027745701779144,2.015457507742905,0.7605883404680315,-0.7605883404680315,-0.2585739064876405,0.6521063704999376,-0.5553178338692093,-0.2368862763303714,0.6077853116640998,-0.5258533437475079,0
0.1535777027939155,-0.6769854331646402,-1.8240956624520681,-0.5091167187566498,1.550219661219463,-0.3608834747841887,-0.5237418787490222,0.5237418787490222,-1.0706067580626215,-0.4833357480863082,1.8354965592579078,-0.22376668822285872,0.4108403691425631,-0.410840369142563,-0.5174001701746129,-1.2027745701779144,2.015457507742905,-1.314771666608307,1.314771666608307,-0.2585739064876405,0.6521063704999376,-0.5553178338692093,-0.2368862763303714,-1.6453178133937247,1.901670897200107,1
1.225117948523326,-0.11972704139291655,0.6733519693814367,-0.905859124072905,0.13449981466784652,-0.3608834747841887,-0.5237418787490222,0.5237418787490222,0.9340497736158585,-0.4833357480863082,-0.5448116995677182,-0.22376668822285872,0.4108403691425631,-0.410840369142563,-0.5174001701746129,-1.2027745701779144,2.015457507742905,-1.314771666608307,1.314771666608307,-0.2585739064876405,0.6521063704999376,-0.5553178338692093,-0.2368862763303714,0.6077853116640998,-0.5258533437475079,1
-0.8108085183625539,-0.11972704139291655,0.33733174255292875,-1.8977151373635437,-0.8093134163665643,-0.3608834747841887,1.9093374820217521,-1.9093374820217521,0.9340497736158585,-0.4833357480863082,-0.5448116995677182,-0.22376668822285872,0.4108403691425631,-0.410840369142563,-0.5174001701746129,0.83141099321054,-0.49616526081956064,0.7605883404680315,-0.7605883404680315,-0.2585739064876405,0.6521063704999376,-0.5553178338692093,-0.2368862763303714,0.6077853116640998,-0.5258533437475079,0
-0.2750383954978486,1.552048133922254,-0.06225987854043192,1.2762241051664993,-0.8093134163665643,-0.3608834747841887,1.9093374820217521,-1.9093374820217521,-1.0706067580626215,2.068955180657219,-0.5448116995677182,-0.22376668822285872,0.4108403691425631,-0.410840369142563,-0.5174001701746129,0.83141099321054,-0.49616526081956064,0.7605883404680315,-0.7605883404680315,-0.2585739064876405,0.6521063704999376,-0.5553178338692093,-0.2368862763303714,0.6077853116640998,-0.5258533437475079,0
0.2607317273668565,0.10317631531577283,1.890290088165763,0.48273929453398856,0.9839317225988162,2.8694637263328175,1.9093374820217521,-1.9093374820217521,0.9340497736158585,-0.4833357480863082,-0.5448116995677182,-0.22376668822285872,0.4108403691425631,-0.410840369142563,1.9327399905232316,-1.2027745701779144,-0.49616526081956064,-1.314771666608307,1.314771666608307,-0.2585739064876405,0.6521063704999376,-0.5553178338692093,-0.2368862763303714,-1.6453178133937247,1.901670897200107,1
1.65373404681509,-0.5655337548102956,0.13753593200624842,-2.135760580553297,-0.8093134163665643,-0.3608834747841887,-0.5237418787490222,0.5237418787490222,0.9340497736158585,-0.4833357480863082,-0.5448116995677182,-0.22376668822285872,-2.434035394542732,2.434035394542732,1.9327399905232316,-1.2027745701779144,-0.49616526081956064,-1.314771666608307,1.314771666608307,-0.2585739064876405,0.6521063704999376,-0.5553178338692093,-0.2368862763303714,-1.6453178133937247,1.901670897200107,1
-0.16788437092490754,-2.070131412593949,-1.8240956624520681,-2.215109061616548,-0.3374068008493588,-0.3608834747841887,-0.5237418787490222,0.5237418787490222,0.9340497736158585,-0.4833357480863082,-0.5448116995677182,-0.22376668822285872,0.4108403691425631,-0.410840369142563,-0.5174001701746129,0.83141099321054,-0.49616526081956064,-1.314771666608307,1.314771666608307,-0.2585739064876405,0.6521063704999376,-0.5553178338692093,-0.2368862763303714,0.6077853116640998,-0.5258533437475079,1
-0.16788437092490754,1.552048133922254,1.1819231235002594,-1.7390181752370413,1.550219661219463,-0.3608834747841887,-0.5237418787490222,0.5237418787490222,0.9340497736158585,-0.4833357480863082,-0.5448116995677182,-0.22376668822285872,0.4108403691425631,-0.410840369142563,-0.5174001701746129,0.83141099321054,-0.49616526081956064,-1.314771666608307,1.314771666608307,-0.2585739064876405,0.6521063704999376,-0.5553178338692093,-0.2368862763303714,0.6077853116640998,-0.5258533437475079,1
0.47503977651273854,-0.11972704139291655,-0.03501499528406639,-0.2710712755668964,-0.24302547774591776,-0.3608834747841887,1.9093374820217521,-1.9093374820217521,0.9340497736158585,-0.4833357480863082,-0.5448116995677182,-0.22376668822285872,0.4108403691425631,-0.410840369142563,-0.5174001701746129,0.83141099321054,-0.49616526081956064,0.7605883404680315,-0.7605883404680315,-0.2585739064876405,0.6521063704999376,-0.5553178338692093,-0.2368862763303714,0.6077853116640998,-0.5258533437475079,0
-0.38219242007078963,-0.6769854331646402,-0.2983822000955997,0.879481699850244,-0.8093134163665643,-0.3608834747841887,-0.5237418787490222,0.5237418787490222,-1.0706067580626215,2.068955180657219,-0.5448116995677182,-0.22376668822285872,0.4108403691425631,-0.410840369142563,-0.5174001701746129,0.83141099321054,-0.49616526081956064,0.7605883404680315,-0.7605883404680315,-0.2585739064876405,0.6521063704999376,-0.5553178338692093,-0.2368862763303714,0.6077853116640998,-0.5258533437475079,0
2.082350145106854,1.552048133922254,-1.8240956624520681,-0.6678136808831519,-0.8093134163665643,-0.3608834747841887,1.9093374820217521,-1.9093374820217521,-1.0706067580626215,-0.4833357480863082,1.8354965592579078,-0.22376668822285872,0.4108403691425631,-0.410840369142563,-0.5174001701746129,-1.2027745701779144,2.015457507742905,0.7605883404680315,-0.7605883404680315,-0.2585739064876405,-1.5334921498057892,1.8007705479804994,-0.2368862763303714,0.6077853116640998,-0.5258533437475079,1
-1.132270592081377,-0.955614629050502,-1.8240956624520681,0.28436809187586093,1.0783130457022572,-0.3608834747841887,-0.5237418787490222,0.5237418787490222,0.9340497736158585,-0.4833357480863082,-0.5448116995677182,-0.22376668822285872,0.4108403691425631,-0.410840369142563,-0.5174001701746129,0.83141099321054,-0.49616526081956064,-1.314771666608307,1.314771666608307,-0.2585739064876405,0.6521063704999376,-0.5553178338692093,-0.2368862763303714,-1.6453178133937247,1.901670897200107,1
1.117963923950385,0.10317631531577283,0.655188713877193,-1.421624250984037,2.965939507771079,-0.3608834747841887,-0.5237418787490222,0.5237418787490222,0.9340497736158585,-0.4833357480863082,-0.5448116995677182,-0.22376668822285872,0.4108403691425631,-0.410840369142563,-0.5174001701746129,0.83141099321054,-0.49616526081956064,-1.314771666608307,1.314771666608307,3.867366253554276,-1.5334921498057892,-0.5553178338692093,-0.2368862763303714,0.6077853116640998,-0.5258533437475079,1
1.65373404681509,-0.11972704139291655,0.08304616549351743,0.08599688921773323,-0.3374068008493588,-0.3608834747841887,-0.5237418787490222,0.5237418787490222,0.9340497736158585,-0.4833357480863082,-0.5448116995677182,-0.22376668822285872,-2.434035394542732,2.434035394542732,-0.5174001701746129,-1.2027745701779144,2.015457507742905,0.7605883404680315,-0.7605883404680315,-0.2585739064876405,0.6521063704999376,-0.5553178338692093,-0.2368862763303714,0.6077853116640998,-0.5258533437475079,1
0.9036558748045028,-0.955614629050502,-1.8240956624520681,-2.6118514669328032,-1.2812200318837692,-0.3608834747841887,-0.5237418787490222,0.5237418787490222,0.9340497736158585,-0.4833357480863082,-0.5448116995677182,-0.22376668822285872,0.4108403691425631,-0.410840369142563,-0.5174001701746129,0.83141099321054,-0.49616526081956064,-1.314771666608307,1.314771666608307,-0.2585739064876405,0.6521063704999376,-0.5553178338692093,-0.2368862763303714,0.6077853116640998,-0.5258533437475079,1
-1.7751947395190233,-0.6769854331646402,0.12845430425412652,1.2762241051664993,-0.8093134163665643,-0.3608834747841887,1.9093374820217521,-1.9093374820217521,-1.0706067580626215,-0.4833357480863082,1.8354965592579078,-0.22376668822285872,0.4108403691425631,-0.410840369142563,-0.5174001701746129,0.83141099321054,-0.49616526081956064,0.7605883404680315,-0.7605883404680315,-0.2585739064876405,-1.5334921498057892,1.8007705479804994,-0.2368862763303714,0.6077853116640998,-0.5258533437475079,0
-2.3109648623837282,-1.2342438249363639,0.21927058177534492,1.8316634726092567,-0.8093134163665643,-0.3608834747841887,-0.5237418787490222,0.5237418787490222,-1.0706067580626215,2.068955180657219,-0.5448116995677182,-0.22376668822285872,0.4108403691425631,-0.410840369142563,-0.5174001701746129,0.83141099321054,-0.49616526081956064,0.7605883404680315,-0.7605883404680315,-0.2585739064876405,0.6521063704999376,-0.5553178338692093,-0.2368862763303714,0.6077853116640998,-0.5258533437475079,0
-0.5965004692166718,0.9947897421505305,0.23743383727958858,-0.31074551609852197,0.13449981466784652,-0.3608834747841887,1.9093374820217521,-1.9093374820217521,0.9340497736158585,-0.4833357480863082,-0.5448116995677182,-0.22376668822285872,0.4108403691425631,-0.410840369142563,-0.5174001701746129,0.83141099321054,-0.49616526081956064,-1.314771666608307,1.314771666608307,-0.2585739064876405,0.6521063704999376,-0.5553178338692093,-0.2368862763303714,0.6077853116640998,-0.5258533437475079,0
-0.06073034635196655,0.7161605462646687,2.8801875131470425,-0.31074551609852197,-0.8093134163665643,-0.3608834747841887,-0.5237418787490222,0.5237418787490222,-1.0706067580626215,-0.4833357480863082,1.8354965592579078,-0.22376668822285872,0.4108403691425631,-0.410840369142563,-0.5174001701746129,0.83141099321054,-0.49616526081956064,0.7605883404680315,-0.7605883404680315,-0.2585739064876405,0.6521063704999376,-0.5553178338692093,-0.2368862763303714,0.6077853116640998,-0.5258533437475079,1
-0.2750383954978486,0.43753135037880697,0.8822294076802389,-0.6281394403515264,3.1547021539779614,4.4846373268913196,-0.5237418787490222,0.5237418787490222,0.9340497736158585,-0.4833357480863082,-0.5448116995677182,-0.22376668822285872,0.4108403691425631,-0.410840369142563,-0.5174001701746129,0.83141099321054,-0.49616526081956064,-1.314771666608307,1.314771666608307,-0.2585739064876405,0.6521063704999376,-0.5553178338692093,-0.2368862763303714,-1.6453178133937247,1.901670897200107,1
0.5821938010856796,0.9947897421505305,0.10120942099776109,0.7604589782553673,0.7007877532884931,-0.3608834747841887,-0.5237418787490222,0.5237418787490222,-1.0706067580626215,-0.4833357480863082,1.8354965592579078,-0.22376668822285872,-2.434035394542732,2.434035394542732,-0.5174001701746129,0.83141099321054,-0.49616526081956064,0.7605883404680315,-0.7605883404680315,-0.2585739064876405,-1.5334921498057892,1.8007705479804994,-0.2368862763303714,0.6077853116640998,-0.5258533437475079,0
1.9751961205339128,-0.6769854331646402,0.11937267650200474,-1.421624250984037,0.13449981466784652,-0.3608834747841887,-0.5237418787490222,0.5237418787490222,-1.0706067580626215,-0.4833357480863082,1.8354965592579078,-0.22376668822285872,0.4108403691425631,-0.410840369142563,-0.5174001701746129,0.83141099321054,-0.49616526081956064,-1.314771666608307,1.314771666608307,-0.2585739064876405,0.6521063704999376,-0.5553178338692093,-0.2368862763303714,0.6077853116640998,-0.5258533437475079,1
1.0108098993774437,0.9947897421505305,-1.8240956624520681,0.6414362566604908,2.682795538460756,-0.3608834747841887,-0.5237418787490222,0.5237418787490222,0.9340497736158585,-0.4833357480863082,-0.5448116995677182,-0.22376668822285872,0.4108403691425631,-0.410840369142563,-0.5174001701746129,-1.2027745701779144,2.015457507742905,0.7605883404680315,-0.7605883404680315,-0.2585739064876405,-1.5334921498057892,1.8007705479804994,-0.2368862763303714,0.6077853116640998,-0.5258533437475079,1
0.2607317273668565,-0.11972704139291655,0.16478081526261396,1.0381786619767457,-0.8093134163665643,-0.3608834747841887,1.9093374820217521,-1.9093374820217521,-1.0706067580626215,-0.4833357480863082,1.8354965592579078,-0.22376668822285872,0.4108403691425631,-0.410840369142563,-0.5174001701746129,-1.2027745701779144,2.015457507742905,0.7605883404680315,-0.7605883404680315,-0.2585739064876405,0.6521063704999376,-0.5553178338692093,-0.2368862763303714,-1.6453178133937247,1.901670897200107,0
0.5821938010856796,2.109306525693978,0.7914131301590205,0.8398074593186184,-0.6205507701596821,-0.3608834747841887,-0.5237418787490222,0.5237418787490222,-1.0706067580626215,-0.4833357480863082,-0.5448116995677182,4.468940430507949,0.4108403691425631,-0.410840369142563,1.9327399905232316,-1.2027745701779144,-0.49616526081956064,0.7605883404680315,-0.7605883404680315,-0.2585739064876405,0.6521063704999376,-0.5553178338692093,-0.2368862763303714,-1.6453178133937247,1.901670897200107,1
-0.4893464446437307,-0.45408207645595067,0.001311515724420834,1.0381786619767457,-0.8093134163665643,-0.3608834747841887,1.9093374820217521,-1.9093374820217521,-1.0706067580626215,2.068955180657219,-0.5448116995677182,-0.22376668822285872,0.4108403691425631,-0.410840369142563,-0.5174001701746129,0.83141099321054,-0.49616526081956064,0.7605883404680315,-0.7605883404680315,-0.2585739064876405,0.6521063704999376,-0.5553178338692093,-0.2368862763303714,0.6077853116640998,-0.5258533437475079,0
0.1535777027939155,-0.5655337548102956,1.0820252182269194,0.6811104971921162,-0.8093134163665643,-0.3608834747841887,1.9093374820217521,-1.9093374820217521,-1.0706067580626215,2.068955180657219,-0.5448116995677182,-0.22376668822285872,0.4108403691425631,-0.410840369142563,-0.5174001701746129,0.83141099321054,-0.49616526081956064,0.7605883404680315,-0.7605883404680315,-0.2585739064876405,0.6521063704999376,-0.5553178338692093,-0.2368862763303714,0.6077853116640998,-0.5258533437475079,0
-0.4893464446437307,0.43753135037880697,0.20110732627110126,-0.31074551609852197,-0.8093134163665643,-0.3608834747841887,-0.5237418787490222,0.5237418787490222,0.9340497736158585,-0.4833357480863082,-0.5448116995677182,-0.22376668822285872,0.4108403691425631,-0.410840369142563,-0.5174001701746129,0.83141099321054,-0.49616526081956064,0.7605883404680315,-0.7605883404680315,-0.2585739064876405,0.6521063704999376,-0.5553178338692093,-0.2368862763303714,0.6077853116640998,-0.5258533437475079,0
-0.8108085183625539,2.6665649174657013,0.7187601081420458,-0.7074879214147773,-0.8093134163665643,-0.3608834747841887,-0.5237418787490222,0.5237418787490222,0.9340497736158585,-0.4833357480863082,-0.5448116995677182,-0.22376668822285872,0.4108403691425631,-0.410840369142563,-0.5174001701746129,-1.2027745701779144,2.015457507742905,0.7605883404680315,-0.7605883404680315,-0.2585739064876405,0.6521063704999376,-0.5553178338692093,-0.2368862763303714,0.6077853116640998,-0.5258533437475079,0
0.47503977651273854,-0.6769854331646402,0.7550866191505332,0.879481699850244,0.8895503994953752,-0.3608834747841887,-0.5237418787490222,0.5237418787490222,-1.0706067580626215,2.068955180657219,-0.5448116995677182,-0.22376668822285872,0.4108403691425631,-0.410840369142563,1.9327399905232316,-1.2027745701779144,-0.49616526081956064,0.7605883404680315,-0.7605883404680315,-0.2585739064876405,0.6521063704999376,-0.5553178338692093,-0.2368862763303714,0.6077853116640998,-0.5258533437475079,1
-0.16788437092490754,-0.11972704139291655,0.8822294076802389,-1.104230326731033,0.13449981466784652,-0.3608834747841887,-0.5237418787490222,0.5237418787490222,0.9340497736158585,-0.4833357480863082,-0.5448116995677182,-0.22376668822285872,0.4108403691425631,-0.410840369142563,-0.5174001701746129,0.83141099321054,-0.49616526081956064,-1.314771666608307,1.314771666608307,-0.2585739064876405,0.6521063704999376,-0.5553178338692093,-0.2368862763303714,0.6077853116640998,-0.5258533437475079,1
1.760888071388031,0.7161605462646687,-0.24389243358286858,-0.5091167187566498,1.644600984322904,-0.3608834747841887,-0.5237418787490222,0.5237418787490222,0.9340497736158585,-0.4833357480863082,-0.5448116995677182,-0.22376668822285872,0.4108403691425631,-0.410840369142563,-0.5174001701746129,0.83141099321054,-0.49616526081956064,-1.314771666608307,1.314771666608307,3.867366253554276,-1.5334921498057892,-0.5553178338692093,-0.2368862763303714,-1.6453178133937247,1.901670897200107,1
-0.16788437092490754,2.2207582040483222,-0.016851739779822725,0.9588301809134951,-0.3374068008493588,-0.3608834747841887,-0.5237418787490222,0.5237418787490222,-1.0706067580626215,-0.4833357480863082,1.8354965592579078,-0.22376668822285872,-2.434035394542732,2.434035394542732,-0.5174001701746129,0.83141099321054,-0.49616526081956064,0.7605883404680315,-0.7605883404680315,-0.2585739064876405,-1.5334921498057892,1.8007705479804994,-0.2368862763303714,-1.6453178133937247,1.901670897200107,0
0.5821938010856796,-0.3983562372787783,-1.8240956624520681,-0.7471621619464028,0.04011849156440542,-0.3608834747841887,-0.5237418787490222,0.5237418787490222,0.9340497736158585,-0.4833357480863082,-0.5448116995677182,-0.22376668822285872,0.4108403691425631,-0.410840369142563,-0.5174001701746129,0.83141099321054,-0.49616526081956064,-1.314771666608307,1.314771666608307,-0.2585739064876405,-1.5334921498057892,1.8007705479804994,-0.2368862763303714,0.6077853116640998,-0.5258533437475079,1
-0.8108085183625539,-0.6769854331646402,0.6915152248856804,-0.5091167187566498,0.13449981466784652,-0.3608834747841887,-0.5237418787490222,0.5237418787490222,0.9340497736158585,-0.4833357480863082,-0.5448116995677182,-0.22376668822285872,0.4108403691425631,-0.410840369142563,-0.5174001701746129,0.83141099321054,-0.49616526081956064,-1.314771666608307,1.314771666608307,-0.2585739064876405,0.6521063704999376,-0.5553178338692093,-0.2368862763303714,0.6077853116640998,-0.5258533437475079,1
-1.560886690373141,-2.1258572517711216,-0.016851739779822725,1.633292269951129,-0.8093134163665643,-0.3608834747841887,1.9093374820217521,-1.9093374820217521,-1.0706067580626215,-0.4833357480863082,1.8354965592579078,-0.22376668822285872,0.4108403691425631,-0.410840369142563,-0.5174001701746129,0.83141099321054,-0.49616526081956064,0.7605883404680315,-0.7605883404680315,-0.2585739064876405,-1.5334921498057892,1.8007705479804994,-0.2368862763303714,0.6077853116640998,-0.5258533437475079,0
-0.38219242007078963,0.43753135037880697,0.29192360379231963,0.9985044214451204,-0.24302547774591776,1.2542901257743142,-0.5237418787490222,0.5237418787490222,-1.0706067580626215,-0.4833357480863082,1.8354965592579078,-0.22376668822285872,0.4108403691425631,-0.410840369142563,-0.5174001701746129,0.83141099321054,-0.49616526081956064,0.7605883404680315,-0.7605883404680315,-0.2585739064876405,0.6521063704999376,-0.5553178338692093,-0.2368862763303714,-1.6453178133937247,1.901670897200107,1
-0.06073034635196655,0.43753135037880697,1.0820252182269194,0.9588301809134951,-0.8093134163665643,-0.3608834747841887,-0.5237418787490222,0.5237418787490222,-1.0706067580626215,2.068955180657219,-0.5448116995677182,-0.22376668822285872,0.4108403691425631,-0.410840369142563,-0.5174001701746129,0.83141099321054,-0.49616526081956064,0.7605883404680315,-0.7605883404680315,-0.2585739064876405,0.6521063704999376,-0.5553178338692093,-0.2368862763303714,0.6077853116640998,-0.5258533437475079,0
-1.668040714946082,-0.955614629050502,-1.8240956624520681,-0.3900939971617731,-0.8093134163665643,-0.3608834747841887,-0.5237418787490222,0.5237418787490222,-1.0706067580626215,-0.4833357480863082,1.8354965592579078,-0.22376668822285872,0.4108403691425631,-0.410840369142563,-0.5174001701746129,0.83141099321054,-0.49616526081956064,-1.314771666608307,1.314771666608307,-0.2585739064876405,0.6521063704999376,-0.5553178338692093,-0.2368862763303714,-1.6453178133937247,1.901670897200107,1
0.1535777027939155,-0.6769854331646402,0.5008010420911219,-0.03302583237714327,-0.8093134163665643,-0.3608834747841887,-0.5237418787490222,0.5237418787490222,-1.0706067580626215,2.068955180657219,-0.5448116995677182,-0.22376668822285872,-2.434035394542732,2.434035394542732,-0.5174001701746129,0.83141099321054,-0.49616526081956064,0.7605883404680315,-0.7605883404680315,-0.2585739064876405,0.6521063704999376,-0.5553178338692093,-0.2368862763303714,-1.6453178133937247,1.901670897200107,0
1.3322719730962669,0.43753135037880697,0.20110732627110126,-1.7390181752370413,0.13449981466784652,-0.3608834747841887,-0.5237418787490222,0.5237418787490222,0.9340497736158585,-0.4833357480863082,-0.5448116995677182,-0.22376668822285872,0.4108403691425631,-0.410840369142563,-0.5174001701746129,0.83141099321054,-0.49616526081956064,-1.314771666608307,1.314771666608307,-0.2585739064876405,0.6521063704999376,-0.5553178338692093,-0.2368862763303714,0.6077853116640998,-0.5258533437475079,1
0.046423678220974374,-0.5655337548102956,0.7732498746547769,-0.8661848835412794,2.2108889229435507,2.8694637263328175,-0.5237418787490222,0.5237418787490222,0.9340497736158585,-0.4833357480863082,-0.5448116995677182,-0.22376668822285872,0.4108403691425631,-0.410840369142563,1.9327399905232316,-1.2027745701779144,-0.49616526081956064,-1.314771666608307,1.314771666608307,-0.2585739064876405,0.6521063704999376,-0.5553178338692093,-0.2368862763303714,0.6077853116640998,-0.5258533437475079,1
0.9036558748045028,-0.6769854331646402,0.600698947364462,-1.5406469725789136,0.8895503994953752,2.8694637263328175,-0.5237418787490222,0.5237418787490222,0.9340497736158585,-0.4833357480863082,-0.5448116995677182,-0.22376668822285872,0.4108403691425631,-0.410840369142563,-0.5174001701746129,0.83141099321054,-0.49616526081956064,-1.314771666608307,1.314771666608307,-0.2585739064876405,0.6521063704999376,-0.5553178338692093,-0.2368862763303714,-1.6453178133937247,1.901670897200107,1
-1.668040714946082,-1.7915022167080872,-1.8240956624520681,1.633292269951129,-1.8475079705044162,-0.3608834747841887,-0.5237418787490222,0.5237418787490222,-1.0706067580626215,-0.4833357480863082,1.8354965592579078,-0.22376668822285872,0.4108403691425631,-0.410840369142563,-0.5174001701746129,0.83141099321054,-0.49616526081956064,0.7605883404680315,-0.7605883404680315,-0.2585739064876405,-1.5334921498057892,1.8007705479804994,-0.2368862763303714,0.6077853116640998,-0.5258533437475079,0
1.0108098993774437,-0.34263039810160606,-1.8240956624520681,-0.7074879214147773,0.6064064301850519,-0.3608834747841887,-0.5237418787490222,0.5237418787490222,0.9340497736158585,-0.4833357480863082,-0.5448116995677182,-0.22376668822285872,0.4108403691425631,-0.410840369142563,-0.5174001701746129,-1.2027745701779144,2.015457507742905,0.7605883404680315,-0.7605883404680315,3.867366253554276,-1.5334921498057892,-0.5553178338692093,-0.2368862763303714,0.6077853116640998,-0.5258533437475079,0
-1.132270592081377,-1.2342438249363639,0.09212779324563922,0.9191559403818694,-0.8093134163665643,-0.3608834747841887,-0.5237418787490222,0.5237418787490222,0.9340497736158585,-0.4833357480863082,-0.5448116995677182,-0.22376668822285872,0.4108403691425631,-0.410840369142563,-0.5174001701746129,0.83141099321054,-0.49616526081956064,0.7605883404680315,-0.7605883404680315,-0.2585739064876405,-1.5334921498057892,1.8007705479804994,-0.2368862763303714,-1.6453178133937247,1.901670897200107,0
1.5465800222421486,-0.11972704139291655,-0.18032103931801574,0.08599688921773323,-0.3374068008493588,-0.3608834747841887,-0.5237418787490222,0.5237418787490222,-1.0706067580626215,-0.4833357480863082,-0.5448116995677182,4.468940430507949,-2.434035394542732,2.434035394542732,-0.5174001701746129,-1.2027745701779144,2.015457507742905,0.7605883404680315,-0.7605883404680315,-0.2585739064876405,0.6521063704999376,-0.5553178338692093,-0.2368862763303714,0.6077853116640998,-0.5258533437475079,0
-0.2750383954978486,-1.7915022167080872,0.19202569851897938,0.20501961081260983,0.3232624608747286,-0.3608834747841887,-0.5237418787490222,0.5237418787490222,-1.0706067580626215,-0.4833357480863082,1.8354965592579078,-0.22376668822285872,0.4108403691425631,-0.410840369142563,-0.5174001701746129,0.83141099321054,-0.49616526081956064,-1.314771666608307,1.314771666608307,-0.2585739064876405,0.6521063704999376,-0.5553178338692093,-0.2368862763303714,0.6077853116640998,-0.5258533437475079,0
-1.132270592081377,-0.5655337548102956,0.11029104874988287,1.0778529025083714,-0.6205507701596821,-0.3608834747841887,1.9093374820217521,-1.9093374820217521,-1.0706067580626215,-0.4833357480863082,1.8354965592579078,-0.22376668822285872,0.4108403691425631,-0.410840369142563,-0.5174001701746129,0.83141099321054,-0.49616526081956064,0.7605883404680315,-0.7605883404680315,-0.2585739064876405,0.6521063704999376,-0.5553178338692093,-0.2368862763303714,0.6077853116640998,-0.5258533437475079,0
0.47503977651273854,-0.11972704139291655,0.019474771228664586,0.08599688921773323,-0.3374068008493588,-0.3608834747841887,-0.5237418787490222,0.5237418787490222,0.9340497736158585,-0.4833357480863082,-0.5448116995677182,-0.22376668822285872,-2.434035394542732,2.434035394542732,-0.5174001701746129,0.83141099321054,-0.49616526081956064,0.7605883404680315,-0.7605883404680315,-0.2585739064876405,0.6521063704999376,-0.5553178338692093,-0.2368862763303714,0.6077853116640998,-0.5258533437475079,1
-0.38219242007078963,0.9947897421505305,0.38273988131353803,-0.3900939971617731,1.644600984322904,-0.3608834747841887,-0.5237418787490222,0.5237418787490222,0.9340497736158585,-0.4833357480863082,-0.5448116995677182,-0.22376668822285872,0.4108403691425631,-0.410840369142563,1.9327399905232316,-1.2027745701779144,-0.49616526081956064,0.7605883404680315,-0.7605883404680315,-0.2585739064876405,0.6521063704999376,-0.5553178338692093,-0.2368862763303714,-1.6453178133937247,1.901670897200107,1
0.7965018502315617,0.5489830287331516,-0.007770112027700946,-1.5009727320472883,0.6064064301850519,-0.3608834747841887,-0.5237418787490222,0.5237418787490222,-1.0706067580626215,-0.4833357480863082,-0.5448116995677182,4.468940430507949,-2.434035394542732,2.434035394542732,-0.5174001701746129,-1.2027745701779144,2.015457507742905,0.7605883404680315,-0.7605883404680315,3.867366253554276,-1.5334921498057892,-0.5553178338692093,-0.2368862763303714,0.6077853116640998,-0.5258533437475079,1
0.7965018502315617,-0.6769854331646402,1.2364128900129907,-1.580321213110539,-0.8093134163665643,-0.3608834747841887,-0.5237418787490222,0.5237418787490222,-1.0706067580626215,-0.4833357480863082,1.8354965592579078,-0.22376668822285872,0.4108403691425631,-0.410840369142563,-0.5174001701746129,0.83141099321054,-0.49616526081956064,-1.314771666608307,1.314771666608307,-0.2585739064876405,0.6521063704999376,-0.5553178338692093,-0.2368862763303714,0.6077853116640998,-0.5258533437475079,1
-1.4537326658002,-1.4571471816450534,0.3554949980571724,-2.2944575426797984,-0.8093134163665643,-0.3608834747841887,-0.5237418787490222,0.5237418787490222,-1.0706067580626215,-0.4833357480863082,1.8354965592579078,-0.22376668822285872,0.4108403691425631,-0.410840369142563,-0.5174001701746129,0.83141099321054,-0.49616526081956064,-1.314771666608307,1.314771666608307,-0.2585739064876405,0.6521063704999376,-0.5553178338692093,-0.2368862763303714,-1.6453178133937247,1.901670897200107,0
-0.5965004692166718,-0.11972704139291655,0.6733519693814367,0.0463226486861077,-0.6205507701596821,-0.3608834747841887,1.9093374820217521,-1.9093374820217521,-1.0706067580626215,-0.4833357480863082,1.8354965592579078,-0.22376668822285872,0.4108403691425631,-0.410840369142563,-0.5174001701746129,0.83141099321054,-0.49616526081956064,0.7605883404680315,-0.7605883404680315,-0.2585739064876405,-1.5334921498057892,1.8007705479804994,-0.2368862763303714,0.6077853116640998,-0.5258533437475079,0
1.225117948523326,1.552048133922254,1.4452903283117926,0.5224135350656142,-0.05426283153903558,-0.3608834747841887,1.9093374820217521,-1.9093374820217521,-1.0706067580626215,-0.4833357480863082,1.8354965592579078,-0.22376668822285872,0.4108403691425631,-0.410840369142563,1.9327399905232316,-1.2027745701779144,-0.49616526081956064,0.7605883404680315,-0.7605883404680315,-0.2585739064876405,-1.5334921498057892,1.8007705479804994,-0.2368862763303714,0.6077853116640998,-0.5258533437475079,0
0.1535777027939155,-0.11972704139291655,1.7540656718839351,0.48273929453398856,-0.8093134163665643,-0.3608834747841887,1.9093374820217521,-1.9093374820217521,-1.0706067580626215,2.068955180657219,-0.5448116995677182,-0.22376668822285872,0.4108403691425631,-0.410840369142563,1.9327399905232316,-1.2027745701779144,-0.49616526081956064,0.7605883404680315,-0.7605883404680315,-0.2585739064876405,0.6521063704999376,-0.5553178338692093,-0.2368862763303714,0.6077853116640998,-0.5258533437475079,0
0.2607317273668565,3.7810817010091484,0.7914131301590205,-0.1917227945036454,2.965939507771079,2.8694637263328175,1.9093374820217521,-1.9093374820217521,0.9340497736158585,-0.4833357480863082,-0.5448116995677182,-0.22376668822285872,-2.434035394542732,2.434035394542732,1.9327399905232316,-1.2027745701779144,-0.49616526081956064,-1.314771666608307,1.314771666608307,3.867366253554276,-1.5334921498057892,-0.5553178338692093,-0.2368862763303714,-1.6453178133937247,1.901670897200107,1
0.7965018502315617,-0.11972704139291655,0.827739641167508,0.08599688921773323,-0.3374068008493588,-0.3608834747841887,-0.5237418787490222,0.5237418787490222,0.9340497736158585,-0.4833357480863082,-0.5448116995677182,-0.22376668822285872,0.4108403691425631,-0.410840369142563,-0.5174001701746129,-1.2027745701779144,2.015457507742905,0.7605883404680315,-0.7605883404680315,-0.2585739064876405,0.6521063704999376,-0.5553178338692093,-0.2368862763303714,0.6077853116640998,-0.5258533437475079,1
-0.7036544937896128,-0.11972704139291655,0.20110732627110126,0.28436809187586093,1.0783130457022572,-0.3608834747841887,1.9093374820217521,-1.9093374820217521,-1.0706067580626215,-0.4833357480863082,1.8354965592579078,-0.22376668822285872,0.4108403691425631,-0.410840369142563,-0.5174001701746129,0.83141099321054,-0.49616526081956064,0.7605883404680315,-0.7605883404680315,-0.2585739064876405,0.6521063704999376,-0.5553178338692093,-0.2368862763303714,0.6077853116640998,-0.5258533437475079,0
-1.2394246166543181,0.9947897421505305,0.6097805751165839,-0.0727000729087688,-0.8093134163665643,-0.3608834747841887,-0.5237418787490222,0.5237418787490222,-1.0706067580626215,2.068955180657219,-0.5448116995677182,-0.22376668822285872,0.4108403691425631,-0.410840369142563,-0.5174001701746129,0.83141099321054,-0.49616526081956064,0.7605883404680315,-0.7605883404680315,-0.2585739064876405,0.6521063704999376,-0.5553178338692093,-0.2368862763303714,0.6077853116640998,-0.5258533437475079,0
1.117963923950385,0.6604347070874963,-1.8240956624520681,-0.6281394403515264,0.13449981466784652,-0.3608834747841887,-0.5237418787490222,0.5237418787490222,0.9340497736158585,-0.4833357480863082,-0.5448116995677182,-0.22376668822285872,0.4108403691425631,-0.410840369142563,-0.5174001701746129,-1.2027745701779144,2.015457507742905,-1.314771666608307,1.314771666608307,-0.2585739064876405,0.6521063704999376,-0.5553178338692093,-0.2368862763303714,0.6077853116640998,-0.5258533437475079,1
-0.16788437092490754,0.43753135037880697,-0.9159328872398843,0.006648408154482164,-0.8093134163665643,-0.3608834747841887,-0.5237418787490222,0.5237418787490222,-1.0706067580626215,2.068955180657219,-0.5448116995677182,-0.22376668822285872,0.4108403691425631,-0.410840369142563,-0.5174001701746129,0.83141099321054,-0.49616526081956064,-1.314771666608307,1.314771666608307,-0.2585739064876405,0.6521063704999376,-0.5553178338692093,-0.2368862763303714,0.6077853116640998,-0.5258533437475079,0
-0.06073034635196655,-0.6769854331646402,0.6642703416293149,-0.31074551609852197,-0.8093134163665643,-0.3608834747841887,1.9093374820217521,-1.9093374820217521,-1.0706067580626215,-0.4833357480863082,1.8354965592579078,-0.22376668822285872,0.4108403691425631,-0.410840369142563,-0.5174001701746129,0.83141099321054,-0.49616526081956064,0.7605883404680315,-0.7605883404680315,-0.2585739064876405,0.6521063704999376,-0.5553178338692093,-0.2368862763303714,0.6077853116640998,-0.5258533437475079,0
0.6893478256586207,1.1062414205048754,-1.8240956624520681,-0.7868364024780284,-0.8093134163665643,-0.3608834747841887,-0.5237418787490222,0.5237418787490222,0.9340497736158585,-0.4833357480863082,-0.5448116995677182,-0.22376668822285872,0.4108403691425631,-0.410840369142563,-0.5174001701746129,-1.2027745701779144,2.015457507742905,-1.314771666608307,1.314771666608307,-0.2585739064876405,0.6521063704999376,-0.5553178338692093,-0.2368862763303714,-1.6453178133937247,1.901670897200107,0
0.47503977651273854,-1.7915022167080872,0.4281480200741471,-0.6281394403515264,0.13449981466784652,-0.3608834747841887,1.9093374820217521,-1.9093374820217521,0.9340497736158585,-0.4833357480863082,-0.5448116995677182,-0.22376668822285872,0.4108403691425631,-0.410840369142563,1.9327399905232316,-1.2027745701779144,-0.49616526081956064,0.7605883404680315,-0.7605883404680315,-0.2585739064876405,0.6521063704999376,-0.5553178338692093,-0.2368862763303714,0.6077853116640998,-0.5258533437475079,0
-0.5965004692166718,0.43753135037880697,0.20110732627110126,0.8398074593186184,0.6064064301850519,-0.3608834747841887,-0.5237418787490222,0.5237418787490222,0.9340497736158585,-0.4833357480863082,-0.5448116995677182,-0.22376668822285872,0.4108403691425631,-0.410840369142563,-0.5174001701746129,0.83141099321054,-0.49616526081956064,-1.314771666608307,1.314771666608307,-0.2585739064876405,-1.5334921498057892,1.8007705479804994,-0.2368862763303714,0.6077853116640998,-0.5258533437475079,1
-0.4893464446437307,1.552048133922254,-0.18940266707013761,0.7207847377237419,0.13449981466784652,-0.3608834747841887,1.9093374820217521,-1.9093374820217521,-1.0706067580626215,-0.4833357480863082,1.8354965592579078,-0.22376668822285872,0.4108403691425631,-0.410840369142563,-0.5174001701746129,0.83141099321054,-0.49616526081956064,0.7605883404680315,-0.7605883404680315,-0.2585739064876405,0.6521063704999376,-0.5553178338692093,-0.2368862763303714,0.6077853116640998,-0.5258533437475079,1
0.47503977651273854,0.21462799367011745,-0.33470871110408695,-1.5406469725789136,1.0783130457022572,-0.3608834747841887,-0.5237418787490222,0.5237418787490222,-1.0706067580626215,2.068955180657219,-0.5448116995677182,-0.22376668822285872,0.4108403691425631,-0.410840369142563,-0.5174001701746129,-1.2027745701779144,2.015457507742905,-1.314771666608307,1.314771666608307,-0.2585739064876405,0.6521063704999376,-0.5553178338692093,-0.2368862763303714,0.6077853116640998,-0.5258533437475079,1
-0.2750383954978486,-0.11972704139291655,-1.8240956624520681,1.2762241051664993,-1.4699826780906518,-0.3608834747841887,-0.5237418787490222,0.5237418787490222,0.9340497736158585,-0.4833357480863082,-0.5448116995677182,-0.22376668822285872,0.4108403691425631,-0.410840369142563,-0.5174001701746129,0.83141099321054,-0.49616526081956064,0.7605883404680315,-0.7605883404680315,-0.2585739064876405,-1.5334921498057892,1.8007705479804994,-0.2368862763303714,0.6077853116640998,-0.5258533437475079,1
0.9036558748045028,0.43753135037880697,-1.8240956624520681,0.20501961081260983,-0.8093134163665643,-0.3608834747841887,1.9093374820217521,-1.9093374820217521,-1.0706067580626215,-0.4833357480863082,-0.5448116995677182,4.468940430507949,0.4108403691425631,-0.410840369142563,-0.5174001701746129,0.83141099321054,-0.49616526081956064,0.7605883404680315,-0.7605883404680315,-0.2585739064876405,0.6521063704999376,-0.5553178338692093,-0.2368862763303714,0.6077853116640998,-0.5258533437475079,1
-0.4893464446437307,-0.11972704139291655,0.6188622028687057,0.9985044214451204,-0.8093134163665643,-0.3608834747841887,1.9093374820217521,-1.9093374820217521,0.9340497736158585,-0.4833357480863082,-0.5448116995677182,-0.22376668822285872,0.4108403691425631,-0.410840369142563,-0.5174001701746129,0.83141099321054,-0.49616526081956064,0.7605883404680315,-0.7605883404680315,-0.2585739064876405,-1.5334921498057892,1.8007705479804994,-0.2368862763303714,0.6077853116640998,-0.5258533437475079,0
0.6893478256586207,1.4405964555679094,0.9458008019450918,0.9191559403818694,-0.8093134163665643,-0.3608834747841887,1.9093374820217521,-1.9093374820217521,0.9340497736158585,-0.4833357480863082,-0.5448116995677182,-0.22376668822285872,0.4108403691425631,-0.410840369142563,1.9327399905232316,-1.2027745701779144,-0.49616526081956064,0.7605883404680315,-0.7605883404680315,-0.2585739064876405,-1.5334921498057892,1.8007705479804994,-0.2368862763303714,0.6077853116640998,-0.5258533437475079,1
-0.8108085183625539,-0.6769854331646402,0.2646787205359541,0.48273929453398856,-0.8093134163665643,-0.3608834747841887,-0.5237418787490222,0.5237418787490222,-1.0706067580626215,-0.4833357480863082,1.8354965592579078,-0.22376668822285872,0.4108403691425631,-0.410840369142563,-0.5174001701746129,0.83141099321054,-0.49616526081956064,0.7605883404680315,-0.7605883404680315,-0.2585739064876405,0.6521063704999376,-0.5553178338692093,-0.2368862763303714,0.6077853116640998,-0.5258533437475079,0
-1.132270592081377,-0.6769854331646402,0.818658013415386,0.6811104971921162,-0.8093134163665643,-0.3608834747841887,-0.5237418787490222,0.5237418787490222,-1.0706067580626215,-0.4833357480863082,-0.5448116995677182,4.468940430507949,0.4108403691425631,-0.410840369142563,-0.5174001701746129,-1.2027745701779144,2.015457507742905,0.7605883404680315,-0.7605883404680315,-0.2585739064876405,0.6521063704999376,-0.5553178338692093,-0.2368862763303714,0.6077853116640998,-0.5258533437475079,1
-1.4537326658002,0.43753135037880697,-0.016851739779822725,1.5936180294195035,0.5120251070816108,-0.3608834747841887,-0.5237418787490222,0.5237418787490222,-1.0706067580626215,-0.4833357480863082,-0.5448116995677182,4.468940430507949,0.4108403691425631,-0.410840369142563,-0.5174001701746129,0.83141099321054,-0.49616526081956064,-1.314771666608307,1.314771666608307,-0.2585739064876405,-1.5334921498057892,1.8007705479804994,-0.2368862763303714,-1.6453178133937247,1.901670897200107,0
-0.16788437092490754,0.43753135037880697,0.5916173196123402,-0.15204855397201988,1.0783130457022572,-0.3608834747841887,-0.5237418787490222,0.5237418787490222,0.9340497736158585,-0.4833357480863082,-0.5448116995677182,-0.22376668822285872,0.4108403691425631,-0.410840369142563,-0.5174001701746129,0.83141099321054,-0.49616526081956064,-1.314771666608307,1.314771666608307,-0.2585739064876405,0.6521063704999376,-0.5553178338692093,-0.2368862763303714,0.6077853116640998,-0.5258533437475079,1
-0.9179625429354947,-0.11972704139291655,0.3191684870486851,0.08599688921773323,-0.3374068008493588,-0.3608834747841887,-0.5237418787490222,0.5237418787490222,-1.0706067580626215,-0.4833357480863082,1.8354965592579078,-0.22376668822285872,0.4108403691425631,-0.410840369142563,-0.5174001701746129,0.83141099321054,-0.49616526081956064,0.7605883404680315,-0.7605883404680315,-0.2585739064876405,0.6521063704999376,-0.5553178338692093,-0.2368862763303714,0.6077853116640998,-0.5258533437475079,0
-0.8108085183625539,0.9947897421505305,-0.34379033885620874,-0.8661848835412794,-0.8093134163665643,-0.3608834747841887,-0.5237418787490222,0.5237418787490222,-1.0706067580626215,-0.4833357480863082,1.8354965592579078,-0.22376668822285872,0.4108403691425631,-0.410840369142563,-0.5174001701746129,0.83141099321054,-0.49616526081956064,0.7605883404680315,-0.7605883404680315,-0.2585739064876405,0.6521063704999376,-0.5553178338692093,-0.2368862763303714,0.6077853116640998,-0.5258533437475079,0
0.9036558748045028,-0.6769854331646402,0.7278417358941677,-1.3819500104524118,0.5120251070816108,1.2542901257743142,-0.5237418787490222,0.5237418787490222,-1.0706067580626215,2.068955180657219,-0.5448116995677182,-0.22376668822285872,0.4108403691425631,-0.410840369142563,1.9327399905232316,-1.2027745701779144,-0.49616526081956064,0.7605883404680315,-0.7605883404680315,-0.2585739064876405,0.6521063704999376,-0.5553178338692093,-0.2368862763303714,-1.6453178133937247,1.901670897200107,1
-0.7036544937896128,-1.1227921465820192,0.02855639898078637,0.20501961081260983,-0.7149320932631232,-0.3608834747841887,-0.5237418787490222,0.5237418787490222,0.9340497736158585,-0.4833357480863082,-0.5448116995677182,-0.22376668822285872,0.4108403691425631,-0.410840369142563,-0.5174001701746129,0.83141099321054,-0.49616526081956064,0.7605883404680315,-0.7605883404680315,-0.2585739064876405,-1.5334921498057892,1.8007705479804994,-0.2368862763303714,0.6077853116640998,-0.5258533437475079,0
0.7965018502315617,-0.11972704139291655,-1.8240956624520681,-2.0564120994900454,0.6064064301850519,-0.3608834747841887,-0.5237418787490222,0.5237418787490222,0.9340497736158585,-0.4833357480863082,-0.5448116995677182,-0.22376668822285872,-2.434035394542732,2.434035394542732,-0.5174001701746129,-1.2027745701779144,2.015457507742905,0.7605883404680315,-0.7605883404680315,-0.2585739064876405,0.6521063704999376,-0.5553178338692093,-0.2368862763303714,-1.6453178133937247,1.901670897200107,1
0.36788575193979756,-1.2342438249363639,-0.03501499528406639,-1.5009727320472883,-0.8093134163665643,-0.3608834747841887,-0.5237418787490222,0.5237418787490222,0.9340497736158585,-0.4833357480863082,-0.5448116995677182,-0.22376668822285872,0.4108403691425631,-0.410840369142563,1.9327399905232316,-1.2027745701779144,-0.49616526081956064,0.7605883404680315,-0.7605883404680315,-0.2585739064876405,0.6521063704999376,-0.5553178338692093,-0.2368862763303714,0.6077853116640998,-0.5258533437475079,0
-0.7036544937896128,0.43753135037880697,-0.0713415062925537,0.28436809187586093,0.13449981466784652,-0.3608834747841887,-0.5237418787490222,0.5237418787490222,-1.0706067580626215,-0.4833357480863082,1.8354965592579078,-0.22376668822285872,0.4108403691425631,-0.410840369142563,-0.5174001701746129,0.83141099321054,-0.49616526081956064,-1.314771666608307,1.314771666608307,-0.2585739064876405,0.6521063704999376,-0.5553178338692093,-0.2368862763303714,0.6077853116640998,-0.5258533437475079,1
1.4394259976692079,0.43753135037880697,0.16478081526261396,-0.6281394403515264,1.0783130457022572,-0.3608834747841887,-0.5237418787490222,0.5237418787490222,0.9340497736158585,-0.4833357480863082,-0.5448116995677182,-0.22376668822285872,0.4108403691425631,-0.410840369142563,-0.5174001701746129,-1.2027745701779144,2.015457507742905,-1.314771666608307,1.314771666608307,-0.2585739064876405,0.6521063704999376,-0.5553178338692093,-0.2368862763303714,-1.6453178133937247,1.901670897200107,1
-1.560886690373141,-0.6769854331646402,0.02855639898078637,0.28436809187586093,-0.8093134163665643,-0.3608834747841887,-0.5237418787490222,0.5237418787490222,-1.0706067580626215,2.068955180657219,-0.5448116995677182,-0.22376668822285872,0.4108403691425631,-0.410840369142563,-0.5174001701746129,0.83141099321054,-0.49616526081956064,0.7605883404680315,-0.7605883404680315,-0.2585739064876405,0.6521063704999376,-0.5553178338692093,-0.2368862763303714,0.6077853116640998,-0.5258533437475079,0
1.5465800222421486,0.15890215449294506,-1.8240956624520681,-0.7074879214147773,-0.8093134163665643,-0.3608834747841887,-0.5237418787490222,0.5237418787490222,0.9340497736158585,-0.4833357480863082,-0.5448116995677182,-0.22376668822285872,0.4108403691425631,-0.410840369142563,-0.5174001701746129,-1.2027745701779144,2.015457507742905,-1.314771666608307,1.314771666608307,-0.2585739064876405,-1.5334921498057892,1.8007705479804994,-0.2368862763303714,-1.6453178133937247,1.901670897200107,1
0.046423678220974374,-0.6769854331646402,0.2646787205359541,0.08599688921773323,-0.8093134163665643,-0.3608834747841887,1.9093374820217521,-1.9093374820217521,-1.0706067580626215,2.068955180657219,-0.5448116995677182,-0.22376668822285872,-2.434035394542732,2.434035394542732,-0.5174001701746129,0.83141099321054,-0.49616526081956064,0.7605883404680315,-0.7605883404680315,-0.2585739064876405,0.6521063704999376,-0.5553178338692093,-0.2368862763303714,0.6077853116640998,-0.5258533437475079,0
0.9036558748045028,-1.2342438249363639,-1.8240956624520681,-0.7074879214147773,-0.3374068008493588,-0.3608834747841887,-0.5237418787490222,0.5237418787490222,0.9340497736158585,-0.4833357480863082,-0.5448116995677182,-0.22376668822285872,0.4108403691425631,-0.410840369142563,-0.5174001701746129,0.83141099321054,-0.49616526081956064,-1.314771666608307,1.314771666608307,-0.2585739064876405,0.6521063704999376,-0.5553178338692093,-0.2368862763303714,0.6077853116640998,-0.5258533437475079,1
0.046423678220974374,-0.6769854331646402,0.655188713877193,0.48273929453398856,0.6064064301850519,-0.3608834747841887,1.9093374820217521,-1.9093374820217521,-1.0706067580626215,2.068955180657219,-0.5448116995677182,-0.22376668822285872,0.4108403691425631,-0.410840369142563,-0.5174001701746129,0.83141099321054,-0.49616526081956064,0.7605883404680315,-0.7605883404680315,-0.2585739064876405,0.6521063704999376,-0.5553178338692093,-0.2368862763303714,0.6077853116640998,-0.5258533437475079,0
0.046423678220974374,0.9947897421505305,0.2828419760401978,1.0778529025083714,0.7007877532884931,-0.3608834747841887,-0.5237418787490222,0.5237418787490222,-1.0706067580626215,-0.4833357480863082,1.8354965592579078,-0.22376668822285872,0.4108403691425631,-0.410840369142563,1.9327399905232316,-1.2027745701779144,-0.49616526081956064,0.7605883404680315,-0.7605883404680315,-0.2585739064876405,-1.5334921498057892,1.8007705479804994,-0.2368862763303714,-1.6453178133937247,1.901670897200107,0
-0.16788437092490754,-0.6769854331646402,0.7550866191505332,-0.7868364024780284,-0.8093134163665643,-0.3608834747841887,-0.5237418787490222,0.5237418787490222,-1.0706067580626215,2.068955180657219,-0.5448116995677182,-0.22376668822285872,0.4108403691425631,-0.410840369142563,-0.5174001701746129,0.83141099321054,-0.49616526081956064,0.7605883404680315,-0.7605883404680315,-0.2585739064876405,0.6521063704999376,-0.5553178338692093,-0.2368862763303714,0.6077853116640998,-0.5258533437475079,0
2.4038122188256774,0.43753135037880697,-0.03501499528406639,-0.8661848835412794,0.22888113777128763,-0.3608834747841887,1.9093374820217521,-1.9093374820217521,-1.0706067580626215,-0.4833357480863082,1.8354965592579078,-0.22376668822285872,0.4108403691425631,-0.410840369142563,-0.5174001701746129,-1.2027745701779144,2.015457507742905,0.7605883404680315,-0.7605883404680315,-0.2585739064876405,0.6521063704999376,-0.5553178338692093,-0.2368862763303714,0.6077853116640998,-0.5258533437475079,0
0.36788575193979756,-0.11972704139291655,0.055801282237151896,-1.6596696941737903,0.13449981466784652,-0.3608834747841887,-0.5237418787490222,0.5237418787490222,0.9340497736158585,-0.4833357480863082,-0.5448116995677182,-0.22376668822285872,0.4108403691425631,-0.410840369142563,-0.5174001701746129,-1.2027745701779144,2.015457507742905,-1.314771666608307,1.314771666608307,-0.2585739064876405,0.6521063704999376,-0.5553178338692093,-0.2368862763303714,0.6077853116640998,-0.5258533437475079,0
0.046423678220974374,0.43753135037880697,0.20110732627110126,-0.7868364024780284,-0.8093134163665643,-0.3608834747841887,-0.5237418787490222,0.5237418787490222,0.9340497736158585,-0.4833357480863082,-0.5448116995677182,-0.22376668822285872,0.4108403691425631,-0.410840369142563,-0.5174001701746129,0.83141099321054,-0.49616526081956064,-1.314771666608307,1.314771666608307,-0.2585739064876405,0.6521063704999376,-0.5553178338692093,-0.2368862763303714,0.6077853116640998,-0.5258533437475079,1
0.2607317273668565,1.2734189380363925,-1.8240956624520681,-1.5406469725789136,-0.8093134163665643,-0.3608834747841887,-0.5237418787490222,0.5237418787490222,-1.0706067580626215,-0.4833357480863082,1.8354965592579078,-0.22376668822285872,0.4108403691425631,-0.410840369142563,-0.5174001701746129,-1.2027745701779144,2.015457507742905,0.7605883404680315,-0.7605883404680315,-0.2585739064876405,0.6521063704999376,-0.5553178338692093,-0.2368862763303714,0.6077853116640998,-0.5258533437475079,1
0.47503977651273854,-0.955614629050502,-1.8240956624520681,0.006648408154482164,-0.3374068008493588,-0.3608834747841887,-0.5237418787490222,0.5237418787490222,0.9340497736158585,-0.4833357480863082,-0.5448116995677182,-0.22376668822285872,0.4108403691425631,-0.410840369142563,-0.5174001701746129,0.83141099321054,-0.49616526081956064,0.7605883404680315,-0.7605883404680315,-0.2585739064876405,-1.5334921498057892,1.8007705479804994,-0.2368862763303714,0.6077853116640998,-0.5258533437475079,1
0.47503977651273854,-1.5128730208222254,0.3554949980571724,0.6414362566604908,-0.24302547774591776,-0.3608834747841887,-0.5237418787490222,0.5237418787490222,-1.0706067580626215,-0.4833357480863082,1.8354965592579078,-0.22376668822285872,0.4108403691425631,-0.410840369142563,1.9327399905232316,-1.2027745701779144,-0.49616526081956064,-1.314771666608307,1.314771666608307,-0.2585739064876405,0.6521063704999376,-0.5553178338692093,-0.2368862763303714,-1.6453178133937247,1.901670897200107,0
1.117963923950385,-0.3983562372787783,0.9821273129535791,-0.2710712755668964,0.8895503994953752,-0.3608834747841887,-0.5237418787490222,0.5237418787490222,-1.0706067580626215,-0.4833357480863082,1.8354965592579078,-0.22376668822285872,0.4108403691425631,-0.410840369142563,-0.5174001701746129,0.83141099321054,-0.49616526081956064,-1.314771666608307,1.314771666608307,-0.2585739064876405,0.6521063704999376,-0.5553178338692093,-0.2368862763303714,-1.6453178133937247,1.901670897200107,1
-1.2394246166543181,-0.6769854331646402,0.3554949980571724,2.2284058779255114,-0.05426283153903558,-0.3608834747841887,-0.5237418787490222,0.5237418787490222,-1.0706067580626215,-0.4833357480863082,1.8354965592579078,-0.22376668822285872,-2.434035394542732,2.434035394542732,-0.5174001701746129,0.83141099321054,-0.49616526081956064,0.7605883404680315,-0.7605883404680315,3.867366253554276,-1.5334921498057892,-0.5553178338692093,-0.2368862763303714,-1.6453178133937247,1.901670897200107,0
-1.132270592081377,-0.008275363038571926,1.272739401021478,-0.0727000729087688,2.0221262767366683,-0.3608834747841887,1.9093374820217521,-1.9093374820217521,0.9340497736158585,-0.4833357480863082,-0.5448116995677182,-0.22376668822285872,-2.434035394542732,2.434035394542732,1.9327399905232316,-1.2027745701779144,-0.49616526081956064,-1.314771666608307,1.314771666608307,-0.2585739064876405,0.6521063704999376,-0.5553178338692093,-0.2368862763303714,-1.6453178133937247,1.901670897200107,1
-0.5965004692166718,-0.955614629050502,-1.8240956624520681,-0.3900939971617731,-0.8093134163665643,-0.3608834747841887,-0.5237418787490222,0.5237418787490222,0.9340497736158585,-0.4833357480863082,-0.5448116995677182,-0.22376668822285872,0.4108403691425631,-0.410840369142563,-0.5174001701746129,0.83141099321054,-0.49616526081956064,0.7605883404680315,-0.7605883404680315,-0.2585739064876405,0.6521063704999376,-0.5553178338692093,4.221434924348927,-1.6453178133937247,-0.5258533437475079,1
-0.06073034635196655,-0.6769854331646402,-1.8240956624520681,-1.6993439347054156,-0.8093134163665643,-0.3608834747841887,-0.5237418787490222,0.5237418787490222,-1.0706067580626215,2.068955180657219,-0.5448116995677182,-0.22376668822285872,0.4108403691425631,-0.410840369142563,-0.5174001701746129,0.83141099321054,-0.49616526081956064,0.7605883404680315,-0.7605883404680315,-0.2585739064876405,0.6521063704999376,-0.5553178338692093,-0.2368862763303714,0.6077853116640998,-0.5258533437475079,1
0.046423678220974374,-1.2342438249363639,0.34641337030505065,-0.4694424782250241,1.833363630529786,1.2542901257743142,-0.5237418787490222,0.5237418787490222,0.9340497736158585,-0.4833357480863082,-0.5448116995677182,-0.22376668822285872,0.4108403691425631,-0.410840369142563,-0.5174001701746129,0.83141099321054,-0.49616526081956064,-1.314771666608307,1.314771666608307,-0.2585739064876405,0.6521063704999376,-0.5553178338692093,-0.2368862763303714,-1.6453178133937247,1.901670897200107,1
-0.2750383954978486,-0.11972704139291655,0.20110732627110126,0.08599688921773323,-0.3374068008493588,-0.3608834747841887,-0.5237418787490222,0.5237418787490222,0.9340497736158585,-0.4833357480863082,-0.5448116995677182,-0.22376668822285872,-2.434035394542732,2.434035394542732,1.9327399905232316,-1.2027745701779144,-0.49616526081956064,0.7605883404680315,-0.7605883404680315,-0.2585739064876405,0.6521063704999376,-0.5553178338692093,-0.2368862763303714,-1.6453178133937247,1.901670897200107,1
0.1535777027939155,-0.6769854331646402,0.6279438306208276,0.08599688921773323,-0.8093134163665643,-0.3608834747841887,-0.5237418787490222,0.5237418787490222,0.9340497736158585,-0.4833357480863082,-0.5448116995677182,-0.22376668822285872,0.4108403691425631,-0.410840369142563,-0.5174001701746129,0.83141099321054,-0.49616526081956064,0.7605883404680315,-0.7605883404680315,-0.2585739064876405,0.6521063704999376,-0.5553178338692093,-0.2368862763303714,0.6077853116640998,-0.5258533437475079,0
0.47503977651273854,2.6665649174657013,1.7449840441318134,-1.104230326731033,0.13449981466784652,-0.3608834747841887,1.9093374820217521,-1.9093374820217521,-1.0706067580626215,2.068955180657219,-0.5448116995677182,-0.22376668822285872,0.4108403691425631,-0.410840369142563,-0.5174001701746129,0.83141099321054,-0.49616526081956064,-1.314771666608307,1.314771666608307,-0.2585739064876405,0.6521063704999376,-0.5553178338692093,-0.2368862763303714,-1.6453178133937247,1.901670897200107,1
0.1535777027939155,-0.5655337548102956,0.20110732627110126,-1.5009727320472883,-0.8093134163665643,-0.3608834747841887,-0.5237418787490222,0.5237418787490222,0.9340497736158585,-0.4833357480863082,-0.5448116995677182,-0.22376668822285872,-2.434035394542732,2.434035394542732,-0.5174001701746129,-1.2027745701779144,2.015457507742905,0.7605883404680315,-0.7605883404680315,-0.2585739064876405,0.6521063704999376,-0.5553178338692093,4.221434924348927,-1.6453178133937247,-0.5258533437475079,1
-0.5965004692166718,-0.11972704139291655,0.40090313681778167,0.879481699850244,-0.8093134163665643,-0.3608834747841887,-0.5237418787490222,0.5237418787490222,-1.0706067580626215,2.068955180657219,-0.5448116995677182,-0.22376668822285872,0.4108403691425631,-0.410840369142563,-0.5174001701746129,0.83141099321054,-0.49616526081956064,0.7605883404680315,-0.7605883404680315,-0.2585739064876405,0.6521063704999376,-0.5553178338692093,-0.2368862763303714,0.6077853116640998,-0.5258533437475079,0
-1.2394246166543181,-0.6769854331646402,0.07396453774139557,1.3952468267613758,-0.8093134163665643,-0.3608834747841887,1.9093374820217521,-1.9093374820217521,-1.0706067580626215,-0.4833357480863082,1.8354965592579078,-0.22376668822285872,0.4108403691425631,-0.410840369142563,-0.5174001701746129,0.83141099321054,-0.49616526081956064,0.7605883404680315,-0.7605883404680315,-0.2585739064876405,0.6521063704999376,-0.5553178338692093,-0.2368862763303714,0.6077853116640998,-0.5258533437475079,0
-1.560886690373141,-0.6769854331646402,0.20110732627110126,0.3240423324074865,1.0783130457022572,-0.3608834747841887,-0.5237418787490222,0.5237418787490222,-1.0706067580626215,2.068955180657219,-0.5448116995677182,-0.22376668822285872,0.4108403691425631,-0.410840369142563,-0.5174001701746129,-1.2027745701779144,2.015457507742905,0.7605883404680315,-0.7605883404680315,-0.2585739064876405,-1.5334921498057892,1.8007705479804994,-0.2368862763303714,0.6077853116640998,-0.5258533437475079,0
0.47503977651273854,-1.1227921465820192,0.2646787205359541,1.0778529025083714,1.550219661219463,1.2542901257743142,-0.5237418787490222,0.5237418787490222,-1.0706067580626215,-0.4833357480863082,1.8354965592579078,-0.22376668822285872,0.4108403691425631,-0.410840369142563,1.9327399905232316,-1.2027745701779144,-0.49616526081956064,0.7605883404680315,-0.7605883404680315,-0.2585739064876405,0.6521063704999376,-0.5553178338692093,-0.2368862763303714,-1.6453178133937247,1.901670897200107,1
1.3322719730962669,1.2734189380363925,-1.8240956624520681,-1.8977151373635437,-0.8093134163665643,-0.3608834747841887,1.9093374820217521,-1.9093374820217521,0.9340497736158585,-0.4833357480863082,-0.5448116995677182,-0.22376668822285872,0.4108403691425631,-0.410840369142563,-0.5174001701746129,0.83141099321054,-0.49616526081956064,0.7605883404680315,-0.7605883404680315,-0.2585739064876405,0.6521063704999376,-0.5553178338692093,-0.2368862763303714,-1.6453178133937247,1.901670897200107,1
0.9036558748045028,1.552048133922254,-1.8240956624520681,-2.6118514669328032,-0.8093134163665643,-0.3608834747841887,-0.5237418787490222,0.5237418787490222,-1.0706067580626215,-0.4833357480863082,1.8354965592579078,-0.22376668822285872,0.4108403691425631,-0.410840369142563,-0.5174001701746129,0.83141099321054,-0.49616526081956064,-1.314771666608307,1.314771666608307,-0.2585739064876405,0.6521063704999376,-0.5553178338692093,-0.2368862763303714,0.6077853116640998,-0.5258533437475079,1
0.2607317273668565,-0.3983562372787783,-1.8240956624520681,-1.580321213110539,-2.6969398784353853,-0.3608834747841887,-0.5237418787490222,0.5237418787490222,-1.0706067580626215,-0.4833357480863082,1.8354965592579078,-0.22376668822285872,0.4108403691425631,-0.410840369142563,-0.5174001701746129,0.83141099321054,-0.49616526081956064,0.7605883404680315,-0.7605883404680315,-0.2585739064876405,0.6521063704999376,-0.5553178338692093,-0.2368862763303714,-1.6453178133937247,1.901670897200107,1
0.7965018502315617,0.43753135037880697,0.8822294076802389,-0.7074879214147773,-0.8093134163665643,-0.3608834747841887,1.9093374820217521,-1.9093374820217521,-1.0706067580626215,2.068955180657219,-0.5448116995677182,-0.22376668822285872,-2.434035394542732,2.434035394542732,-0.5174001701746129,0.83141099321054,-0.49616526081956064,-1.314771666608307,1.314771666608307,-0.2585739064876405,0.6521063704999376,-0.5553178338692093,-0.2368862763303714,-1.6453178133937247,1.901670897200107,0
0.47503977651273854,0.9947897421505305,0.6279438306208276,-1.0645560861994072,-0.05426283153903558,-0.3608834747841887,-0.5237418787490222,0.5237418787490222,0.9340497736158585,-0.4833357480863082,-0.5448116995677182,-0.22376668822285872,0.4108403691425631,-0.410840369142563,1.9327399905232316,-1.2027745701779144,-0.49616526081956064,-1.314771666608307,1.314771666608307,-0.2585739064876405,-1.5334921498057892,1.8007705479804994,-0.2368862763303714,-1.6453178133937247,1.901670897200107,1
-2.2038108378107877,-1.7915022167080872,0.40998476456990346,0.48273929453398856,0.13449981466784652,-0.3608834747841887,1.9093374820217521,-1.9093374820217521,0.9340497736158585,-0.4833357480863082,-0.5448116995677182,-0.22376668822285872,0.4108403691425631,-0.410840369142563,-0.5174001701746129,0.83141099321054,-0.49616526081956064,-1.314771666608307,1.314771666608307,-0.2585739064876405,0.6521063704999376,-0.5553178338692093,-0.2368862763303714,0.6077853116640998,-0.5258533437475079,1
-0.8108085183625539,-1.2342438249363639,0.3191684870486851,-0.5091167187566498,1.0783130457022572,-0.3608834747841887,-0.5237418787490222,0.5237418787490222,0.9340497736158585,-0.4833357480863082,-0.5448116995677182,-0.22376668822285872,0.4108403691425631,-0.410840369142563,-0.5174001701746129,0.83141099321054,-0.49616526081956064,-1.314771666608307,1.314771666608307,-0.2585739064876405,0.6521063704999376,-0.5553178338692093,-0.2368862763303714,0.6077853116640998,-0.5258533437475079,1
-0.5965004692166718,1.552048133922254,1.3998821895511837,-1.5406469725789136,1.0783130457022572,-0.3608834747841887,-0.5237418787490222,0.5237418787490222,0.9340497736158585,-0.4833357480863082,-0.5448116995677182,-0.22376668822285872,0.4108403691425631,-0.410840369142563,-0.5174001701746129,0.83141099321054,-0.49616526081956064,-1.314771666608307,1.314771666608307,-0.2585739064876405,0.6521063704999376,-0.5553178338692093,-0.2368862763303714,0.6077853116640998,-0.5258533437475079,1
0.1535777027939155,-0.955614629050502,-1.8240956624520681,0.6811104971921162,-0.7149320932631232,-0.3608834747841887,-0.5237418787490222,0.5237418787490222,0.9340497736158585,-0.4833357480863082,-0.5448116995677182,-0.22376668822285872,0.4108403691425631,-0.410840369142563,-0.5174001701746129,0.83141099321054,-0.49616526081956064,0.7605883404680315,-0.7605883404680315,-0.2585739064876405,0.6521063704999376,-0.5553178338692093,-0.2368862763303714,0.6077853116640998,-0.5258533437475079,1
-1.3465786412272591,-1.1227921465820192,0.4463112755783908,0.16534537028098428,-0.8093134163665643,-0.3608834747841887,-0.5237418787490222,0.5237418787490222,0.9340497736158585,-0.4833357480863082,-0.5448116995677182,-0.22376668822285872,0.4108403691425631,-0.410840369142563,-0.5174001701746129,0.83141099321054,-0.49616526081956064,0.7605883404680315,-0.7605883404680315,-0.2585739064876405,0.6521063704999376,-0.5553178338692093,-0.2368862763303714,0.6077853116640998,-0.5258533437475079,0
0.7965018502315617,0.9947897421505305,0.38273988131353803,-0.03302583237714327,0.13449981466784652,-0.3608834747841887,-0.5237418787490222,0.5237418787490222,-1.0706067580626215,-0.4833357480863082,1.8354965592579078,-0.22376668822285872,-2.434035394542732,2.434035394542732,-0.5174001701746129,0.83141099321054,-0.49616526081956064,-1.314771666608307,1.314771666608307,-0.2585739064876405,0.6521063704999376,-0.5553178338692093,-0.2368862763303714,0.6077853116640998,-0.5258533437475079,0
1.0108098993774437,0.43753135037880697,0.5371275530996091,-1.0248818456677817,2.0221262767366683,-0.3608834747841887,-0.5237418787490222,0.5237418787490222,0.9340497736158585,-0.4833357480863082,-0.5448116995677182,-0.22376668822285872,0.4108403691425631,-0.410840369142563,-0.5174001701746129,-1.2027745701779144,2.015457507742905,-1.314771666608307,1.314771666608307,-0.2585739064876405,0.6521063704999376,-0.5553178338692093,-0.2368862763303714,0.6077853116640998,-0.5258533437475079,1
-0.8108085183625539,-0.11972704139291655,0.19202569851897938,-1.0248818456677817,-0.8093134163665643,-0.3608834747841887,-0.5237418787490222,0.5237418787490222,0.9340497736158585,-0.4833357480863082,-0.5448116995677182,-0.22376668822285872,0.4108403691425631,-0.410840369142563,-0.5174001701746129,0.83141099321054,-0.49616526081956064,0.7605883404680315,-0.7605883404680315,-0.2585739064876405,0.6521063704999376,-0.5553178338692093,-0.2368862763303714,0.6077853116640998,-0.5258533437475079,1
-1.668040714946082,0.3260796720244622,-0.23481080583074673,1.3952468267613758,-0.8093134163665643,-0.3608834747841887,-0.5237418787490222,0.5237418787490222,-1.0706067580626215,-0.4833357480863082,1.8354965592579078,-0.22376668822285872,0.4108403691425631,-0.410840369142563,-0.5174001701746129,0.83141099321054,-0.49616526081956064,0.7605883404680315,-0.7605883404680315,-0.2585739064876405,-1.5334921498057892,1.8007705479804994,-0.2368862763303714,0.6077853116640998,-0.5258533437475079,0
0.36788575193979756,-0.11972704139291655,0.9730456852014573,-1.580321213110539,0.13449981466784652,-0.3608834747841887,1.9093374820217521,-1.9093374820217521,-1.0706067580626215,-0.4833357480863082,-0.5448116995677182,4.468940430507949,0.4108403691425631,-0.410840369142563,-0.5174001701746129,0.83141099321054,-0.49616526081956064,0.7605883404680315,-0.7605883404680315,-0.2585739064876405,0.6521063704999376,-0.5553178338692093,-0.2368862763303714,0.6077853116640998,-0.5258533437475079,0
-0.06073034635196655,-0.6769854331646402,-1.8240956624520681,-0.7074879214147773,-0.8093134163665643,-0.3608834747841887,-0.5237418787490222,0.5237418787490222,0.9340497736158585,-0.4833357480863082,-0.5448116995677182,-0.22376668822285872,0.4108403691425631,-0.410840369142563,-0.5174001701746129,0.83141099321054,-0.49616526081956064,0.7605883404680315,-0.7605883404680315,-0.2585739064876405,0.6521063704999376,-0.5553178338692093,-0.2368862763303714,-1.6453178133937247,1.901670897200107,1
-1.132270592081377,0.43753135037880697,0.7914131301590205,-0.11237431344039435,1.0783130457022572,-0.3608834747841887,-0.5237418787490222,0.5237418787490222,0.9340497736158585,-0.4833357480863082,-0.5448116995677182,-0.22376668822285872,0.4108403691425631,-0.410840369142563,-0.5174001701746129,0.83141099321054,-0.49616526081956064,-1.314771666608307,1.314771666608307,-0.2585739064876405,0.6521063704999376,-0.5553178338692093,-0.2368862763303714,0.6077853116640998,-0.5258533437475079,1
-0.16788437092490754,0.10317631531577283,0.001311515724420834,0.800133218786993,-0.05426283153903558,1.2542901257743142,-0.5237418787490222,0.5237418787490222,-1.0706067580626215,2.068955180657219,-0.5448116995677182,-0.22376668822285872,0.4108403691425631,-0.410840369142563,-0.5174001701746129,0.83141099321054,-0.49616526081956064,0.7605883404680315,-0.7605883404680315,-0.2585739064876405,-1.5334921498057892,1.8007705479804994,-0.2368862763303714,0.6077853116640998,-0.5258533437475079,0
0.9036558748045028,1.1062414205048754,-0.43460661637742715,-1.6199954536421648,0.7007877532884931,-0.3608834747841887,-0.5237418787490222,0.5237418787490222,0.9340497736158585,-0.4833357480863082,-0.5448116995677182,-0.22376668822285872,0.4108403691425631,-0.410840369142563,-0.5174001701746129,-1.2027745701779144,2.015457507742905,-1.314771666608307,1.314771666608307,-0.2585739064876405,-1.5334921498057892,1.8007705479804994,-0.2368862763303714,-1.6453178133937247,1.901670897200107,1
0.7965018502315617,0.9947897421505305,-1.8240956624520681,-1.3026015293891604,-0.8093134163665643,-0.3608834747841887,-0.5237418787490222,0.5237418787490222,0.9340497736158585,-0.4833357480863082,-0.5448116995677182,-0.22376668822285872,0.4108403691425631,-0.410840369142563,-0.5174001701746129,0.83141099321054,-0.49616526081956064,-1.314771666608307,1.314771666608307,-0.2585739064876405,0.6521063704999376,-0.5553178338692093,-0.2368862763303714,-1.6453178133937247,1.901670897200107,1
0.36788575193979756,-1.2342438249363639,1.2182496345087466,0.20501961081260983,2.0221262767366683,1.2542901257743142,-0.5237418787490222,0.5237418787490222,0.9340497736158585,-0.4833357480863082,-0.5448116995677182,-0.22376668822285872,0.4108403691425631,-0.410840369142563,-0.5174001701746129,0.83141099321054,-0.49616526081956064,-1.314771666608307,1.314771666608307,-0.2585739064876405,0.6521063704999376,-0.5553178338692093,-0.2368862763303714,-1.6453178133937247,1.901670897200107,1
0.7965018502315617,0.10317631531577283,0.3010052315444414,0.28436809187586093,1.644600984322904,2.8694637263328175,-0.5237418787490222,0.5237418787490222,-1.0706067580626215,-0.4833357480863082,-0.5448116995677182,4.468940430507949,0.4108403691425631,-0.410840369142563,-0.5174001701746129,0.83141099321054,-0.49616526081956064,0.7605883404680315,-0.7605883404680315,-0.2585739064876405,0.6521063704999376,-0.5553178338692093,-0.2368862763303714,0.6077853116640998,-0.5258533437475079,1
-1.3465786412272591,-0.11972704139291655,-0.2620556890871123,-0.31074551609852197,1.0783130457022572,-0.3608834747841887,-0.5237418787490222,0.5237418787490222,0.9340497736158585,-0.4833357480863082,-0.5448116995677182,-0.22376668822285872,0.4108403691425631,-0.410840369142563,-0.5174001701746129,-1.2027745701779144,2.015457507742905,0.7605883404680315,-0.7605883404680315,-0.2585739064876405,0.6521063704999376,-0.5553178338692093,-0.2368862763303714,0.6077853116640998,-0.5258533437475079,1
0.1535777027939155,1.4405964555679094,0.1466175597583703,-1.104230326731033,1.550219661219463,-0.3608834747841887,-0.5237418787490222,0.5237418787490222,0.9340497736158585,-0.4833357480863082,-0.5448116995677182,-0.22376668822285872,0.4108403691425631,-0.410840369142563,-0.5174001701746129,0.83141099321054,-0.49616526081956064,-1.314771666608307,1.314771666608307,-0.2585739064876405,0.6521063704999376,-0.5553178338692093,-0.2368862763303714,0.6077853116640998,-0.5258533437475079,1
-0.06073034635196655,0.5489830287331516,0.2283522095274668,-1.0645560861994072,-0.8093134163665643,-0.3608834747841887,-0.5237418787490222,0.5237418787490222,0.9340497736158585,-0.4833357480863082,-0.5448116995677182,-0.22376668822285872,0.4108403691425631,-0.410840369142563,1.9327399905232316,-1.2027745701779144,-0.49616526081956064,-1.314771666608307,1.314771666608307,-0.2585739064876405,-1.5334921498057892,1.8007705479804994,-0.2368862763303714,-1.6453178133937247,1.901670897200107,0
0.6893478256586207,-0.11972704139291655,-0.05317825078831004,0.08599688921773323,-0.3374068008493588,-0.3608834747841887,-0.5237418787490222,0.5237418787490222,0.9340497736158585,-0.4833357480863082,-0.5448116995677182,-0.22376668822285872,0.4108403691425631,-0.410840369142563,-0.5174001701746129,0.83141099321054,-0.49616526081956064,0.7605883404680315,-0.7605883404680315,-0.2585739064876405,0.6521063704999376,-0.5553178338692093,-0.2368862763303714,0.6077853116640998,-0.5258533437475079,0
1.65373404681509,0.43753135037880697,-1.8240956624520681,-0.7868364024780284,1.550219661219463,-0.3608834747841887,-0.5237418787490222,0.5237418787490222,-1.0706067580626215,-0.4833357480863082,1.8354965592579078,-0.22376668822285872,0.4108403691425631,-0.410840369142563,-0.5174001701746129,-1.2027745701779144,2.015457507742905,0.7605883404680315,-0.7605883404680315,3.867366253554276,-1.5334921498057892,-0.5553178338692093,-0.2368862763303714,0.6077853116640998,-0.5258533437475079,1
0.046423678220974374,-1.2342438249363639,0.04671965448503003,-1.1835788077942841,-0.8093134163665643,1.2542901257743142,-0.5237418787490222,0.5237418787490222,0.9340497736158585,-0.4833357480863082,-0.5448116995677182,-0.22376668822285872,0.4108403691425631,-0.410840369142563,1.9327399905232316,-1.2027745701779144,-0.49616526081956064,-1.314771666608307,1.314771666608307,-0.2585739064876405,0.6521063704999376,-0.5553178338692093,-0.2368862763303714,0.6077853116640998,-0.5258533437475079,1
0.5821938010856796,0.43753135037880697,0.5734540641080966,-0.7471621619464028,-0.8093134163665643,-0.3608834747841887,-0.5237418787490222,0.5237418787490222,0.9340497736158585,-0.4833357480863082,-0.5448116995677182,-0.22376668822285872,-2.434035394542732,2.434035394542732,1.9327399905232316,-1.2027745701779144,-0.49616526081956064,-1.314771666608307,1.314771666608307,-0.2585739064876405,0.6521063704999376,-0.5553178338692093,-0.2368862763303714,0.6077853116640998,-0.5258533437475079,1
0.046423678220974374,-1.3456955032907087,0.9821273129535791,0.7207847377237419,-0.8093134163665643,-0.3608834747841887,-0.5237418787490222,0.5237418787490222,-1.0706067580626215,2.068955180657219,-0.5448116995677182,-0.22376668822285872,0.4108403691425631,-0.410840369142563,-0.5174001701746129,0.83141099321054,-0.49616526081956064,0.7605883404680315,-0.7605883404680315,-0.2585739064876405,-1.5334921498057892,1.8007705479804994,-0.2368862763303714,-1.6453178133937247,1.901670897200107,0
0.1535777027939155,0.9947897421505305,-0.3710352221125743,0.48273929453398856,-0.8093134163665643,-0.3608834747841887,-0.5237418787490222,0.5237418787490222,0.9340497736158585,-0.4833357480863082,-0.5448116995677182,-0.22376668822285872,0.4108403691425631,-0.410840369142563,-0.5174001701746129,-1.2027745701779144,2.015457507742905,0.7605883404680315,-0.7605883404680315,-0.2585739064876405,0.6521063704999376,-0.5553178338692093,-0.2368862763303714,0.6077853116640998,-0.5258533437475079,0
1.225117948523326,1.2734189380363925,-1.8240956624520681,0.6414362566604908,0.13449981466784652,-0.3608834747841887,-0.5237418787490222,0.5237418787490222,0.9340497736158585,-0.4833357480863082,-0.5448116995677182,-0.22376668822285872,0.4108403691425631,-0.410840369142563,-0.5174001701746129,0.83141099321054,-0.49616526081956064,0.7605883404680315,-0.7605883404680315,-0.2585739064876405,-1.5334921498057892,1.8007705479804994,-0.2368862763303714,0.6077853116640998,-0.5258533437475079,0
-0.7036544937896128,-1.2342438249363639,0.6733519693814367,-0.7868364024780284,0.13449981466784652,1.2542901257743142,-0.5237418787490222,0.5237418787490222,0.9340497736158585,-0.4833357480863082,-0.5448116995677182,-0.22376668822285872,0.4108403691425631,-0.410840369142563,1.9327399905232316,-1.2027745701779144,-0.49616526081956064,-1.314771666608307,1.314771666608307,-0.2585739064876405,0.6521063704999376,-0.5553178338692093,-0.2368862763303714,0.6077853116640998,-0.5258533437475079,1
0.5821938010856796,0.15890215449294506,-1.8240956624520681,-0.905859124072905,0.13449981466784652,-0.3608834747841887,-0.5237418787490222,0.5237418787490222,0.9340497736158585,-0.4833357480863082,-0.5448116995677182,-0.22376668822285872,0.4108403691425631,-0.410840369142563,-0.5174001701746129,0.83141099321054,-0.49616526081956064,-1.314771666608307,1.314771666608307,-0.2585739064876405,0.6521063704999376,-0.5553178338692093,-0.2368862763303714,-1.6453178133937247,1.901670897200107,1
-1.3465786412272591,-0.6769854331646402,1.2273312622608687,-0.7868364024780284,2.0221262767366683,-0.3608834747841887,-0.5237418787490222,0.5237418787490222,0.9340497736158585,-0.4833357480863082,-0.5448116995677182,-0.22376668822285872,0.4108403691425631,-0.410840369142563,-0.5174001701746129,0.83141099321054,-0.49616526081956064,-1.314771666608307,1.314771666608307,-0.2585739064876405,0.6521063704999376,-0.5553178338692093,-0.2368862763303714,0.6077853116640998,-0.5258533437475079,1
0.2607317273668565,-0.6769854331646402,-0.0713415062925537,0.9588301809134951,0.9839317225988162,-0.3608834747841887,-0.5237418787490222,0.5237418787490222,-1.0706067580626215,-0.4833357480863082,-0.5448116995677182,4.468940430507949,0.4108403691425631,-0.410840369142563,1.9327399905232316,-1.2027745701779144,-0.49616526081956064,0.7605883404680315,-0.7605883404680315,-0.2585739064876405,0.6521063704999376,-0.5553178338692093,-0.2368862763303714,-1.6453178133937247,1.901670897200107,0
0.2607317273668565,2.109306525693978,1.699575905371204,-0.6281394403515264,1.0783130457022572,-0.3608834747841887,-0.5237418787490222,0.5237418787490222,0.9340497736158585,-0.4833357480863082,-0.5448116995677182,-0.22376668822285872,0.4108403691425631,-0.410840369142563,-0.5174001701746129,-1.2027745701779144,2.015457507742905,-1.314771666608307,1.314771666608307,-0.2585739064876405,0.6521063704999376,-0.5553178338692093,-0.2368862763303714,0.6077853116640998,-0.5258533437475079,1
-0.2750383954978486,-0.11972704139291655,0.15569918751049208,0.08599688921773323,-0.3374068008493588,-0.3608834747841887,-0.5237418787490222,0.5237418787490222,0.9340497736158585,-0.4833357480863082,-0.5448116995677182,-0.22376668822285872,-2.434035394542732,2.434035394542732,1.9327399905232316,-1.2027745701779144,-0.49616526081956064,0.7605883404680315,-0.7605883404680315,-0.2585739064876405,0.6521063704999376,-0.5553178338692093,-0.2368862763303714,0.6077853116640998,-0.5258533437475079,0
1.117963923950385,-0.11972704139291655,0.9276375464408481,-0.6281394403515264,1.0783130457022572,2.8694637263328175,1.9093374820217521,-1.9093374820217521,0.9340497736158585,-0.4833357480863082,-0.5448116995677182,-0.22376668822285872,0.4108403691425631,-0.410840369142563,-0.5174001701746129,0.83141099321054,-0.49616526081956064,0.7605883404680315,-0.7605883404680315,-0.2585739064876405,0.6521063704999376,-0.5553178338692093,-0.2368862763303714,0.6077853116640998,-0.5258533437475079,0
1.225117948523326,-0.6769854331646402,-0.21664755032650307,0.08599688921773323,-0.4317881239527999,-0.3608834747841887,-0.5237418787490222,0.5237418787490222,0.9340497736158585,-0.4833357480863082,-0.5448116995677182,-0.22376668822285872,0.4108403691425631,-0.410840369142563,-0.5174001701746129,0.83141099321054,-0.49616526081956064,0.7605883404680315,-0.7605883404680315,-0.2585739064876405,-1.5334921498057892,1.8007705479804994,-0.2368862763303714,-1.6453178133937247,1.901670897200107,0
0.046423678220974374,-1.3456955032907087,0.600698947364462,1.1572013835716226,-0.8093134163665643,-0.3608834747841887,1.9093374820217521,-1.9093374820217521,-1.0706067580626215,-0.4833357480863082,1.8354965592579078,-0.22376668822285872,0.4108403691425631,-0.410840369142563,1.9327399905232316,-1.2027745701779144,-0.49616526081956064,0.7605883404680315,-0.7605883404680315,-0.2585739064876405,-1.5334921498057892,1.8007705479804994,-0.2368862763303714,0.6077853116640998,-0.5258533437475079,0
1.0108098993774437,-0.11972704139291655,-1.8240956624520681,-1.0645560861994072,-0.8093134163665643,-0.3608834747841887,-0.5237418787490222,0.5237418787490222,-1.0706067580626215,-0.4833357480863082,1.8354965592579078,-0.22376668822285872,0.4108403691425631,-0.410840369142563,-0.5174001701746129,-1.2027745701779144,2.015457507742905,-1.314771666608307,1.314771666608307,-0.2585739064876405,0.6521063704999376,-0.5553178338692093,-0.2368862763303714,0.6077853116640998,-0.5258533437475079,1
0.2607317273668565,-0.955614629050502,-1.8240956624520681,-2.215109061616548,-1.7531266474009748,-0.3608834747841887,-0.5237418787490222,0.5237418787490222,0.9340497736158585,-0.4833357480863082,-0.5448116995677182,-0.22376668822285872,0.4108403691425631,-0.410840369142563,-0.5174001701746129,-1.2027745701779144,2.015457507742905,0.7605883404680315,-0.7605883404680315,-0.2585739064876405,-1.5334921498057892,1.8007705479804994,-0.2368862763303714,0.6077853116640998,-0.5258533437475079,1
0.36788575193979756,-0.5655337548102956,0.5734540641080966,-1.5009727320472883,-0.8093134163665643,-0.3608834747841887,-0.5237418787490222,0.5237418787490222,0.9340497736158585,-0.4833357480863082,-0.5448116995677182,-0.22376668822285872,0.4108403691425631,-0.410840369142563,1.9327399905232316,-1.2027745701779144,-0.49616526081956064,0.7605883404680315,-0.7605883404680315,-0.2585739064876405,0.6521063704999376,-0.5553178338692093,-0.2368862763303714,0.6077853116640998,-0.5258533437475079,1
0.046423678220974374,-0.6769854331646402,-0.11674964505316289,-0.9852076051361561,0.5120251070816108,1.2542901257743142,-0.5237418787490222,0.5237418787490222,0.9340497736158585,-0.4833357480863082,-0.5448116995677182,-0.22376668822285872,0.4108403691425631,-0.410840369142563,-0.5174001701746129,0.83141099321054,-0.49616526081956064,0.7605883404680315,-0.7605883404680315,-0.2585739064876405,0.6521063704999376,-0.5553178338692093,-0.2368862763303714,-1.6453178133937247,1.901670897200107,1
0.36788575193979756,0.43753135037880697,-0.08042313404467559,0.4033908134707376,-0.4317881239527999,-0.3608834747841887,-0.5237418787490222,0.5237418787490222,0.9340497736158585,-0.4833357480863082,-0.5448116995677182,-0.22376668822285872,0.4108403691425631,-0.410840369142563,-0.5174001701746129,0.83141099321054,-0.49616526081956064,0.7605883404680315,-0.7605883404680315,-0.2585739064876405,0.6521063704999376,-0.5553178338692093,4.221434924348927,-1.6453178133937247,-0.5258533437475079,0
-0.5965004692166718,1.552048133922254,-0.0713415062925537,-1.421624250984037,2.0221262767366683,-0.3608834747841887,-0.5237418787490222,0.5237418787490222,0.9340497736158585,-0.4833357480863082,-0.5448116995677182,-0.22376668822285872,0.4108403691425631,-0.410840369142563,-0.5174001701746129,0.83141099321054,-0.49616526081956064,-1.314771666608307,1.314771666608307,-0.2585739064876405,0.6521063704999376,-0.5553178338692093,-0.2368862763303714,0.6077853116640998,-0.5258533437475079,1
-1.025116567508436,-0.6769854331646402,0.2283522095274668,1.2365498646348736,-0.8093134163665643,-0.3608834747841887,-0.5237418787490222,0.5237418787490222,-1.0706067580626215,-0.4833357480863082,1.8354965592579078,-0.22376668822285872,0.4108403691425631,-0.410840369142563,-0.5174001701746129,0.83141099321054,-0.49616526081956064,0.7605883404680315,-0.7605883404680315,-0.2585739064876405,-1.5334921498057892,1.8007705479804994,-0.2368862763303714,0.6077853116640998,-0.5258533437475079,0
0.7965018502315617,-0.11972704139291655,0.7550866191505332,0.08599688921773323,-0.3374068008493588,-0.3608834747841887,-0.5237418787490222,0.5237418787490222,-1.0706067580626215,-0.4833357480863082,1.8354965592579078,-0.22376668822285872,0.4108403691425631,-0.410840369142563,-0.5174001701746129,0.83141099321054,-0.49616526081956064,0.7605883404680315,-0.7605883404680315,-0.2585739064876405,0.6521063704999376,-0.5553178338692093,-0.2368862763303714,0.6077853116640998,-0.5258533437475079,1
-2.0966568132378463,-1.9029538950624318,0.17386244301473572,0.48273929453398856,-0.8093134163665643,-0.3608834747841887,-0.5237418787490222,0.5237418787490222,-1.0706067580626215,2.068955180657219,-0.5448116995677182,-0.22376668822285872,0.4108403691425631,-0.410840369142563,-0.5174001701746129,0.83141099321054,-0.49616526081956064,0.7605883404680315,-0.7605883404680315,-0.2585739064876405,0.6521063704999376,-0.5553178338692093,-0.2368862763303714,0.6077853116640998,-0.5258533437475079,0
0.47503977651273854,-0.008275363038571926,2.335289848019732,-2.7308741885276797,0.13449981466784652,-0.3608834747841887,-0.5237418787490222,0.5237418787490222,0.9340497736158585,-0.4833357480863082,-0.5448116995677182,-0.22376668822285872,-2.434035394542732,2.434035394542732,-0.5174001701746129,0.83141099321054,-0.49616526081956064,0.7605883404680315,-0.7605883404680315,3.867366253554276,-1.5334921498057892,-0.5553178338692093,-0.2368862763303714,0.6077853116640998,-0.5258533437475079,0
-0.5965004692166718,-0.45408207645595067,0.49171941433899996,1.474595307824627,-0.8093134163665643,2.8694637263328175,-0.5237418787490222,0.5237418787490222,-1.0706067580626215,-0.4833357480863082,1.8354965592579078,-0.22376668822285872,-2.434035394542732,2.434035394542732,-0.5174001701746129,0.83141099321054,-0.49616526081956064,0.7605883404680315,-0.7605883404680315,-0.2585739064876405,-1.5334921498057892,1.8007705479804994,-0.2368862763303714,0.6077853116640998,-0.5258533437475079,0
0.5821938010856796,-0.3983562372787783,0.19202569851897938,-0.11237431344039435,1.550219661219463,-0.3608834747841887,-0.5237418787490222,0.5237418787490222,0.9340497736158585,-0.4833357480863082,-0.5448116995677182,-0.22376668822285872,0.4108403691425631,-0.410840369142563,-0.5174001701746129,0.83141099321054,-0.49616526081956064,-1.314771666608307,1.314771666608307,3.867366253554276,-1.5334921498057892,-0.5553178338692093,-0.2368862763303714,0.6077853116640998,-0.5258533437475079,1
-0.06073034635196655,-0.509807915633123,0.7369233636462895,-1.6993439347054156,1.0783130457022572,2.8694637263328175,-0.5237418787490222,0.5237418787490222,0.9340497736158585,-0.4833357480863082,-0.5448116995677182,-0.22376668822285872,0.4108403691425631,-0.410840369142563,-0.5174001701746129,0.83141099321054,-0.49616526081956064,-1.314771666608307,1.314771666608307,-0.2585739064876405,0.6521063704999376,-0.5553178338692093,-0.2368862763303714,-1.6453178133937247,1.901670897200107,1
1.4394259976692079,1.1062414205048754,0.10120942099776109,0.48273929453398856,-0.05426283153903558,-0.3608834747841887,-0.5237418787490222,0.5237418787490222,-1.0706067580626215,-0.4833357480863082,1.8354965592579078,-0.22376668822285872,0.4108403691425631,-0.410840369142563,1.9327399905232316,-1.2027745701779144,-0.49616526081956064,0.7605883404680315,-0.7605883404680315,-0.2585739064876405,0.6521063704999376,-0.5553178338692093,-0.2368862763303714,-1.6453178133937247,1.901670897200107,1
1.760888071388031,-0.11972704139291655,1.1001884737311631,-1.1439045672626582,1.4558383381160216,4.4846373268913196,-0.5237418787490222,0.5237418787490222,0.9340497736158585,-0.4833357480863082,-0.5448116995677182,-0.22376668822285872,0.4108403691425631,-0.410840369142563,1.9327399905232316,-1.2027745701779144,-0.49616526081956064,0.7605883404680315,-0.7605883404680315,-0.2585739064876405,0.6521063704999376,-0.5553178338692093,-0.2368862763303714,0.6077853116640998,-0.5258533437475079,1
0.046423678220974374,-0.11972704139291655,0.3736582535614162,-1.8580408968319178,0.13449981466784652,-0.3608834747841887,-0.5237418787490222,0.5237418787490222,0.9340497736158585,-0.4833357480863082,-0.5448116995677182,-0.22376668822285872,0.4108403691425631,-0.410840369142563,-0.5174001701746129,0.83141099321054,-0.49616526081956064,-1.314771666608307,1.314771666608307,-0.2585739064876405,0.6521063704999376,-0.5553178338692093,-0.2368862763303714,0.6077853116640998,-0.5258533437475079,1
0.9036558748045028,1.552048133922254,-0.33470871110408695,0.28436809187586093,5.042328616046783,4.4846373268913196,1.9093374820217521,-1.9093374820217521,0.9340497736158585,-0.4833357480863082,-0.5448116995677182,-0.22376668822285872,0.4108403691425631,-0.410840369142563,1.9327399905232316,-1.2027745701779144,-0.49616526081956064,0.7605883404680315,-0.7605883404680315,3.867366253554276,-1.5334921498057892,-0.5553178338692093,-0.2368862763303714,-1.6453178133937247,1.901670897200107,1
-1.3465786412272591,-1.2342438249363639,0.4463112755783908,0.16534537028098428,-0.8093134163665643,-0.3608834747841887,1.9093374820217521,-1.9093374820217521,-1.0706067580626215,2.068955180657219,-0.5448116995677182,-0.22376668822285872,0.4108403691425631,-0.410840369142563,-0.5174001701746129,-1.2027745701779144,2.015457507742905,0.7605883404680315,-0.7605883404680315,-0.2585739064876405,0.6521063704999376,-0.5553178338692093,-0.2368862763303714,0.6077853116640998,-0.5258533437475079,0
1.225117948523326,-0.955614629050502,-1.8240956624520681,-1.778692415768667,-0.8093134163665643,-0.3608834747841887,-0.5237418787490222,0.5237418787490222,0.9340497736158585,-0.4833357480863082,-0.5448116995677182,-0.22376668822285872,0.4108403691425631,-0.410840369142563,-0.5174001701746129,0.83141099321054,-0.49616526081956064,-1.314771666608307,1.314771666608307,-0.2585739064876405,0.6521063704999376,-0.5553178338692093,-0.2368862763303714,-1.6453178133937247,1.901670897200107,1
0.2607317273668565,-0.008275363038571926,-0.15307615606165023,-1.3026015293891604,1.1726943688056983,1.2542901257743142,-0.5237418787490222,0.5237418787490222,0.9340497736158585,-0.4833357480863082,-0.5448116995677182,-0.22376668822285872,0.4108403691425631,-0.410840369142563,1.9327399905232316,-1.2027745701779144,-0.49616526081956064,-1.314771666608307,1.314771666608307,-0.2585739064876405,0.6521063704999376,-0.5553178338692093,4.221434924348927,-1.6453178133937247,-0.5258533437475079,1
-0.8108085183625539,-0.6769854331646402,0.437229647826269,0.24469385134423535,-0.05426283153903558,-0.3608834747841887,-0.5237418787490222,0.5237418787490222,0.9340497736158585,-0.4833357480863082,-0.5448116995677182,-0.22376668822285872,0.4108403691425631,-0.410840369142563,1.9327399905232316,-1.2027745701779144,-0.49616526081956064,0.7605883404680315,-0.7605883404680315,-0.2585739064876405,-1.5334921498057892,1.8007705479804994,-0.2368862763303714,-1.6453178133937247,1.901670897200107,1
0.1535777027939155,-0.11972704139291655,0.40090313681778167,0.08599688921773323,-0.3374068008493588,-0.3608834747841887,-0.5237418787490222,0.5237418787490222,-1.0706067580626215,-0.4833357480863082,1.8354965592579078,-0.22376668822285872,-2.434035394542732,2.434035394542732,-0.5174001701746129,-1.2027745701779144,2.015457507742905,0.7605883404680315,-0.7605883404680315,-0.2585739064876405,0.6521063704999376,-0.5553178338692093,-0.2368862763303714,0.6077853116640998,-0.5258533437475079,1
0.1535777027939155,-0.6769854331646402,0.2283522095274668,-0.42976823769339856,0.795169076391934,-0.3608834747841887,-0.5237418787490222,0.5237418787490222,0.9340497736158585,-0.4833357480863082,-0.5448116995677182,-0.22376668822285872,0.4108403691425631,-0.410840369142563,1.9327399905232316,-1.2027745701779144,-0.49616526081956064,-1.314771666608307,1.314771666608307,3.867366253554276,-1.5334921498057892,-0.5553178338692093,-0.2368862763303714,-1.6453178133937247,1.901670897200107,1
-0.06073034635196655,-0.45408207645595067,0.38273988131353803,-0.6281394403515264,1.0783130457022572,-0.3608834747841887,-0.5237418787490222,0.5237418787490222,0.9340497736158585,-0.4833357480863082,-0.5448116995677182,-0.22376668822285872,0.4108403691425631,-0.410840369142563,-0.5174001701746129,0.83141099321054,-0.49616526081956064,-1.314771666608307,1.314771666608307,-0.2585739064876405,0.6521063704999376,-0.5553178338692093,-0.2368862763303714,-1.6453178133937247,1.901670897200107,1
-0.16788437092490754,-0.6769854331646402,1.1274333569875286,1.3555725862297503,-0.6205507701596821,-0.3608834747841887,-0.5237418787490222,0.5237418787490222,-1.0706067580626215,2.068955180657219,-0.5448116995677182,-0.22376668822285872,0.4108403691425631,-0.410840369142563,-0.5174001701746129,0.83141099321054,-0.49616526081956064,0.7605883404680315,-0.7605883404680315,-0.2585739064876405,-1.5334921498057892,1.8007705479804994,-0.2368862763303714,0.6077853116640998,-0.5258533437475079,0
0.6893478256586207,1.552048133922254,0.600698947364462,0.7604589782553673,-0.3374068008493588,-0.3608834747841887,-0.5237418787490222,0.5237418787490222,-1.0706067580626215,2.068955180657219,-0.5448116995677182,-0.22376668822285872,-2.434035394542732,2.434035394542732,-0.5174001701746129,-1.2027745701779144,2.015457507742905,0.7605883404680315,-0.7605883404680315,-0.2585739064876405,0.6521063704999376,-0.5553178338692093,-0.2368862763303714,0.6077853116640998,-0.5258533437475079,1
-2.6324269361025516,-0.6769854331646402,0.38273988131353803,0.879481699850244,-0.8093134163665643,-0.3608834747841887,-0.5237418787490222,0.5237418787490222,-1.0706067580626215,2.068955180657219,-0.5448116995677182,-0.22376668822285872,0.4108403691425631,-0.410840369142563,-0.5174001701746129,0.83141099321054,-0.49616526081956064,0.7605883404680315,-0.7605883404680315,-0.2585739064876405,0.6521063704999376,-0.5553178338692093,-0.2368862763303714,0.6077853116640998,-0.5258533437475079,0
-0.5965004692166718,1.552048133922254,1.1637598679960157,-1.818366656300292,0.6064064301850519,-0.3608834747841887,-0.5237418787490222,0.5237418787490222,0.9340497736158585,-0.4833357480863082,-0.5448116995677182,-0.22376668822285872,0.4108403691425631,-0.410840369142563,-0.5174001701746129,0.83141099321054,-0.49616526081956064,-1.314771666608307,1.314771666608307,-0.2585739064876405,0.6521063704999376,-0.5553178338692093,-0.2368862763303714,0.6077853116640998,-0.5258533437475079,1
0.046423678220974374,-0.11972704139291655,-0.17123941156589387,0.08599688921773323,-0.3374068008493588,-0.3608834747841887,-0.5237418787490222,0.5237418787490222,-1.0706067580626215,2.068955180657219,-0.5448116995677182,-0.22376668822285872,0.4108403691425631,-0.410840369142563,-0.5174001701746129,-1.2027745701779144,2.015457507742905,0.7605883404680315,-0.7605883404680315,-0.2585739064876405,0.6521063704999376,-0.5553178338692093,-0.2368862763303714,0.6077853116640998,-0.5258533437475079,0
-1.560886690373141,-1.2342438249363639,0.655188713877193,-0.23139703503527093,-0.8093134163665643,-0.3608834747841887,-0.5237418787490222,0.5237418787490222,0.9340497736158585,-0.4833357480863082,-0.5448116995677182,-0.22376668822285872,0.4108403691425631,-0.410840369142563,-0.5174001701746129,0.83141099321054,-0.49616526081956064,0.7605883404680315,-0.7605883404680315,-0.2585739064876405,0.6521063704999376,-0.5553178338692093,-0.2368862763303714,0.6077853116640998,-0.5258533437475079,0
-1.2394246166543181,1.552048133922254,-0.4890963828901581,0.3240423324074865,-0.8093134163665643,-0.3608834747841887,-0.5237418787490222,0.5237418787490222,-1.0706067580626215,-0.4833357480863082,1.8354965592579078,-0.22376668822285872,0.4108403691425631,-0.410840369142563,-0.5174001701746129,0.83141099321054,-0.49616526081956064,0.7605883404680315,-0.7605883404680315,-0.2585739064876405,0.6521063704999376,-0.5553178338692093,-0.2368862763303714,0.6077853116640998,-0.5258533437475079,0
-1.2394246166543181,0.43753135037880697,1.427127072807549,1.2762241051664993,-0.8093134163665643,-0.3608834747841887,-0.5237418787490222,0.5237418787490222,0.9340497736158585,-0.4833357480863082,-0.5448116995677182,-0.22376668822285872,0.4108403691425631,-0.410840369142563,-0.5174001701746129,0.83141099321054,-0.49616526081956064,0.7605883404680315,-0.7605883404680315,-0.2585739064876405,0.6521063704999376,-0.5553178338692093,-0.2368862763303714,0.6077853116640998,-0.5258533437475079,0
-0.7036544937896128,0.43753135037880697,0.6824335971335586,-0.5091167187566498,-0.8093134163665643,-0.3608834747841887,-0.5237418787490222,0.5237418787490222,0.9340497736158585,-0.4833357480863082,-0.5448116995677182,-0.22376668822285872,-2.434035394542732,2.434035394542732,-0.5174001701746129,0.83141099321054,-0.49616526081956064,-1.314771666608307,1.314771666608307,-0.2585739064876405,0.6521063704999376,-0.5553178338692093,-0.2368862763303714,0.6077853116640998,-0.5258533437475079,0
-0.7036544937896128,1.2734189380363925,-1.8240956624520681,-0.7868364024780284,0.13449981466784652,-0.3608834747841887,-0.5237418787490222,0.5237418787490222,-1.0706067580626215,-0.4833357480863082,1.8354965592579078,-0.22376668822285872,0.4108403691425631,-0.410840369142563,-0.5174001701746129,0.83141099321054,-0.49616526081956064,-1.314771666608307,1.314771666608307,-0.2585739064876405,0.6521063704999376,-0.5553178338692093,-0.2368862763303714,0.6077853116640998,-0.5258533437475079,1
-1.3465786412272591,-0.11972704139291655,0.11937267650200474,1.196875624103248,1.0783130457022572,-0.3608834747841887,-0.5237418787490222,0.5237418787490222,-1.0706067580626215,-0.4833357480863082,1.8354965592579078,-0.22376668822285872,0.4108403691425631,-0.410840369142563,1.9327399905232316,-1.2027745701779144,-0.49616526081956064,0.7605883404680315,-0.7605883404680315,-0.2585739064876405,0.6521063704999376,-0.5553178338692093,-0.2368862763303714,0.6077853116640998,-0.5258533437475079,0
1.225117948523326,0.9947897421505305,0.21927058177534492,-0.9455333646045305,0.13449981466784652,4.4846373268913196,1.9093374820217521,-1.9093374820217521,0.9340497736158585,-0.4833357480863082,-0.5448116995677182,-0.22376668822285872,0.4108403691425631,-0.410840369142563,1.9327399905232316,-1.2027745701779144,-0.49616526081956064,0.7605883404680315,-0.7605883404680315,-0.2585739064876405,0.6521063704999376,-0.5553178338692093,-0.2368862763303714,-1.6453178133937247,1.901670897200107,1
1.9751961205339128,-0.11972704139291655,0.09212779324563922,0.08599688921773323,-0.3374068008493588,-0.3608834747841887,-0.5237418787490222,0.5237418787490222,0.9340497736158585,-0.4833357480863082,-0.5448116995677182,-0.22376668822285872,0.4108403691425631,-0.410840369142563,-0.5174001701746129,0.83141099321054,-0.49616526081956064,0.7605883404680315,-0.7605883404680315,-0.2585739064876405,0.6521063704999376,-0.5553178338692093,-0.2368862763303714,0.6077853116640998,-0.5258533437475079,1
-0.16788437092490754,-0.11972704139291655,0.21927058177534492,-0.7074879214147773,1.0783130457022572,-0.3608834747841887,-0.5237418787490222,0.5237418787490222,0.9340497736158585,-0.4833357480863082,-0.5448116995677182,-0.22376668822285872,0.4108403691425631,-0.410840369142563,-0.5174001701746129,0.83141099321054,-0.49616526081956064,-1.314771666608307,1.314771666608307,-0.2585739064876405,0.6521063704999376,-0.5553178338692093,-0.2368862763303714,0.6077853116640998,-0.5258533437475079,1
1.225117948523326,-0.11972704139291655,1.009372196209945,0.08599688921773323,-0.3374068008493588,-0.3608834747841887,-0.5237418787490222,0.5237418787490222,0.9340497736158585,-0.4833357480863082,-0.5448116995677182,-0.22376668822285872,0.4108403691425631,-0.410840369142563,1.9327399905232316,-1.2027745701779144,-0.49616526081956064,0.7605883404680315,-0.7605883404680315,-0.2585739064876405,0.6521063704999376,-0.5553178338692093,-0.2368862763303714,0.6077853116640998,-0.5258533437475079,1
1.117963923950385,-2.070131412593949,-1.8240956624520681,0.28436809187586093,0.22888113777128763,-0.3608834747841887,1.9093374820217521,-1.9093374820217521,0.9340497736158585,-0.4833357480863082,-0.5448116995677182,-0.22376668822285872,0.4108403691425631,-0.410840369142563,-0.5174001701746129,0.83141099321054,-0.49616526081956064,0.7605883404680315,-0.7605883404680315,3.867366253554276,-1.5334921498057892,-0.5553178338692093,-0.2368862763303714,0.6077853116640998,-0.5258533437475079,1
0.5821938010856796,1.552048133922254,0.655188713877193,-0.5091167187566498,-0.8093134163665643,-0.3608834747841887,-0.5237418787490222,0.5237418787490222,-1.0706067580626215,-0.4833357480863082,-0.5448116995677182,4.468940430507949,0.4108403691425631,-0.410840369142563,1.9327399905232316,-1.2027745701779144,-0.49616526081956064,0.7605883404680315,-0.7605883404680315,-0.2585739064876405,-1.5334921498057892,1.8007705479804994,-0.2368862763303714,0.6077853116640998,-0.5258533437475079,1
-1.025116567508436,0.43753135037880697,0.3100868592965633,1.672966510482755,-0.8093134163665643,-0.3608834747841887,-0.5237418787490222,0.5237418787490222,-1.0706067580626215,-0.4833357480863082,1.8354965592579078,-0.22376668822285872,0.4108403691425631,-0.410840369142563,1.9327399905232316,-1.2027745701779144,-0.49616526081956064,0.7605883404680315,-0.7605883404680315,-0.2585739064876405,-1.5334921498057892,1.8007705479804994,-0.2368862763303714,0.6077853116640998,-0.5258533437475079,0
-1.9895027886649055,0.9947897421505305,0.5734540641080966,1.196875624103248,-0.8093134163665643,-0.3608834747841887,-0.5237418787490222,0.5237418787490222,-1.0706067580626215,2.068955180657219,-0.5448116995677182,-0.22376668822285872,0.4108403691425631,-0.410840369142563,-0.5174001701746129,0.83141099321054,-0.49616526081956064,0.7605883404680315,-0.7605883404680315,-0.2585739064876405,0.6521063704999376,-0.5553178338692093,-0.2368862763303714,0.6077853116640998,-0.5258533437475079,0
0.5821938010856796,-0.11972704139291655,-0.11674964505316289,-0.5487909592882753,0.13449981466784652,-0.3608834747841887,1.9093374820217521,-1.9093374820217521,-1.0706067580626215,2.068955180657219,-0.5448116995677182,-0.22376668822285872,0.4108403691425631,-0.410840369142563,-0.5174001701746129,0.83141099321054,-0.49616526081956064,0.7605883404680315,-0.7605883404680315,-0.2585739064876405,0.6521063704999376,-0.5553178338692093,-0.2368862763303714,0.6077853116640998,-0.5258533437475079,0
1.0108098993774437,2.109306525693978,-0.21664755032650307,-2.135760580553297,1.550219661219463,-0.3608834747841887,-0.5237418787490222,0.5237418787490222,0.9340497736158585,-0.4833357480863082,-0.5448116995677182,-0.22376668822285872,0.4108403691425631,-0.410840369142563,-0.5174001701746129,0.83141099321054,-0.49616526081956064,-1.314771666608307,1.314771666608307,3.867366253554276,-1.5334921498057892,-0.5553178338692093,-0.2368862763303714,0.6077853116640998,-0.5258533437475079,1
-0.8108085183625539,0.10317631531577283,0.9912089407057011,-0.4694424782250241,-0.8093134163665643,-0.3608834747841887,-0.5237418787490222,0.5237418787490222,0.9340497736158585,-0.4833357480863082,-0.5448116995677182,-0.22376668822285872,0.4108403691425631,-0.410840369142563,-0.5174001701746129,0.83141099321054,-0.49616526081956064,0.7605883404680315,-0.7605883404680315,-0.2585739064876405,0.6521063704999376,-0.5553178338692093,-0.2368862763303714,0.6077853116640998,-0.5258533437475079,1
0.1535777027939155,0.7161605462646687,1.1365149847396505,0.6811104971921162,-0.8093134163665643,-0.3608834747841887,-0.5237418787490222,0.5237418787490222,-1.0706067580626215,2.068955180657219,-0.5448116995677182,-0.22376668822285872,0.4108403691425631,-0.410840369142563,-0.5174001701746129,0.83141099321054,-0.49616526081956064,0.7605883404680315,-0.7605883404680315,-0.2585739064876405,0.6521063704999376,-0.5553178338692093,-0.2368862763303714,0.6077853116640998,-0.5258533437475079,0
0.47503977651273854,-1.2342438249363639,-0.025933367531944508,-1.104230326731033,-0.8093134163665643,-0.3608834747841887,-0.5237418787490222,0.5237418787490222,0.9340497736158585,-0.4833357480863082,-0.5448116995677182,-0.22376668822285872,0.4108403691425631,-0.410840369142563,-0.5174001701746129,0.83141099321054,-0.49616526081956064,0.7605883404680315,-0.7605883404680315,-0.2585739064876405,0.6521063704999376,-0.5553178338692093,-0.2368862763303714,0.6077853116640998,-0.5258533437475079,1
0.2607317273668565,-0.11972704139291655,0.5008010420911219,0.16534537028098428,-0.24302547774591776,1.2542901257743142,-0.5237418787490222,0.5237418787490222,-1.0706067580626215,-0.4833357480863082,1.8354965592579078,-0.22376668822285872,-2.434035394542732,2.434035394542732,1.9327399905232316,-1.2027745701779144,-0.49616526081956064,-1.314771666608307,1.314771666608307,-0.2585739064876405,0.6521063704999376,-0.5553178338692093,4.221434924348927,-1.6453178133937247,-0.5258533437475079,1
-0.7036544937896128,0.9947897421505305,0.2283522095274668,-1.580321213110539,0.6064064301850519,-0.3608834747841887,-0.5237418787490222,0.5237418787490222,0.9340497736158585,-0.4833357480863082,-0.5448116995677182,-0.22376668822285872,0.4108403691425631,-0.410840369142563,-0.5174001701746129,0.83141099321054,-0.49616526081956064,-1.314771666608307,1.314771666608307,-0.2585739064876405,0.6521063704999376,-0.5553178338692093,-0.2368862763303714,-1.6453178133937247,1.901670897200107,1
0.36788575193979756,-1.2342438249363639,0.001311515724420834,-0.4694424782250241,0.6064064301850519,-0.3608834747841887,-0.5237418787490222,0.5237418787490222,0.9340497736158585,-0.4833357480863082,-0.5448116995677182,-0.22376668822285872,0.4108403691425631,-0.410840369142563,-0.5174001701746129,0.83141099321054,-0.49616526081956064,-1.314771666608307,1.314771666608307,-0.2585739064876405,0.6521063704999376,-0.5553178338692093,4.221434924348927,-1.6453178133937247,-0.5258533437475079,0
0.9036558748045028,0.9947897421505305,0.39182150906565977,0.6414362566604908,0.5120251070816108,-0.3608834747841887,1.9093374820217521,-1.9093374820217521,0.9340497736158585,-0.4833357480863082,-0.5448116995677182,-0.22376668822285872,0.4108403691425631,-0.410840369142563,-0.5174001701746129,0.83141099321054,-0.49616526081956064,-1.314771666608307,1.314771666608307,-0.2585739064876405,0.6521063704999376,-0.5553178338692093,-0.2368862763303714,0.6077853116640998,-0.5258533437475079,1
-0.16788437092490754,-0.5655337548102956,-1.8240956624520681,-1.104230326731033,1.0783130457022572,-0.3608834747841887,-0.5237418787490222,0.5237418787490222,-1.0706067580626215,-0.4833357480863082,1.8354965592579078,-0.22376668822285872,0.4108403691425631,-0.410840369142563,-0.5174001701746129,0.83141099321054,-0.49616526081956064,-1.314771666608307,1.314771666608307,3.867366253554276,-1.5334921498057892,-0.5553178338692093,-0.2368862763303714,0.6077853116640998,-0.5258533437475079,1
0.47503977651273854,-1.0113404682276743,1.0638619627226757,0.08599688921773323,3.3434648001848437,4.4846373268913196,-0.5237418787490222,0.5237418787490222,0.9340497736158585,-0.4833357480863082,-0.5448116995677182,-0.22376668822285872,0.4108403691425631,-0.410840369142563,-0.5174001701746129,-1.2027745701779144,2.015457507742905,0.7605883404680315,-0.7605883404680315,3.867366253554276,-1.5334921498057892,-0.5553178338692093,4.221434924348927,-1.6453178133937247,-0.5258533437475079,1
-0.7036544937896128,0.43753135037880697,0.5098826698432436,-0.11237431344039435,0.13449981466784652,-0.3608834747841887,1.9093374820217521,-1.9093374820217521,-1.0706067580626215,2.068955180657219,-0.5448116995677182,-0.22376668822285872,0.4108403691425631,-0.410840369142563,-0.5174001701746129,0.83141099321054,-0.49616526081956064,0.7605883404680315,-0.7605883404680315,-0.2585739064876405,-1.5334921498057892,1.8007705479804994,-0.2368862763303714,0.6077853116640998,-0.5258533437475079,0
0.5821938010856796,-0.45408207645595067,0.20110732627110126,-0.8265106430096539,0.13449981466784652,-0.3608834747841887,-0.5237418787490222,0.5237418787490222,0.9340497736158585,-0.4833357480863082,-0.5448116995677182,-0.22376668822285872,0.4108403691425631,-0.410840369142563,-0.5174001701746129,0.83141099321054,-0.49616526081956064,-1.314771666608307,1.314771666608307,-0.2585739064876405,0.6521063704999376,-0.5553178338692093,-0.2368862763303714,0.6077853116640998,-0.5258533437475079,1
-0.2750383954978486,-1.2342438249363639,-1.8240956624520681,-1.818366656300292,-0.8093134163665643,-0.3608834747841887,-0.5237418787490222,0.5237418787490222,0.9340497736158585,-0.4833357480863082,-0.5448116995677182,-0.22376668822285872,0.4108403691425631,-0.410840369142563,-0.5174001701746129,0.83141099321054,-0.49616526081956064,0.7605883404680315,-0.7605883404680315,-0.2585739064876405,0.6521063704999376,-0.5553178338692093,-0.2368862763303714,0.6077853116640998,-0.5258533437475079,1
-1.3465786412272591,-1.2342438249363639,0.8004947579111423,1.2762241051664993,-0.8093134163665643,-0.3608834747841887,-0.5237418787490222,0.5237418787490222,0.9340497736158585,-0.4833357480863082,-0.5448116995677182,-0.22376668822285872,0.4108403691425631,-0.410840369142563,-0.5174001701746129,0.83141099321054,-0.49616526081956064,0.7605883404680315,-0.7605883404680315,-0.2585739064876405,0.6521063704999376,-0.5553178338692093,4.221434924348927,-1.6453178133937247,-0.5258533437475079,1
-2.41811888695667,-1.7915022167080872,0.16478081526261396,0.48273929453398856,-0.8093134163665643,-0.3608834747841887,1.9093374820217521,-1.9093374820217521,-1.0706067580626215,2.068955180657219,-0.5448116995677182,-0.22376668822285872,0.4108403691425631,-0.410840369142563,-0.5174001701746129,-1.2027745701779144,2.015457507742905,0.7605883404680315,-0.7605883404680315,-0.2585739064876405,0.6521063704999376,-0.5553178338692093,-0.2368862763303714,0.6077853116640998,-0.5258533437475079,0
1.3322719730962669,0.7718863854418411,0.7005968526378022,0.5620877755972397,-0.8093134163665643,1.2542901257743142,1.9093374820217521,-1.9093374820217521,-1.0706067580626215,-0.4833357480863082,1.8354965592579078,-0.22376668822285872,0.4108403691425631,-0.410840369142563,1.9327399905232316,-1.2027745701779144,-0.49616526081956064,0.7605883404680315,-0.7605883404680315,-0.2585739064876405,0.6521063704999376,-0.5553178338692093,-0.2368862763303714,0.6077853116640998,-0.5258533437475079,0
0.1535777027939155,0.43753135037880697,0.6097805751165839,-0.3900939971617731,0.6064064301850519,-0.3608834747841887,-0.5237418787490222,0.5237418787490222,0.9340497736158585,-0.4833357480863082,-0.5448116995677182,-0.22376668822285872,0.4108403691425631,-0.410840369142563,-0.5174001701746129,0.83141099321054,-0.49616526081956064,-1.314771666608307,1.314771666608307,-0.2585739064876405,0.6521063704999376,-0.5553178338692093,-0.2368862763303714,0.6077853116640998,-0.5258533437475079,1
0.47503977651273854,-0.11972704139291655,0.2828419760401978,0.08599688921773323,-0.3374068008493588,-0.3608834747841887,-0.5237418787490222,0.5237418787490222,-1.0706067580626215,-0.4833357480863082,1.8354965592579078,-0.22376668822285872,0.4108403691425631,-0.410840369142563,-0.5174001701746129,-1.2027745701779144,2.015457507742905,0.7605883404680315,-0.7605883404680315,-0.2585739064876405,0.6521063704999376,-0.5553178338692093,-0.2368862763303714,0.6077853116640998,-0.5258533437475079,1
0.2607317273668565,-0.3983562372787783,-1.8240956624520681,-1.3819500104524118,0.13449981466784652,-0.3608834747841887,-0.5237418787490222,0.5237418787490222,0.9340497736158585,-0.4833357480863082,-0.5448116995677182,-0.22376668822285872,-2.434035394542732,2.434035394542732,-0.5174001701746129,0.83141099321054,-0.49616526081956064,-1.314771666608307,1.314771666608307,-0.2585739064876405,0.6521063704999376,-0.5553178338692093,-0.2368862763303714,-1.6453178133937247,1.901670897200107,1
0.6893478256586207,-0.6769854331646402,-1.8240956624520681,-0.1917227945036454,1.0783130457022572,-0.3608834747841887,-0.5237418787490222,0.5237418787490222,0.9340497736158585,-0.4833357480863082,-0.5448116995677182,-0.22376668822285872,0.4108403691425631,-0.410840369142563,-0.5174001701746129,0.83141099321054,-0.49616526081956064,-1.314771666608307,1.314771666608307,-0.2585739064876405,-1.5334921498057892,1.8007705479804994,-0.2368862763303714,-1.6453178133937247,1.901670897200107,0
-1.560886690373141,3.2238233092374244,0.3645766258092943,-1.262927288857535,-0.8093134163665643,-0.3608834747841887,-0.5237418787490222,0.5237418787490222,-1.0706067580626215,2.068955180657219,-0.5448116995677182,-0.22376668822285872,0.4108403691425631,-0.410840369142563,-0.5174001701746129,0.83141099321054,-0.49616526081956064,0.7605883404680315,-0.7605883404680315,-0.2585739064876405,0.6521063704999376,-0.5553178338692093,-0.2368862763303714,0.6077853116640998,-0.5258533437475079,0
-0.38219242007078963,0.7161605462646687,0.5734540641080966,0.48273929453398856,-0.8093134163665643,-0.3608834747841887,-0.5237418787490222,0.5237418787490222,0.9340497736158585,-0.4833357480863082,-0.5448116995677182,-0.22376668822285872,0.4108403691425631,-0.410840369142563,-0.5174001701746129,0.83141099321054,-0.49616526081956064,0.7605883404680315,-0.7605883404680315,-0.2585739064876405,0.6521063704999376,-0.5553178338692093,-0.2368862763303714,0.6077853116640998,-0.5258533437475079,1
-0.38219242007078963,-1.2342438249363639,0.010393143476542714,0.28436809187586093,-0.8093134163665643,-0.3608834747841887,1.9093374820217521,-1.9093374820217521,-1.0706067580626215,2.068955180657219,-0.5448116995677182,-0.22376668822285872,0.4108403691425631,-0.410840369142563,-0.5174001701746129,0.83141099321054,-0.49616526081956064,0.7605883404680315,-0.7605883404680315,-0.2585739064876405,0.6521063704999376,-0.5553178338692093,-0.2368862763303714,0.6077853116640998,-0.5258533437475079,0
0.47503977651273854,-0.3983562372787783,0.9003926631844826,1.315898345698125,-0.8093134163665643,2.8694637263328175,-0.5237418787490222,0.5237418787490222,0.9340497736158585,-0.4833357480863082,-0.5448116995677182,-0.22376668822285872,0.4108403691425631,-0.410840369142563,1.9327399905232316,-1.2027745701779144,-0.49616526081956064,0.7605883404680315,-0.7605883404680315,-0.2585739064876405,-1.5334921498057892,1.8007705479804994,-0.2368862763303714,-1.6453178133937247,1.901670897200107,1
1.0108098993774437,-0.11972704139291655,-1.8240956624520681,0.879481699850244,2.0221262767366683,-0.3608834747841887,-0.5237418787490222,0.5237418787490222,-1.0706067580626215,-0.4833357480863082,1.8354965592579078,-0.22376668822285872,-2.434035394542732,2.434035394542732,-0.5174001701746129,-1.2027745701779144,2.015457507742905,0.7605883404680315,-0.7605883404680315,-0.2585739064876405,0.6521063704999376,-0.5553178338692093,-0.2368862763303714,0.6077853116640998,-0.5258533437475079,0
0.1535777027939155,-0.6769854331646402,-1.8240956624520681,-1.818366656300292,-0.5261694470562411,-0.3608834747841887,-0.5237418787490222,0.5237418787490222,0.9340497736158585,-0.4833357480863082,-0.5448116995677182,-0.22376668822285872,0.4108403691425631,-0.410840369142563,-0.5174001701746129,-1.2027745701779144,2.015457507742905,0.7605883404680315,-0.7605883404680315,-0.2585739064876405,-1.5334921498057892,1.8007705479804994,-0.2368862763303714,-1.6453178133937247,1.901670897200107,1
0.2607317273668565,-0.6769854331646402,-1.8240956624520681,-1.5009727320472883,-1.7531266474009748,-0.3608834747841887,-0.5237418787490222,0.5237418787490222,0.9340497736158585,-0.4833357480863082,-0.5448116995677182,-0.22376668822285872,0.4108403691425631,-0.410840369142563,-0.5174001701746129,-1.2027745701779144,2.015457507742905,-1.314771666608307,1.314771666608307,3.867366253554276,-1.5334921498057892,-0.5553178338692093,-0.2368862763303714,-1.6453178133937247,1.901670897200107,1
0.2607317273668565,-0.11972704139291655,0.18294407076685762,0.9985044214451204,-0.8093134163665643,-0.3608834747841887,-0.5237418787490222,0.5237418787490222,-1.0706067580626215,2.068955180657219,-0.5448116995677182,-0.22376668822285872,0.4108403691425631,-0.410840369142563,1.9327399905232316,-1.2027745701779144,-0.49616526081956064,0.7605883404680315,-0.7605883404680315,-0.2585739064876405,-1.5334921498057892,1.8007705479804994,-0.2368862763303714,-1.6453178133937247,1.901670897200107,0
0.36788575193979756,0.43753135037880697,0.5371275530996091,0.08599688921773323,-0.8093134163665643,-0.3608834747841887,-0.5237418787490222,0.5237418787490222,-1.0706067580626215,2.068955180657219,-0.5448116995677182,-0.22376668822285872,-2.434035394542732,2.434035394542732,-0.5174001701746129,0.83141099321054,-0.49616526081956064,0.7605883404680315,-0.7605883404680315,-0.2585739064876405,0.6521063704999376,-0.5553178338692093,4.221434924348927,-1.6453178133937247,-0.5258533437475079,0
0.5821938010856796,-0.3983562372787783,-1.8240956624520681,1.474595307824627,1.644600984322904,-0.3608834747841887,-0.5237418787490222,0.5237418787490222,-1.0706067580626215,-0.4833357480863082,1.8354965592579078,-0.22376668822285872,0.4108403691425631,-0.410840369142563,-0.5174001701746129,0.83141099321054,-0.49616526081956064,0.7605883404680315,-0.7605883404680315,-0.2585739064876405,0.6521063704999376,-0.5553178338692093,-0.2368862763303714,0.6077853116640998,-0.5258533437475079,1
0.2607317273668565,-0.6769854331646402,-0.9159328872398843,-0.7074879214147773,0.6064064301850519,-0.3608834747841887,-0.5237418787490222,0.5237418787490222,0.9340497736158585,-0.4833357480863082,-0.5448116995677182,-0.22376668822285872,0.4108403691425631,-0.410840369142563,-0.5174001701746129,0.83141099321054,-0.49616526081956064,-1.314771666608307,1.314771666608307,-0.2585739064876405,0.6521063704999376,-0.5553178338692093,-0.2368862763303714,-1.6453178133937247,1.901670897200107,1
-0.5965004692166718,-0.6769854331646402,0.5371275530996091,-0.905859124072905,1.0783130457022572,-0.3608834747841887,-0.5237418787490222,0.5237418787490222,0.9340497736158585,-0.4833357480863082,-0.5448116995677182,-0.22376668822285872,0.4108403691425631,-0.410840369142563,-0.5174001701746129,0.83141099321054,-0.49616526081956064,0.7605883404680315,-0.7605883404680315,-0.2585739064876405,0.6521063704999376,-0.5553178338692093,-0.2368862763303714,0.6077853116640998,-0.5258533437475079,1
-0.9179625429354947,-0.008275363038571926,0.8731477799281171,0.24469385134423535,-0.8093134163665643,-0.3608834747841887,1.9093374820217521,-1.9093374820217521,0.9340497736158585,-0.4833357480863082,-0.5448116995677182,-0.22376668822285872,0.4108403691425631,-0.410840369142563,-0.5174001701746129,0.83141099321054,-0.49616526081956064,0.7605883404680315,-0.7605883404680315,-0.2585739064876405,0.6521063704999376,-0.5553178338692093,-0.2368862763303714,0.6077853116640998,-0.5258533437475079,0
-1.132270592081377,0.5489830287331516,0.055801282237151896,0.006648408154482164,-0.8093134163665643,-0.3608834747841887,-0.5237418787490222,0.5237418787490222,-1.0706067580626215,2.068955180657219,-0.5448116995677182,-0.22376668822285872,0.4108403691425631,-0.410840369142563,-0.5174001701746129,0.83141099321054,-0.49616526081956064,0.7605883404680315,-0.7605883404680315,-0.2585739064876405,0.6521063704999376,-0.5553178338692093,-0.2368862763303714,0.6077853116640998,-0.5258533437475079,0
0.1535777027939155,-1.2342438249363639,0.6915152248856804,0.879481699850244,-0.8093134163665643,-0.3608834747841887,-0.5237418787490222,0.5237418787490222,-1.0706067580626215,-0.4833357480863082,1.8354965592579078,-0.22376668822285872,0.4108403691425631,-0.410840369142563,-0.5174001701746129,0.83141099321054,-0.49616526081956064,0.7605883404680315,-0.7605883404680315,-0.2585739064876405,0.6521063704999376,-0.5553178338692093,-0.2368862763303714,0.6077853116640998,-0.5258533437475079,0
-1.3465786412272591,-0.6769854331646402,-0.39828010536893976,1.7523149915460057,-0.8093134163665643,-0.3608834747841887,-0.5237418787490222,0.5237418787490222,-1.0706067580626215,2.068955180657219,-0.5448116995677182,-0.22376668822285872,0.4108403691425631,-0.410840369142563,-0.5174001701746129,0.83141099321054,-0.49616526081956064,0.7605883404680315,-0.7605883404680315,-0.2585739064876405,-1.5334921498057892,1.8007705479804994,-0.2368862763303714,0.6077853116640998,-0.5258533437475079,0
0.7965018502315617,0.7161605462646687,0.9639640574493354,0.3240423324074865,0.13449981466784652,-0.3608834747841887,1.9093374820217521,-1.9093374820217521,0.9340497736158585,-0.4833357480863082,-0.5448116995677182,-0.22376668822285872,0.4108403691425631,-0.410840369142563,1.9327399905232316,-1.2027745701779144,-0.49616526081956064,-1.314771666608307,1.314771666608307,-0.2585739064876405,0.6521063704999376,-0.5553178338692093,-0.2368862763303714,-1.6453178133937247,1.901670897200107,1
-0.2750383954978486,-0.3983562372787783,0.40090313681778167,1.1175271430399971,1.4558383381160216,-0.3608834747841887,-0.5237418787490222,0.5237418787490222,-1.0706067580626215,-0.4833357480863082,1.8354965592579078,-0.22376668822285872,-2.434035394542732,2.434035394542732,1.9327399905232316,-1.2027745701779144,-0.49616526081956064,0.7605883404680315,-0.7605883404680315,-0.2585739064876405,0.6521063704999376,-0.5553178338692093,-0.2368862763303714,0.6077853116640998,-0.5258533437475079,0
0.36788575193979756,2.6665649174657013,1.327229167534209,-0.4694424782250241,-0.05426283153903558,-0.3608834747841887,1.9093374820217521,-1.9093374820217521,0.9340497736158585,-0.4833357480863082,-0.5448116995677182,-0.22376668822285872,0.4108403691425631,-0.410840369142563,-0.5174001701746129,-1.2027745701779144,2.015457507742905,-1.314771666608307,1.314771666608307,-0.2585739064876405,0.6521063704999376,-0.5553178338692093,-0.2368862763303714,0.6077853116640998,-0.5258533437475079,0
1.868042095960972,-1.2342438249363639,0.5825356918602184,-0.31074551609852197,-0.8093134163665643,1.2542901257743142,1.9093374820217521,-1.9093374820217521,-1.0706067580626215,-0.4833357480863082,1.8354965592579078,-0.22376668822285872,-2.434035394542732,2.434035394542732,1.9327399905232316,-1.2027745701779144,-0.49616526081956064,0.7605883404680315,-0.7605883404680315,-0.2585739064876405,-1.5334921498057892,1.8007705479804994,-0.2368862763303714,0.6077853116640998,-0.5258533437475079,0
0.47503977651273854,0.15890215449294506,0.19202569851897938,-1.5009727320472883,-0.8093134163665643,-0.3608834747841887,-0.5237418787490222,0.5237418787490222,0.9340497736158585,-0.4833357480863082,-0.5448116995677182,-0.22376668822285872,0.4108403691425631,-0.410840369142563,-0.5174001701746129,0.83141099321054,-0.49616526081956064,0.7605883404680315,-0.7605883404680315,-0.2585739064876405,0.6521063704999376,-0.5553178338692093,-0.2368862763303714,0.6077853116640998,-0.5258533437475079,0
1.4394259976692079,1.552048133922254,1.663249394362717,-0.31074551609852197,-0.8093134163665643,-0.3608834747841887,-0.5237418787490222,0.5237418787490222,0.9340497736158585,-0.4833357480863082,-0.5448116995677182,-0.22376668822285872,-2.434035394542732,2.434035394542732,-0.5174001701746129,-1.2027745701779144,2.015457507742905,-1.314771666608307,1.314771666608307,-0.2585739064876405,0.6521063704999376,-0.5553178338692093,-0.2368862763303714,0.6077853116640998,-0.5258533437475079,1
0.1535777027939155,0.43753135037880697,-1.8240956624520681,-2.175434821084922,-0.8093134163665643,-0.3608834747841887,-0.5237418787490222,0.5237418787490222,0.9340497736158585,-0.4833357480863082,-0.5448116995677182,-0.22376668822285872,0.4108403691425631,-0.410840369142563,-0.5174001701746129,0.83141099321054,-0.49616526081956064,0.7605883404680315,-0.7605883404680315,-0.2585739064876405,0.6521063704999376,-0.5553178338692093,-0.2368862763303714,-1.6453178133937247,1.901670897200107,1
-0.2750383954978486,0.43753135037880697,0.8913110354323608,1.3952468267613758,0.7007877532884931,-0.3608834747841887,-0.5237418787490222,0.5237418787490222,0.9340497736158585,-0.4833357480863082,-0.5448116995677182,-0.22376668822285872,0.4108403691425631,-0.410840369142563,-0.5174001701746129,0.83141099321054,-0.49616526081956064,-1.314771666608307,1.314771666608307,-0.2585739064876405,-1.5334921498057892,1.8007705479804994,-0.2368862763303714,-1.6453178133937247,1.901670897200107,1
-0.4893464446437307,-0.11972704139291655,0.5916173196123402,1.315898345698125,-0.24302547774591776,-0.3608834747841887,-0.5237418787490222,0.5237418787490222,-1.0706067580626215,2.068955180657219,-0.5448116995677182,-0.22376668822285872,0.4108403691425631,-0.410840369142563,-0.5174001701746129,0.83141099321054,-0.49616526081956064,0.7605883404680315,-0.7605883404680315,-0.2585739064876405,-1.5334921498057892,1.8007705479804994,-0.2368862763303714,0.6077853116640998,-0.5258533437475079,0
1.868042095960972,-0.11972704139291655,0.18294407076685762,-0.905859124072905,-0.8093134163665643,-0.3608834747841887,-0.5237418787490222,0.5237418787490222,0.9340497736158585,-0.4833357480863082,-0.5448116995677182,-0.22376668822285872,0.4108403691425631,-0.410840369142563,-0.5174001701746129,-1.2027745701779144,2.015457507742905,-1.314771666608307,1.314771666608307,-0.2585739064876405,0.6521063704999376,-0.5553178338692093,-0.2368862763303714,0.6077853116640998,-0.5258533437475079,1
-1.025116567508436,-0.11972704139291655,0.8095763856632642,-1.5009727320472883,1.0783130457022572,-0.3608834747841887,-0.5237418787490222,0.5237418787490222,0.9340497736158585,-0.4833357480863082,-0.5448116995677182,-0.22376668822285872,0.4108403691425631,-0.410840369142563,-0.5174001701746129,0.83141099321054,-0.49616526081956064,-1.314771666608307,1.314771666608307,-0.2585739064876405,0.6521063704999376,-0.5553178338692093,-0.2368862763303714,0.6077853116640998,-0.5258533437475079,1
-0.38219242007078963,0.43753135037880697,0.13753593200624842,1.2762241051664993,-0.8093134163665643,-0.3608834747841887,-0.5237418787490222,0.5237418787490222,-1.0706067580626215,2.068955180657219,-0.5448116995677182,-0.22376668822285872,0.4108403691425631,-0.410840369142563,-0.5174001701746129,0.83141099321054,-0.49616526081956064,0.7605883404680315,-0.7605883404680315,-0.2585739064876405,0.6521063704999376,-0.5553178338692093,-0.2368862763303714,0.6077853116640998,-0.5258533437475079,0
-0.06073034635196655,-0.34263039810160606,-1.8240956624520681,-1.262927288857535,-0.8093134163665643,-0.3608834747841887,-0.5237418787490222,0.5237418787490222,0.9340497736158585,-0.4833357480863082,-0.5448116995677182,-0.22376668822285872,0.4108403691425631,-0.410840369142563,-0.5174001701746129,0.83141099321054,-0.49616526081956064,0.7605883404680315,-0.7605883404680315,-0.2585739064876405,0.6521063704999376,-0.5553178338692093,-0.2368862763303714,0.6077853116640998,-0.5258533437475079,1
-0.9179625429354947,-1.2342438249363639,-1.8240956624520681,0.006648408154482164,-0.9036947394700054,-0.3608834747841887,-0.5237418787490222,0.5237418787490222,-1.0706067580626215,-0.4833357480863082,1.8354965592579078,-0.22376668822285872,0.4108403691425631,-0.410840369142563,-0.5174001701746129,0.83141099321054,-0.49616526081956064,0.7605883404680315,-0.7605883404680315,-0.2585739064876405,-1.5334921498057892,1.8007705479804994,-0.2368862763303714,0.6077853116640998,-0.5258533437475079,0
0.046423678220974374,-0.11972704139291655,3.652125872077398,-0.5091167187566498,0.13449981466784652,-0.3608834747841887,-0.5237418787490222,0.5237418787490222,0.9340497736158585,-0.4833357480863082,-0.5448116995677182,-0.22376668822285872,-2.434035394542732,2.434035394542732,-0.5174001701746129,0.83141099321054,-0.49616526081956064,-1.314771666608307,1.314771666608307,-0.2585739064876405,0.6521063704999376,-0.5553178338692093,-0.2368862763303714,0.6077853116640998,-0.5258533437475079,1
0.5821938010856796,1.21769309885922,-1.8240956624520681,-0.2710712755668964,0.6064064301850519,-0.3608834747841887,-0.5237418787490222,0.5237418787490222,0.9340497736158585,-0.4833357480863082,-0.5448116995677182,-0.22376668822285872,0.4108403691425631,-0.410840369142563,-0.5174001701746129,-1.2027745701779144,2.015457507742905,-1.314771666608307,1.314771666608307,-0.2585739064876405,0.6521063704999376,-0.5553178338692093,-0.2368862763303714,0.6077853116640998,-0.5258533437475079,0
0.1535777027939155,2.6665649174657013,1.1455966124917722,-0.8265106430096539,2.3996515691504325,-0.3608834747841887,1.9093374820217521,-1.9093374820217521,0.9340497736158585,-0.4833357480863082,-0.5448116995677182,-0.22376668822285872,0.4108403691425631,-0.410840369142563,-0.5174001701746129,-1.2027745701779144,2.015457507742905,-1.314771666608307,1.314771666608307,-0.2585739064876405,0.6521063704999376,-0.5553178338692093,-0.2368862763303714,0.6077853116640998,-0.5258533437475079,1
-1.025116567508436,0.9947897421505305,0.7914131301590205,0.48273929453398856,2.0221262767366683,-0.3608834747841887,-0.5237418787490222,0.5237418787490222,-1.0706067580626215,2.068955180657219,-0.5448116995677182,-0.22376668822285872,0.4108403691425631,-0.410840369142563,-0.5174001701746129,0.83141099321054,-0.49616526081956064,-1.314771666608307,1.314771666608307,-0.2585739064876405,0.6521063704999376,-0.5553178338692093,-0.2368862763303714,0.6077853116640998,-0.5258533437475079,1
0.046423678220974374,-0.11972704139291655,-1.8240956624520681,0.08599688921773323,-0.3374068008493588,-0.3608834747841887,-0.5237418787490222,0.5237418787490222,0.9340497736158585,-0.4833357480863082,-0.5448116995677182,-0.22376668822285872,0.4108403691425631,-0.410840369142563,-0.5174001701746129,-1.2027745701779144,2.015457507742905,0.7605883404680315,-0.7605883404680315,-0.2585739064876405,0.6521063704999376,-0.5553178338692093,-0.2368862763303714,0.6077853116640998,-0.5258533437475079,1
0.7965018502315617,-0.11972704139291655,0.7460049913984114,0.08599688921773323,-0.3374068008493588,-0.3608834747841887,-0.5237418787490222,0.5237418787490222,-1.0706067580626215,2.068955180657219,-0.5448116995677182,-0.22376668822285872,0.4108403691425631,-0.410840369142563,-0.5174001701746129,0.83141099321054,-0.49616526081956064,0.7605883404680315,-0.7605883404680315,-0.2585739064876405,0.6521063704999376,-0.5553178338692093,-0.2368862763303714,0.6077853116640998,-0.5258533437475079,0
-1.9895027886649055,0.43753135037880697,-0.3074638278477214,0.48273929453398856,-0.8093134163665643,-0.3608834747841887,1.9093374820217521,-1.9093374820217521,0.9340497736158585,-0.4833357480863082,-0.5448116995677182,-0.22376668822285872,0.4108403691425631,-0.410840369142563,-0.5174001701746129,0.83141099321054,-0.49616526081956064,0.7605883404680315,-0.7605883404680315,-0.2585739064876405,0.6521063704999376,-0.5553178338692093,-0.2368862763303714,0.6077853116640998,-0.5258533437475079,0
-0.7036544937896128,-1.2342438249363639,-1.8240956624520681,0.4430650540023631,1.1726943688056983,-0.3608834747841887,-0.5237418787490222,0.5237418787490222,0.9340497736158585,-0.4833357480863082,-0.5448116995677182,-0.22376668822285872,0.4108403691425631,-0.410840369142563,-0.5174001701746129,-1.2027745701779144,2.015457507742905,0.7605883404680315,-0.7605883404680315,-0.2585739064876405,-1.5334921498057892,1.8007705479804994,-0.2368862763303714,0.6077853116640998,-0.5258533437475079,1
0.046423678220974374,-0.6769854331646402,0.1466175597583703,-0.03302583237714327,-0.8093134163665643,-0.3608834747841887,-0.5237418787490222,0.5237418787490222,-1.0706067580626215,-0.4833357480863082,1.8354965592579078,-0.22376668822285872,0.4108403691425631,-0.410840369142563,-0.5174001701746129,0.83141099321054,-0.49616526081956064,0.7605883404680315,-0.7605883404680315,-0.2585739064876405,0.6521063704999376,-0.5553178338692093,-0.2368862763303714,0.6077853116640998,-0.5258533437475079,0
-0.38219242007078963,-0.6769854331646402,0.16478081526261396,0.800133218786993,0.7007877532884931,-0.3608834747841887,1.9093374820217521,-1.9093374820217521,-1.0706067580626215,-0.4833357480863082,1.8354965592579078,-0.22376668822285872,0.4108403691425631,-0.410840369142563,-0.5174001701746129,0.83141099321054,-0.49616526081956064,0.7605883404680315,-0.7605883404680315,-0.2585739064876405,0.6521063704999376,-0.5553178338692093,-0.2368862763303714,0.6077853116640998,-0.5258533437475079,0
-1.2394246166543181,-1.6800505383537425,0.5825356918602184,-0.6281394403515264,-0.24302547774591776,-0.3608834747841887,1.9093374820217521,-1.9093374820217521,0.9340497736158585,-0.4833357480863082,-0.5448116995677182,-0.22376668822285872,0.4108403691425631,-0.410840369142563,1.9327399905232316,-1.2027745701779144,-0.49616526081956064,0.7605883404680315,-0.7605883404680315,-0.2585739064876405,0.6521063704999376,-0.5553178338692093,-0.2368862763303714,0.6077853116640998,-0.5258533437475079,0
-0.06073034635196655,1.21769309885922,-1.8240956624520681,0.08599688921773323,0.6064064301850519,-0.3608834747841887,-0.5237418787490222,0.5237418787490222,0.9340497736158585,-0.4833357480863082,-0.5448116995677182,-0.22376668822285872,0.4108403691425631,-0.410840369142563,-0.5174001701746129,-1.2027745701779144,2.015457507742905,-1.314771666608307,1.314771666608307,-0.2585739064876405,0.6521063704999376,-0.5553178338692093,-0.2368862763303714,0.6077853116640998,-0.5258533437475079,1
-0.4893464446437307,-0.955614629050502,0.5825356918602184,1.474595307824627,-0.8093134163665643,-0.3608834747841887,-0.5237418787490222,0.5237418787490222,-1.0706067580626215,-0.4833357480863082,1.8354965592579078,-0.22376668822285872,0.4108403691425631,-0.410840369142563,-0.5174001701746129,0.83141099321054,-0.49616526081956064,0.7605883404680315,-0.7605883404680315,-0.2585739064876405,0.6521063704999376,-0.5553178338692093,-0.2368862763303714,0.6077853116640998,-0.5258533437475079,1
0.1535777027939155,1.552048133922254,0.8004947579111423,0.28436809187586093,-0.05426283153903558,1.2542901257743142,-0.5237418787490222,0.5237418787490222,0.9340497736158585,-0.4833357480863082,-0.5448116995677182,-0.22376668822285872,0.4108403691425631,-0.410840369142563,1.9327399905232316,-1.2027745701779144,-0.49616526081956064,-1.314771666608307,1.314771666608307,-0.2585739064876405,0.6521063704999376,-0.5553178338692093,-0.2368862763303714,-1.6453178133937247,1.901670897200107,1
-0.06073034635196655,-0.6769854331646402,-0.05317825078831004,0.08599688921773323,-0.8093134163665643,-0.3608834747841887,-0.5237418787490222,0.5237418787490222,-1.0706067580626215,-0.4833357480863082,1.8354965592579078,-0.22376668822285872,0.4108403691425631,-0.410840369142563,-0.5174001701746129,0.83141099321054,-0.49616526081956064,0.7605883404680315,-0.7605883404680315,-0.2585739064876405,0.6521063704999376,-0.5553178338692093,-0.2368862763303714,0.6077853116640998,-0.5258533437475079,0
-0.16788437092490754,-0.6769854331646402,-0.17123941156589387,0.48273929453398856,-0.8093134163665643,-0.3608834747841887,-0.5237418787490222,0.5237418787490222,0.9340497736158585,-0.4833357480863082,-0.5448116995677182,-0.22376668822285872,0.4108403691425631,-0.410840369142563,-0.5174001701746129,0.83141099321054,-0.49616526081956064,0.7605883404680315,-0.7605883404680315,-0.2585739064876405,0.6521063704999376,-0.5553178338692093,-0.2368862763303714,0.6077853116640998,-0.5258533437475079,1
0.36788575193979756,0.43753135037880697,-1.8240956624520681,-0.7074879214147773,1.0783130457022572,-0.3608834747841887,-0.5237418787490222,0.5237418787490222,0.9340497736158585,-0.4833357480863082,-0.5448116995677182,-0.22376668822285872,0.4108403691425631,-0.410840369142563,-0.5174001701746129,0.83141099321054,-0.49616526081956064,-1.314771666608307,1.314771666608307,-0.2585739064876405,0.6521063704999376,-0.5553178338692093,4.221434924348927,-1.6453178133937247,-0.5258533437475079,1
0.7965018502315617,-1.2342438249363639,-1.8240956624520681,-1.1835788077942841,1.0783130457022572,-0.3608834747841887,-0.5237418787490222,0.5237418787490222,0.9340497736158585,-0.4833357480863082,-0.5448116995677182,-0.22376668822285872,0.4108403691425631,-0.410840369142563,-0.5174001701746129,0.83141099321054,-0.49616526081956064,-1.314771666608307,1.314771666608307,3.867366253554276,-1.5334921498057892,-0.5553178338692093,-0.2368862763303714,0.6077853116640998,-0.5258533437475079,1
0.36788575193979756,0.9947897421505305,0.6824335971335586,-1.0248818456677817,-0.24302547774591776,1.2542901257743142,-0.5237418787490222,0.5237418787490222,0.9340497736158585,-0.4833357480863082,-0.5448116995677182,-0.22376668822285872,0.4108403691425631,-0.410840369142563,1.9327399905232316,-1.2027745701779144,-0.49616526081956064,-1.314771666608307,1.314771666608307,-0.2585739064876405,0.6521063704999376,-0.5553178338692093,4.221434924348927,-1.6453178133937247,-0.5258533437475079,1
-0.4893464446437307,0.10317631531577283,0.6370254583729494,0.9588301809134951,-0.8093134163665643,-0.3608834747841887,1.9093374820217521,-1.9093374820217521,-1.0706067580626215,2.068955180657219,-0.5448116995677182,-0.22376668822285872,0.4108403691425631,-0.410840369142563,-0.5174001701746129,0.83141099321054,-0.49616526081956064,0.7605883404680315,-0.7605883404680315,-0.2585739064876405,0.6521063704999376,-0.5553178338692093,-0.2368862763303714,0.6077853116640998,-0.5258533437475079,0
0.47503977651273854,-0.6769854331646402,1.2636577732693561,1.3555725862297503,-0.8093134163665643,-0.3608834747841887,1.9093374820217521,-1.9093374820217521,-1.0706067580626215,-0.4833357480863082,1.8354965592579078,-0.22376668822285872,0.4108403691425631,-0.410840369142563,-0.5174001701746129,0.83141099321054,-0.49616526081956064,0.7605883404680315,-0.7605883404680315,-0.2585739064876405,-1.5334921498057892,1.8007705479804994,-0.2368862763303714,0.6077853116640998,-0.5258533437475079,0
-1.132270592081377,0.43753135037880697,-1.8240956624520681,0.08599688921773323,-0.3374068008493588,-0.3608834747841887,-0.5237418787490222,0.5237418787490222,0.9340497736158585,-0.4833357480863082,-0.5448116995677182,-0.22376668822285872,0.4108403691425631,-0.410840369142563,-0.5174001701746129,-1.2027745701779144,2.015457507742905,-1.314771666608307,1.314771666608307,-0.2585739064876405,-1.5334921498057892,1.8007705479804994,-0.2368862763303714,-1.6453178133937247,1.901670897200107,1
0.2607317273668565,0.43753135037880697,0.8459028966717517,0.6017620161288653,0.4176437839781697,-0.3608834747841887,1.9093374820217521,-1.9093374820217521,-1.0706067580626215,2.068955180657219,-0.5448116995677182,-0.22376668822285872,0.4108403691425631,-0.410840369142563,1.9327399905232316,-1.2027745701779144,-0.49616526081956064,0.7605883404680315,-0.7605883404680315,-0.2585739064876405,0.6521063704999376,-0.5553178338692093,-0.2368862763303714,0.6077853116640998,-0.5258533437475079,0
-1.9895027886649055,-0.34263039810160606,0.7369233636462895,0.7207847377237419,-0.8093134163665643,-0.3608834747841887,-0.5237418787490222,0.5237418787490222,0.9340497736158585,-0.4833357480863082,-0.5448116995677182,-0.22376668822285872,0.4108403691425631,-0.410840369142563,1.9327399905232316,-1.2027745701779144,-0.49616526081956064,-1.314771666608307,1.314771666608307,-0.2585739064876405,-1.5334921498057892,1.8007705479804994,-0.2368862763303714,-1.6453178133937247,1.901670897200107,1
-1.3465786412272591,-0.11972704139291655,0.02855639898078637,1.3555725862297503,0.5120251070816108,-0.3608834747841887,1.9093374820217521,-1.9093374820217521,-1.0706067580626215,2.068955180657219,-0.5448116995677182,-0.22376668822285872,0.4108403691425631,-0.410840369142563,1.9327399905232316,-1.2027745701779144,-0.49616526081956064,0.7605883404680315,-0.7605883404680315,-0.2585739064876405,-1.5334921498057892,1.8007705479804994,-0.2368862763303714,0.6077853116640998,-0.5258533437475079,0
-0.9179625429354947,-0.6769854331646402,0.21927058177534492,0.08599688921773323,-0.8093134163665643,-0.3608834747841887,-0.5237418787490222,0.5237418787490222,0.9340497736158585,-0.4833357480863082,-0.5448116995677182,-0.22376668822285872,0.4108403691425631,-0.410840369142563,-0.5174001701746129,0.83141099321054,-0.49616526081956064,0.7605883404680315,-0.7605883404680315,-0.2585739064876405,0.6521063704999376,-0.5553178338692093,-0.2368862763303714,0.6077853116640998,-0.5258533437475079,0
1.3322719730962669,-1.2342438249363639,0.11029104874988287,-1.5406469725789136,0.4176437839781697,-0.3608834747841887,-0.5237418787490222,0.5237418787490222,-1.0706067580626215,-0.4833357480863082,1.8354965592579078,-0.22376668822285872,-2.434035394542732,2.434035394542732,1.9327399905232316,-1.2027745701779144,-0.49616526081956064,-1.314771666608307,1.314771666608307,-0.2585739064876405,0.6521063704999376,-0.5553178338692093,-0.2368862763303714,0.6077853116640998,-0.5258533437475079,0
-0.06073034635196655,-2.9060190002515345,-1.8240956624520681,0.12567112974935876,1.0783130457022572,-0.3608834747841887,-0.5237418787490222,0.5237418787490222,0.9340497736158585,-0.4833357480863082,-0.5448116995677182,-0.22376668822285872,0.4108403691425631,-0.410840369142563,-0.5174001701746129,0.83141099321054,-0.49616526081956064,-1.314771666608307,1.314771666608307,3.867366253554276,-1.5334921498057892,-0.5553178338692093,-0.2368862763303714,0.6077853116640998,-0.5258533437475079,0
0.2607317273668565,1.2734189380363925,1.2818210287735998,0.48273929453398856,2.0221262767366683,-0.3608834747841887,-0.5237418787490222,0.5237418787490222,0.9340497736158585,-0.4833357480863082,-0.5448116995677182,-0.22376668822285872,-2.434035394542732,2.434035394542732,-0.5174001701746129,0.83141099321054,-0.49616526081956064,-1.314771666608307,1.314771666608307,-0.2585739064876405,0.6521063704999376,-0.5553178338692093,-0.2368862763303714,0.6077853116640998,-0.5258533437475079,1
-1.9895027886649055,-0.6769854331646402,0.9730456852014573,1.672966510482755,-0.8093134163665643,-0.3608834747841887,-0.5237418787490222,0.5237418787490222,-1.0706067580626215,2.068955180657219,-0.5448116995677182,-0.22376668822285872,0.4108403691425631,-0.410840369142563,1.9327399905232316,-1.2027745701779144,-0.49616526081956064,0.7605883404680315,-0.7605883404680315,-0.2585739064876405,0.6521063704999376,-0.5553178338692093,-0.2368862763303714,0.6077853116640998,-0.5258533437475079,0
-1.4537326658002,-0.11972704139291655,0.6733519693814367,0.48273929453398856,-0.8093134163665643,-0.3608834747841887,-0.5237418787490222,0.5237418787490222,-1.0706067580626215,2.068955180657219,-0.5448116995677182,-0.22376668822285872,0.4108403691425631,-0.410840369142563,-0.5174001701746129,0.83141099321054,-0.49616526081956064,0.7605883404680315,-0.7605883404680315,-0.2585739064876405,0.6521063704999376,-0.5553178338692093,-0.2368862763303714,0.6077853116640998,-0.5258533437475079,0
-0.7036544937896128,-1.2342438249363639,-1.8240956624520681,-0.7074879214147773,-0.8093134163665643,-0.3608834747841887,-0.5237418787490222,0.5237418787490222,-1.0706067580626215,-0.4833357480863082,1.8354965592579078,-0.22376668822285872,0.4108403691425631,-0.410840369142563,-0.5174001701746129,0.83141099321054,-0.49616526081956064,-1.314771666608307,1.314771666608307,-0.2585739064876405,0.6521063704999376,-0.5553178338692093,-0.2368862763303714,0.6077853116640998,-0.5258533437475079,1
0.046423678220974374,0.43753135037880697,0.9821273129535791,0.08599688921773323,-0.8093134163665643,-0.3608834747841887,1.9093374820217521,-1.9093374820217521,-1.0706067580626215,2.068955180657219,-0.5448116995677182,-0.22376668822285872,0.4108403691425631,-0.410840369142563,-0.5174001701746129,-1.2027745701779144,2.015457507742905,0.7605883404680315,-0.7605883404680315,-0.2585739064876405,0.6521063704999376,-0.5553178338692093,-0.2368862763303714,0.6077853116640998,-0.5258533437475079,0
0.2607317273668565,-0.11972704139291655,0.6824335971335586,-0.3900939971617731,0.13449981466784652,-0.3608834747841887,-0.5237418787490222,0.5237418787490222,-1.0706067580626215,-0.4833357480863082,1.8354965592579078,-0.22376668822285872,0.4108403691425631,-0.410840369142563,-0.5174001701746129,0.83141099321054,-0.49616526081956064,-1.314771666608307,1.314771666608307,-0.2585739064876405,-1.5334921498057892,1.8007705479804994,4.221434924348927,-1.6453178133937247,-0.5258533437475079,0
0.9036558748045028,1.4405964555679094,0.08304616549351743,-1.0248818456677817,2.0221262767366683,-0.3608834747841887,-0.5237418787490222,0.5237418787490222,0.9340497736158585,-0.4833357480863082,-0.5448116995677182,-0.22376668822285872,-2.434035394542732,2.434035394542732,-0.5174001701746129,0.83141099321054,-0.49616526081956064,-1.314771666608307,1.314771666608307,3.867366253554276,-1.5334921498057892,-0.5553178338692093,-0.2368862763303714,0.6077853116640998,-0.5258533437475079,1
-1.3465786412272591,-1.5685988599993976,-1.8240956624520681,-1.0645560861994072,-0.8093134163665643,-0.3608834747841887,-0.5237418787490222,0.5237418787490222,0.9340497736158585,-0.4833357480863082,-0.5448116995677182,-0.22376668822285872,0.4108403691425631,-0.410840369142563,-0.5174001701746129,-1.2027745701779144,2.015457507742905,0.7605883404680315,-0.7605883404680315,-0.2585739064876405,0.6521063704999376,-0.5553178338692093,-0.2368862763303714,0.6077853116640998,-0.5258533437475079,0
0.47503977651273854,-0.11972704139291655,-1.8240956624520681,-1.5009727320472883,0.13449981466784652,-0.3608834747841887,-0.5237418787490222,0.5237418787490222,0.9340497736158585,-0.4833357480863082,-0.5448116995677182,-0.22376668822285872,0.4108403691425631,-0.410840369142563,-0.5174001701746129,-1.2027745701779144,2.015457507742905,-1.314771666608307,1.314771666608307,-0.2585739064876405,0.6521063704999376,-0.5553178338692093,4.221434924348927,-1.6453178133937247,-0.5258533437475079,1
-0.16788437092490754,-0.11972704139291655,-0.18940266707013761,0.08599688921773323,0.6064064301850519,-0.3608834747841887,1.9093374820217521,-1.9093374820217521,0.9340497736158585,-0.4833357480863082,-0.5448116995677182,-0.22376668822285872,0.4108403691425631,-0.410840369142563,-0.5174001701746129,0.83141099321054,-0.49616526081956064,-1.314771666608307,1.314771666608307,-0.2585739064876405,0.6521063704999376,-0.5553178338692093,-0.2368862763303714,0.6077853116640998,-0.5258533437475079,0
0.2607317273668565,2.109306525693978,-1.8240956624520681,-0.5884651998199008,1.550219661219463,-0.3608834747841887,-0.5237418787490222,0.5237418787490222,-1.0706067580626215,-0.4833357480863082,1.8354965592579078,-0.22376668822285872,0.4108403691425631,-0.410840369142563,1.9327399905232316,-1.2027745701779144,-0.49616526081956064,-1.314771666608307,1.314771666608307,-0.2585739064876405,0.6521063704999376,-0.5553178338692093,-0.2368862763303714,0.6077853116640998,-0.5258533437475079,1
-0.38219242007078963,-1.2342438249363639,0.4826377865868781,0.8398074593186184,-0.8093134163665643,-0.3608834747841887,1.9093374820217521,-1.9093374820217521,0.9340497736158585,-0.4833357480863082,-0.5448116995677182,-0.22376668822285872,0.4108403691425631,-0.410840369142563,1.9327399905232316,-1.2027745701779144,-0.49616526081956064,0.7605883404680315,-0.7605883404680315,-0.2585739064876405,-1.5334921498057892,1.8007705479804994,-0.2368862763303714,0.6077853116640998,-0.5258533437475079,0
-0.38219242007078963,0.43753135037880697,0.7914131301590205,0.08599688921773323,-0.8093134163665643,-0.3608834747841887,1.9093374820217521,-1.9093374820217521,-1.0706067580626215,-0.4833357480863082,1.8354965592579078,-0.22376668822285872,0.4108403691425631,-0.410840369142563,-0.5174001701746129,0.83141099321054,-0.49616526081956064,-1.314771666608307,1.314771666608307,-0.2585739064876405,0.6521063704999376,-0.5553178338692093,-0.2368862763303714,-1.6453178133937247,1.901670897200107,1
-1.2394246166543181,0.43753135037880697,0.2283522095274668,1.5936180294195035,-0.8093134163665643,-0.3608834747841887,-0.5237418787490222,0.5237418787490222,0.9340497736158585,-0.4833357480863082,-0.5448116995677182,-0.22376668822285872,0.4108403691425631,-0.410840369142563,-0.5174001701746129,0.83141099321054,-0.49616526081956064,0.7605883404680315,-0.7605883404680315,-0.2585739064876405,-1.5334921498057892,1.8007705479804994,-0.2368862763303714,0.6077853116640998,-0.5258533437475079,0
0.36788575193979756,-0.11972704139291655,0.3191684870486851,1.4349210672930013,-0.8093134163665643,1.2542901257743142,1.9093374820217521,-1.9093374820217521,-1.0706067580626215,2.068955180657219,-0.5448116995677182,-0.22376668822285872,0.4108403691425631,-0.410840369142563,1.9327399905232316,-1.2027745701779144,-0.49616526081956064,0.7605883404680315,-0.7605883404680315,-0.2585739064876405,0.6521063704999376,-0.5553178338692093,-0.2368862763303714,0.6077853116640998,-0.5258533437475079,1
-1.132270592081377,-0.5655337548102956,-1.8240956624520681,-0.7074879214147773,-0.3374068008493588,-0.3608834747841887,-0.5237418787490222,0.5237418787490222,0.9340497736158585,-0.4833357480863082,-0.5448116995677182,-0.22376668822285872,0.4108403691425631,-0.410840369142563,-0.5174001701746129,0.83141099321054,-0.49616526081956064,0.7605883404680315,-0.7605883404680315,-0.2585739064876405,-1.5334921498057892,1.8007705479804994,-0.2368862763303714,0.6077853116640998,-0.5258533437475079,1
1.4394259976692079,-1.7915022167080872,0.8913110354323608,-0.5091167187566498,0.04011849156440542,2.8694637263328175,-0.5237418787490222,0.5237418787490222,0.9340497736158585,-0.4833357480863082,-0.5448116995677182,-0.22376668822285872,0.4108403691425631,-0.410840369142563,1.9327399905232316,-1.2027745701779144,-0.49616526081956064,-1.314771666608307,1.314771666608307,-0.2585739064876405,0.6521063704999376,-0.5553178338692093,-0.2368862763303714,0.6077853116640998,-0.5258533437475079,1
0.046423678220974374,-0.008275363038571926,0.7914131301590205,0.8398074593186184,-0.8093134163665643,1.2542901257743142,1.9093374820217521,-1.9093374820217521,-1.0706067580626215,2.068955180657219,-0.5448116995677182,-0.22376668822285872,-2.434035394542732,2.434035394542732,1.9327399905232316,-1.2027745701779144,-0.49616526081956064,-1.314771666608307,1.314771666608307,-0.2585739064876405,-1.5334921498057892,1.8007705479804994,-0.2368862763303714,0.6077853116640998,-0.5258533437475079,0
0.046423678220974374,-0.6769854331646402,0.33733174255292875,0.6414362566604908,-0.8093134163665643,-0.3608834747841887,-0.5237418787490222,0.5237418787490222,-1.0706067580626215,2.068955180657219,-0.5448116995677182,-0.22376668822285872,0.4108403691425631,-0.410840369142563,-0.5174001701746129,0.83141099321054,-0.49616526081956064,0.7605883404680315,-0.7605883404680315,-0.2585739064876405,0.6521063704999376,-0.5553178338692093,-0.2368862763303714,0.6077853116640998,-0.5258533437475079,0
0.36788575193979756,-0.11972704139291655,-0.6344024269241075,-0.905859124072905,0.3232624608747286,1.2542901257743142,-0.5237418787490222,0.5237418787490222,0.9340497736158585,-0.4833357480863082,-0.5448116995677182,-0.22376668822285872,0.4108403691425631,-0.410840369142563,-0.5174001701746129,0.83141099321054,-0.49616526081956064,-1.314771666608307,1.314771666608307,-0.2585739064876405,0.6521063704999376,-0.5553178338692093,-0.2368862763303714,-1.6453178133937247,1.901670897200107,1
-0.2750383954978486,-0.11972704139291655,0.9458008019450918,0.16534537028098428,0.3232624608747286,-0.3608834747841887,1.9093374820217521,-1.9093374820217521,0.9340497736158585,-0.4833357480863082,-0.5448116995677182,-0.22376668822285872,0.4108403691425631,-0.410840369142563,-0.5174001701746129,0.83141099321054,-0.49616526081956064,-1.314771666608307,1.314771666608307,-0.2585739064876405,0.6521063704999376,-0.5553178338692093,-0.2368862763303714,-1.6453178133937247,1.901670897200107,1
-0.38219242007078963,-0.6769854331646402,-1.8240956624520681,0.7207847377237419,-0.8093134163665643,-0.3608834747841887,-0.5237418787490222,0.5237418787490222,0.9340497736158585,-0.4833357480863082,-0.5448116995677182,-0.22376668822285872,0.4108403691425631,-0.410840369142563,-0.5174001701746129,-1.2027745701779144,2.015457507742905,-1.314771666608307,1.314771666608307,-0.2585739064876405,-1.5334921498057892,1.8007705479804994,4.221434924348927,-1.6453178133937247,-0.5258533437475079,1
0.6893478256586207,-1.6800505383537425,1.0638619627226757,0.879481699850244,-0.8093134163665643,1.2542901257743142,1.9093374820217521,-1.9093374820217521,-1.0706067580626215,-0.4833357480863082,1.8354965592579078,-0.22376668822285872,0.4108403691425631,-0.410840369142563,-0.5174001701746129,0.83141099321054,-0.49616526081956064,0.7605883404680315,-0.7605883404680315,-0.2585739064876405,-1.5334921498057892,1.8007705479804994,-0.2368862763303714,0.6077853116640998,-0.5258533437475079,0
-0.2750383954978486,-0.2311787197472613,-1.8240956624520681,-1.2232530483259094,-0.8093134163665643,-0.3608834747841887,-0.5237418787490222,0.5237418787490222,0.9340497736158585,-0.4833357480863082,-0.5448116995677182,-0.22376668822285872,0.4108403691425631,-0.410840369142563,-0.5174001701746129,0.83141099321054,-0.49616526081956064,0.7605883404680315,-0.7605883404680315,-0.2585739064876405,0.6521063704999376,-0.5553178338692093,-0.2368862763303714,0.6077853116640998,-0.5258533437475079,0
-1.668040714946082,-1.2342438249363639,0.8004947579111423,-1.3026015293891604,0.6064064301850519,-0.3608834747841887,-0.5237418787490222,0.5237418787490222,0.9340497736158585,-0.4833357480863082,-0.5448116995677182,-0.22376668822285872,0.4108403691425631,-0.410840369142563,-0.5174001701746129,0.83141099321054,-0.49616526081956064,-1.314771666608307,1.314771666608307,3.867366253554276,-1.5334921498057892,-0.5553178338692093,-0.2368862763303714,0.6077853116640998,-0.5258533437475079,1
0.046423678220974374,-0.6769854331646402,0.32825011480080696,0.48273929453398856,0.6064064301850519,-0.3608834747841887,-0.5237418787490222,0.5237418787490222,-1.0706067580626215,-0.4833357480863082,1.8354965592579078,-0.22376668822285872,0.4108403691425631,-0.410840369142563,-0.5174001701746129,0.83141099321054,-0.49616526081956064,-1.314771666608307,1.314771666608307,-0.2585739064876405,0.6521063704999376,-0.5553178338692093,-0.2368862763303714,-1.6453178133937247,1.901670897200107,1
0.47503977651273854,-0.11972704139291655,0.4553929033305127,-1.104230326731033,-0.8093134163665643,-0.3608834747841887,-0.5237418787490222,0.5237418787490222,-1.0706067580626215,2.068955180657219,-0.5448116995677182,-0.22376668822285872,0.4108403691425631,-0.410840369142563,-0.5174001701746129,0.83141099321054,-0.49616526081956064,0.7605883404680315,-0.7605883404680315,-0.2585739064876405,0.6521063704999376,-0.5553178338692093,-0.2368862763303714,0.6077853116640998,-0.5258533437475079,0
0.9036558748045028,1.552048133922254,-0.0713415062925537,-0.8661848835412794,-0.8093134163665643,-0.3608834747841887,1.9093374820217521,-1.9093374820217521,-1.0706067580626215,-0.4833357480863082,-0.5448116995677182,4.468940430507949,0.4108403691425631,-0.410840369142563,-0.5174001701746129,0.83141099321054,-0.49616526081956064,0.7605883404680315,-0.7605883404680315,-0.2585739064876405,0.6521063704999376,-0.5553178338692093,-0.2368862763303714,0.6077853116640998,-0.5258533437475079,0
0.9036558748045028,0.15890215449294506,0.8731477799281171,-0.31074551609852197,0.13449981466784652,-0.3608834747841887,-0.5237418787490222,0.5237418787490222,0.9340497736158585,-0.4833357480863082,-0.5448116995677182,-0.22376668822285872,0.4108403691425631,-0.410840369142563,-0.5174001701746129,0.83141099321054,-0.49616526081956064,-1.314771666608307,1.314771666608307,-0.2585739064876405,0.6521063704999376,-0.5553178338692093,-0.2368862763303714,0.6077853116640998,-0.5258533437475079,1
0.5821938010856796,0.43753135037880697,0.18294407076685762,1.0381786619767457,-0.8093134163665643,-0.3608834747841887,-0.5237418787490222,0.5237418787490222,-1.0706067580626215,2.068955180657219,-0.5448116995677182,-0.22376668822285872,0.4108403691425631,-0.410840369142563,-0.5174001701746129,0.83141099321054,-0.49616526081956064,-1.314771666608307,1.314771666608307,-0.2585739064876405,-1.5334921498057892,1.8007705479804994,-0.2368862763303714,0.6077853116640998,-0.5258533437475079,0
0.5821938010856796,-1.2342438249363639,-1.8240956624520681,-1.7390181752370413,-0.8093134163665643,-0.3608834747841887,-0.5237418787490222,0.5237418787490222,0.9340497736158585,-0.4833357480863082,-0.5448116995677182,-0.22376668822285872,0.4108403691425631,-0.410840369142563,-0.5174001701746129,0.83141099321054,-0.49616526081956064,0.7605883404680315,-0.7605883404680315,-0.2585739064876405,0.6521063704999376,-0.5553178338692093,4.221434924348927,-1.6453178133937247,-0.5258533437475079,1
0.046423678220974374,0.9947897421505305,0.20110732627110126,-0.6281394403515264,-0.8093134163665643,-0.3608834747841887,-0.5237418787490222,0.5237418787490222,-1.0706067580626215,-0.4833357480863082,1.8354965592579078,-0.22376668822285872,0.4108403691425631,-0.410840369142563,-0.5174001701746129,0.83141099321054,-0.49616526081956064,0.7605883404680315,-0.7605883404680315,-0.2585739064876405,0.6521063704999376,-0.5553178338692093,-0.2368862763303714,0.6077853116640998,-0.5258533437475079,0
-2.0966568132378463,-0.7884371115189849,0.08304616549351743,2.1490573968622613,-0.14864415464247666,-0.3608834747841887,1.9093374820217521,-1.9093374820217521,-1.0706067580626215,2.068955180657219,-0.5448116995677182,-0.22376668822285872,0.4108403691425631,-0.410840369142563,-0.5174001701746129,0.83141099321054,-0.49616526081956064,0.7605883404680315,-0.7605883404680315,-0.2585739064876405,-1.5334921498057892,1.8007705479804994,-0.2368862763303714,0.6077853116640998,-0.5258533437475079,0
0.6893478256586207,-0.11972704139291655,0.7278417358941677,0.08599688921773323,-0.3374068008493588,-0.3608834747841887,-0.5237418787490222,0.5237418787490222,0.9340497736158585,-0.4833357480863082,-0.5448116995677182,-0.22376668822285872,0.4108403691425631,-0.410840369142563,-0.5174001701746129,-1.2027745701779144,2.015457507742905,0.7605883404680315,-0.7605883404680315,-0.2585739064876405,0.6521063704999376,-0.5553178338692093,-0.2368862763303714,0.6077853116640998,-0.5258533437475079,1
1.0108098993774437,-0.11972704139291655,-0.3256270833519651,0.08599688921773323,-0.3374068008493588,-0.3608834747841887,-0.5237418787490222,0.5237418787490222,-1.0706067580626215,2.068955180657219,-0.5448116995677182,-0.22376668822285872,0.4108403691425631,-0.410840369142563,-0.5174001701746129,-1.2027745701779144,2.015457507742905,0.7605883404680315,-0.7605883404680315,-0.2585739064876405,0.6521063704999376,-0.5553178338692093,-0.2368862763303714,0.6077853116640998,-0.5258533437475079,0
1.225117948523326,0.15890215449294506,0.4826377865868781,-0.42976823769339856,1.833363630529786,1.2542901257743142,-0.5237418787490222,0.5237418787490222,0.9340497736158585,-0.4833357480863082,-0.5448116995677182,-0.22376668822285872,0.4108403691425631,-0.410840369142563,1.9327399905232316,-1.2027745701779144,-0.49616526081956064,0.7605883404680315,-0.7605883404680315,-0.2585739064876405,0.6521063704999376,-0.5553178338692093,-0.2368862763303714,-1.6453178133937247,1.901670897200107,1
1.65373404681509,-0.11972704139291655,-1.8240956624520681,-0.3504197566301475,0.13449981466784652,-0.3608834747841887,-0.5237418787490222,0.5237418787490222,0.9340497736158585,-0.4833357480863082,-0.5448116995677182,-0.22376668822285872,-2.434035394542732,2.434035394542732,-0.5174001701746129,-1.2027745701779144,2.015457507742905,0.7605883404680315,-0.7605883404680315,-0.2585739064876405,0.6521063704999376,-0.5553178338692093,4.221434924348927,-1.6453178133937247,-0.5258533437475079,1
0.1535777027939155,0.43753135037880697,-1.8240956624520681,0.48273929453398856,-0.6205507701596821,-0.3608834747841887,-0.5237418787490222,0.5237418787490222,-1.0706067580626215,2.068955180657219,-0.5448116995677182,-0.22376668822285872,0.4108403691425631,-0.410840369142563,-0.5174001701746129,-1.2027745701779144,2.015457507742905,0.7605883404680315,-0.7605883404680315,-0.2585739064876405,-1.5334921498057892,1.8007705479804994,-0.2368862763303714,0.6077853116640998,-0.5258533437475079,0
-1.560886690373141,-0.6769854331646402,1.2545761455172344,1.2762241051664993,-0.8093134163665643,-0.3608834747841887,-0.5237418787490222,0.5237418787490222,-1.0706067580626215,-0.4833357480863082,1.8354965592579078,-0.22376668822285872,0.4108403691425631,-0.410840369142563,-0.5174001701746129,0.83141099321054,-0.49616526081956064,0.7605883404680315,-0.7605883404680315,-0.2585739064876405,0.6521063704999376,-0.5553178338692093,-0.2368862763303714,0.6077853116640998,-0.5258533437475079,0
0.36788575193979756,0.6604347070874963,0.6279438306208276,0.879481699850244,1.0783130457022572,-0.3608834747841887,-0.5237418787490222,0.5237418787490222,0.9340497736158585,-0.4833357480863082,-0.5448116995677182,-0.22376668822285872,-2.434035394542732,2.434035394542732,-0.5174001701746129,-1.2027745701779144,2.015457507742905,-1.314771666608307,1.314771666608307,-0.2585739064876405,0.6521063704999376,-0.5553178338692093,-0.2368862763303714,0.6077853116640998,-0.5258533437475079,1
0.9036558748045028,-0.2311787197472613,0.0648829099892737,0.08599688921773323,-0.8093134163665643,-0.3608834747841887,-0.5237418787490222,0.5237418787490222,-1.0706067580626215,2.068955180657219,-0.5448116995677182,-0.22376668822285872,-2.434035394542732,2.434035394542732,1.9327399905232316,-1.2027745701779144,-0.49616526081956064,0.7605883404680315,-0.7605883404680315,-0.2585739064876405,-1.5334921498057892,1.8007705479804994,-0.2368862763303714,0.6077853116640998,-0.5258533437475079,0
-0.5965004692166718,-0.6769854331646402,0.20110732627110126,0.4033908134707376,-0.8093134163665643,-0.3608834747841887,1.9093374820217521,-1.9093374820217521,-1.0706067580626215,2.068955180657219,-0.5448116995677182,-0.22376668822285872,-2.434035394542732,2.434035394542732,-0.5174001701746129,-1.2027745701779144,2.015457507742905,0.7605883404680315,-0.7605883404680315,-0.2585739064876405,0.6521063704999376,-0.5553178338692093,-0.2368862763303714,0.6077853116640998,-0.5258533437475079,0
-1.882348764091964,-0.11972704139291655,0.07396453774139557,1.5936180294195035,-0.8093134163665643,-0.3608834747841887,-0.5237418787490222,0.5237418787490222,-1.0706067580626215,-0.4833357480863082,1.8354965592579078,-0.22376668822285872,0.4108403691425631,-0.410840369142563,-0.5174001701746129,0.83141099321054,-0.49616526081956064,0.7605883404680315,-0.7605883404680315,-0.2585739064876405,0.6521063704999376,-0.5553178338692093,-0.2368862763303714,0.6077853116640998,-0.5258533437475079,0
0.9036558748045028,-0.6769854331646402,-1.8240956624520681,-0.5884651998199008,0.795169076391934,-0.3608834747841887,1.9093374820217521,-1.9093374820217521,0.9340497736158585,-0.4833357480863082,-0.5448116995677182,-0.22376668822285872,0.4108403691425631,-0.410840369142563,-0.5174001701746129,-1.2027745701779144,2.015457507742905,-1.314771666608307,1.314771666608307,3.867366253554276,-1.5334921498057892,-0.5553178338692093,-0.2368862763303714,0.6077853116640998,-0.5258533437475079,1
1.0108098993774437,0.7161605462646687,0.29192360379231963,0.48273929453398856,1.3614570150125804,-0.3608834747841887,-0.5237418787490222,0.5237418787490222,-1.0706067580626215,-0.4833357480863082,-0.5448116995677182,4.468940430507949,-2.434035394542732,2.434035394542732,1.9327399905232316,-1.2027745701779144,-0.49616526081956064,0.7605883404680315,-0.7605883404680315,3.867366253554276,-1.5334921498057892,-0.5553178338692093,4.221434924348927,-1.6453178133937247,-0.5258533437475079,0
-1.132270592081377,-1.7915022167080872,-1.8240956624520681,-0.6281394403515264,0.6064064301850519,-0.3608834747841887,-0.5237418787490222,0.5237418787490222,0.9340497736158585,-0.4833357480863082,-0.5448116995677182,-0.22376668822285872,0.4108403691425631,-0.410840369142563,-0.5174001701746129,0.83141099321054,-0.49616526081956064,0.7605883404680315,-0.7605883404680315,3.867366253554276,-1.5334921498057892,-0.5553178338692093,-0.2368862763303714,0.6077853116640998,-0.5258533437475079,1
0.36788575193979756,0.43753135037880697,0.5825356918602184,0.28436809187586093,0.13449981466784652,-0.3608834747841887,-0.5237418787490222,0.5237418787490222,-1.0706067580626215,2.068955180657219,-0.5448116995677182,-0.22376668822285872,0.4108403691425631,-0.410840369142563,-0.5174001701746129,-1.2027745701779144,2.015457507742905,-1.314771666608307,1.314771666608307,-0.2585739064876405,0.6521063704999376,-0.5553178338692093,-0.2368862763303714,0.6077853116640998,-0.5258533437475079,1
-1.025116567508436,-0.6769854331646402,0.5643724363559747,1.3952468267613758,-0.8093134163665643,-0.3608834747841887,-0.5237418787490222,0.5237418787490222,-1.0706067580626215,2.068955180657219,-0.5448116995677182,-0.22376668822285872,0.4108403691425631,-0.410840369142563,-0.5174001701746129,0.83141099321054,-0.49616526081956064,0.7605883404680315,-0.7605883404680315,-0.2585739064876405,-1.5334921498057892,1.8007705479804994,-0.2368862763303714,-1.6453178133937247,1.901670897200107,0
0.47503977651273854,-0.3983562372787783,0.17386244301473572,0.24469385134423535,-0.4317881239527999,-0.3608834747841887,-0.5237418787490222,0.5237418787490222,-1.0706067580626215,2.068955180657219,-0.5448116995677182,-0.22376668822285872,0.4108403691425631,-0.410840369142563,-0.5174001701746129,0.83141099321054,-0.49616526081956064,0.7605883404680315,-0.7605883404680315,-0.2585739064876405,0.6521063704999376,-0.5553178338692093,-0.2368862763303714,-1.6453178133937247,1.901670897200107,0
-0.8108085183625539,-1.2342438249363639,0.3554949980571724,0.08599688921773323,-0.8093134163665643,-0.3608834747841887,-0.5237418787490222,0.5237418787490222,0.9340497736158585,-0.4833357480863082,-0.5448116995677182,-0.22376668822285872,0.4108403691425631,-0.410840369142563,-0.5174001701746129,-1.2027745701779144,2.015457507742905,0.7605883404680315,-0.7605883404680315,-0.2585739064876405,0.6521063704999376,-0.5553178338692093,-0.2368862763303714,0.6077853116640998,-0.5258533437475079,0
0.36788575193979756,0.9947897421505305,-0.6798105656847167,1.3952468267613758,-0.6205507701596821,1.2542901257743142,-0.5237418787490222,0.5237418787490222,-1.0706067580626215,-0.4833357480863082,1.8354965592579078,-0.22376668822285872,-2.434035394542732,2.434035394542732,-0.5174001701746129,0.83141099321054,-0.49616526081956064,0.7605883404680315,-0.7605883404680315,-0.2585739064876405,-1.5334921498057892,1.8007705479804994,-0.2368862763303714,-1.6453178133937247,1.901670897200107,0
0.7965018502315617,-0.11972704139291655,-1.8240956624520681,-2.4134802642746753,1.550219661219463,-0.3608834747841887,-0.5237418787490222,0.5237418787490222,0.9340497736158585,-0.4833357480863082,-0.5448116995677182,-0.22376668822285872,0.4108403691425631,-0.410840369142563,-0.5174001701746129,0.83141099321054,-0.49616526081956064,0.7605883404680315,-0.7605883404680315,-0.2585739064876405,0.6521063704999376,-0.5553178338692093,-0.2368862763303714,0.6077853116640998,-0.5258533437475079,1
-1.9895027886649055,0.3260796720244622,-0.16215778381377208,1.7523149915460057,0.5120251070816108,-0.3608834747841887,1.9093374820217521,-1.9093374820217521,0.9340497736158585,-0.4833357480863082,-0.5448116995677182,-0.22376668822285872,0.4108403691425631,-0.410840369142563,-0.5174001701746129,0.83141099321054,-0.49616526081956064,0.7605883404680315,-0.7605883404680315,-0.2585739064876405,-1.5334921498057892,1.8007705479804994,-0.2368862763303714,0.6077853116640998,-0.5258533437475079,0
0.7965018502315617,0.43753135037880697,0.055801282237151896,0.006648408154482164,0.9839317225988162,1.2542901257743142,-0.5237418787490222,0.5237418787490222,0.9340497736158585,-0.4833357480863082,-0.5448116995677182,-0.22376668822285872,0.4108403691425631,-0.410840369142563,1.9327399905232316,-1.2027745701779144,-0.49616526081956064,-1.314771666608307,1.314771666608307,-0.2585739064876405,-1.5334921498057892,1.8007705479804994,-0.2368862763303714,-1.6453178133937247,1.901670897200107,1
-0.2750383954978486,-0.11972704139291655,0.23743383727958858,0.08599688921773323,-0.3374068008493588,-0.3608834747841887,-0.5237418787490222,0.5237418787490222,0.9340497736158585,-0.4833357480863082,-0.5448116995677182,-0.22376668822285872,-2.434035394542732,2.434035394542732,-0.5174001701746129,-1.2027745701779144,2.015457507742905,0.7605883404680315,-0.7605883404680315,-0.2585739064876405,0.6521063704999376,-0.5553178338692093,-0.2368862763303714,0.6077853116640998,-0.5258533437475079,0
0.7965018502315617,-0.11972704139291655,0.8459028966717517,-0.7074879214147773,0.13449981466784652,-0.3608834747841887,1.9093374820217521,-1.9093374820217521,0.9340497736158585,-0.4833357480863082,-0.5448116995677182,-0.22376668822285872,0.4108403691425631,-0.410840369142563,-0.5174001701746129,-1.2027745701779144,2.015457507742905,-1.314771666608307,1.314771666608307,-0.2585739064876405,0.6521063704999376,-0.5553178338692093,-0.2368862763303714,0.6077853116640998,-0.5258533437475079,0
0.47503977651273854,0.21462799367011745,1.0729435904747975,0.5620877755972397,-0.8093134163665643,2.8694637263328175,1.9093374820217521,-1.9093374820217521,-1.0706067580626215,2.068955180657219,-0.5448116995677182,-0.22376668822285872,-2.434035394542732,2.434035394542732,1.9327399905232316,-1.2027745701779144,-0.49616526081956064,0.7605883404680315,-0.7605883404680315,-0.2585739064876405,-1.5334921498057892,1.8007705479804994,-0.2368862763303714,0.6077853116640998,-0.5258533437475079,1
-1.025116567508436,-0.6769854331646402,-0.2893005723434778,0.24469385134423535,1.833363630529786,-0.3608834747841887,-0.5237418787490222,0.5237418787490222,0.9340497736158585,-0.4833357480863082,-0.5448116995677182,-0.22376668822285872,0.4108403691425631,-0.410840369142563,-0.5174001701746129,0.83141099321054,-0.49616526081956064,-1.314771666608307,1.314771666608307,3.867366253554276,-1.5334921498057892,-0.5553178338692093,4.221434924348927,-1.6453178133937247,-0.5258533437475079,1
0.7965018502315617,0.7718863854418411,0.3645766258092943,0.4033908134707376,2.0221262767366683,-0.3608834747841887,-0.5237418787490222,0.5237418787490222,0.9340497736158585,-0.4833357480863082,-0.5448116995677182,-0.22376668822285872,0.4108403691425631,-0.410840369142563,-0.5174001701746129,0.83141099321054,-0.49616526081956064,-1.314771666608307,1.314771666608307,3.867366253554276,-1.5334921498057892,-0.5553178338692093,-0.2368862763303714,0.6077853116640998,-0.5258533437475079,1
0.7965018502315617,-0.6769854331646402,-1.8240956624520681,-2.2944575426797984,-0.8093134163665643,-0.3608834747841887,-0.5237418787490222,0.5237418787490222,-1.0706067580626215,-0.4833357480863082,1.8354965592579078,-0.22376668822285872,0.4108403691425631,-0.410840369142563,-0.5174001701746129,0.83141099321054,-0.49616526081956064,-1.314771666608307,1.314771666608307,-0.2585739064876405,0.6521063704999376,-0.5553178338692093,-0.2368862763303714,0.6077853116640998,-0.5258533437475079,1
-1.4537326658002,-2.070131412593949,-1.8240956624520681,0.24469385134423535,-0.8093134163665643,-0.3608834747841887,-0.5237418787490222,0.5237418787490222,0.9340497736158585,-0.4833357480863082,-0.5448116995677182,-0.22376668822285872,0.4108403691425631,-0.410840369142563,-0.5174001701746129,-1.2027745701779144,2.015457507742905,0.7605883404680315,-0.7605883404680315,-0.2585739064876405,-1.5334921498057892,1.8007705479804994,-0.2368862763303714,0.6077853116640998,-0.5258533437475079,1
0.36788575193979756,0.43753135037880697,0.11937267650200474,0.24469385134423535,1.0783130457022572,-0.3608834747841887,-0.5237418787490222,0.5237418787490222,0.9340497736158585,-0.4833357480863082,-0.5448116995677182,-0.22376668822285872,0.4108403691425631,-0.410840369142563,-0.5174001701746129,-1.2027745701779144,2.015457507742905,-1.314771666608307,1.314771666608307,-0.2585739064876405,0.6521063704999376,-0.5553178338692093,4.221434924348927,-1.6453178133937247,-0.5258533437475079,1
0.046423678220974374,-0.11972704139291655,0.019474771228664586,0.08599688921773323,-0.3374068008493588,-0.3608834747841887,-0.5237418787490222,0.5237418787490222,-1.0706067580626215,-0.4833357480863082,1.8354965592579078,-0.22376668822285872,0.4108403691425631,-0.410840369142563,-0.5174001701746129,-1.2027745701779144,2.015457507742905,0.7605883404680315,-0.7605883404680315,-0.2585739064876405,0.6521063704999376,-0.5553178338692093,-0.2368862763303714,0.6077853116640998,-0.5258533437475079,0
1.3322719730962669,-1.1227921465820192,0.10120942099776109,-0.23139703503527093,-0.7149320932631232,1.2542901257743142,-0.5237418787490222,0.5237418787490222,0.9340497736158585,-0.4833357480863082,-0.5448116995677182,-0.22376668822285872,0.4108403691425631,-0.410840369142563,1.9327399905232316,-1.2027745701779144,-0.49616526081956064,-1.314771666608307,1.314771666608307,-0.2585739064876405,-1.5334921498057892,1.8007705479804994,-0.2368862763303714,0.6077853116640998,-0.5258533437475079,1
0.47503977651273854,0.7718863854418411,0.15569918751049208,-1.3026015293891604,1.0783130457022572,1.2542901257743142,-0.5237418787490222,0.5237418787490222,0.9340497736158585,-0.4833357480863082,-0.5448116995677182,-0.22376668822285872,0.4108403691425631,-0.410840369142563,-0.5174001701746129,0.83141099321054,-0.49616526081956064,0.7605883404680315,-0.7605883404680315,-0.2585739064876405,0.6521063704999376,-0.5553178338692093,-0.2368862763303714,-1.6453178133937247,1.901670897200107,1
-1.132270592081377,0.9947897421505305,0.41906639232202536,1.315898345698125,0.6064064301850519,-0.3608834747841887,-0.5237418787490222,0.5237418787490222,0.9340497736158585,-0.4833357480863082,-0.5448116995677182,-0.22376668822285872,0.4108403691425631,-0.410840369142563,-0.5174001701746129,0.83141099321054,-0.49616526081956064,0.7605883404680315,-0.7605883404680315,-0.2585739064876405,-1.5334921498057892,1.8007705479804994,-0.2368862763303714,0.6077853116640998,-0.5258533437475079,0
-1.9895027886649055,-0.6769854331646402,-0.3710352221125743,1.8713377131408826,-0.8093134163665643,-0.3608834747841887,1.9093374820217521,-1.9093374820217521,-1.0706067580626215,-0.4833357480863082,-0.5448116995677182,4.468940430507949,0.4108403691425631,-0.410840369142563,-0.5174001701746129,-1.2027745701779144,2.015457507742905,0.7605883404680315,-0.7605883404680315,-0.2585739064876405,0.6521063704999376,-0.5553178338692093,-0.2368862763303714,0.6077853116640998,-0.5258533437475079,0
2.510966243398618,-0.3983562372787783,0.9367191741929699,0.9588301809134951,-0.8093134163665643,4.4846373268913196,-0.5237418787490222,0.5237418787490222,0.9340497736158585,-0.4833357480863082,-0.5448116995677182,-0.22376668822285872,0.4108403691425631,-0.410840369142563,1.9327399905232316,-1.2027745701779144,-0.49616526081956064,-1.314771666608307,1.314771666608307,-0.2585739064876405,-1.5334921498057892,1.8007705479804994,-0.2368862763303714,0.6077853116640998,-0.5258533437475079,1
0.1535777027939155,-0.11972704139291655,0.24651546503171043,0.08599688921773323,-0.3374068008493588,-0.3608834747841887,-0.5237418787490222,0.5237418787490222,-1.0706067580626215,-0.4833357480863082,1.8354965592579078,-0.22376668822285872,0.4108403691425631,-0.410840369142563,-0.5174001701746129,-1.2027745701779144,2.015457507742905,0.7605883404680315,-0.7605883404680315,-0.2585739064876405,0.6521063704999376,-0.5553178338692093,-0.2368862763303714,0.6077853116640998,-0.5258533437475079,1
0.47503977651273854,-0.11972704139291655,0.11029104874988287,0.08599688921773323,-0.8093134163665643,-0.3608834747841887,-0.5237418787490222,0.5237418787490222,-1.0706067580626215,-0.4833357480863082,1.8354965592579078,-0.22376668822285872,0.4108403691425631,-0.410840369142563,-0.5174001701746129,-1.2027745701779144,2.015457507742905,0.7605883404680315,-0.7605883404680315,-0.2585739064876405,0.6521063704999376,-0.5553178338692093,4.221434924348927,-1.6453178133937247,-0.5258533437475079,1
-1.3465786412272591,0.15890215449294506,0.019474771228664586,-0.23139703503527093,-0.8093134163665643,-0.3608834747841887,-0.5237418787490222,0.5237418787490222,-1.0706067580626215,2.068955180657219,-0.5448116995677182,-0.22376668822285872,0.4108403691425631,-0.410840369142563,-0.5174001701746129,0.83141099321054,-0.49616526081956064,0.7605883404680315,-0.7605883404680315,-0.2585739064876405,0.6521063704999376,-0.5553178338692093,4.221434924348927,-1.6453178133937247,-0.5258533437475079,0
1.65373404681509,-0.11972704139291655,-1.8240956624520681,0.08599688921773323,-0.3374068008493588,-0.3608834747841887,-0.5237418787490222,0.5237418787490222,0.9340497736158585,-0.4833357480863082,-0.5448116995677182,-0.22376668822285872,0.4108403691425631,-0.410840369142563,-0.5174001701746129,-1.2027745701779144,2.015457507742905,0.7605883404680315,-0.7605883404680315,-0.2585739064876405,0.6521063704999376,-0.5553178338692093,-0.2368862763303714,-1.6453178133937247,1.901670897200107,1
1.117963923950385,-0.11972704139291655,0.5189642975953654,-0.31074551609852197,-0.8093134163665643,-0.3608834747841887,-0.5237418787490222,0.5237418787490222,0.9340497736158585,-0.4833357480863082,-0.5448116995677182,-0.22376668822285872,-2.434035394542732,2.434035394542732,1.9327399905232316,-1.2027745701779144,-0.49616526081956064,0.7605883404680315,-0.7605883404680315,-0.2585739064876405,0.6521063704999376,-0.5553178338692093,4.221434924348927,-1.6453178133937247,-0.5258533437475079,1
-1.7751947395190233,-0.6769854331646402,0.5371275530996091,-0.31074551609852197,-0.8093134163665643,-0.3608834747841887,1.9093374820217521,-1.9093374820217521,-1.0706067580626215,2.068955180657219,-0.5448116995677182,-0.22376668822285872,0.4108403691425631,-0.410840369142563,-0.5174001701746129,0.83141099321054,-0.49616526081956064,0.7605883404680315,-0.7605883404680315,-0.2585739064876405,0.6521063704999376,-0.5553178338692093,-0.2368862763303714,0.6077853116640998,-0.5258533437475079,0
1.0108098993774437,2.945194113351563,-1.8240956624520681,-1.580321213110539,-0.8093134163665643,-0.3608834747841887,-0.5237418787490222,0.5237418787490222,0.9340497736158585,-0.4833357480863082,-0.5448116995677182,-0.22376668822285872,0.4108403691425631,-0.410840369142563,-0.5174001701746129,0.83141099321054,-0.49616526081956064,-1.314771666608307,1.314771666608307,-0.2585739064876405,-1.5334921498057892,1.8007705479804994,-0.2368862763303714,-1.6453178133937247,1.901670897200107,1
0.2607317273668565,-0.6769854331646402,-1.8240956624520681,-1.6199954536421648,-0.8093134163665643,-0.3608834747841887,-0.5237418787490222,0.5237418787490222,-1.0706067580626215,-0.4833357480863082,1.8354965592579078,-0.22376668822285872,0.4108403691425631,-0.410840369142563,-0.5174001701746129,0.83141099321054,-0.49616526081956064,0.7605883404680315,-0.7605883404680315,-0.2585739064876405,0.6521063704999376,-0.5553178338692093,-0.2368862763303714,-1.6453178133937247,1.901670897200107,0
-0.8108085183625539,-1.2342438249363639,0.33733174255292875,0.08599688921773323,0.13449981466784652,-0.3608834747841887,-0.5237418787490222,0.5237418787490222,0.9340497736158585,-0.4833357480863082,-0.5448116995677182,-0.22376668822285872,0.4108403691425631,-0.410840369142563,-0.5174001701746129,-1.2027745701779144,2.015457507742905,-1.314771666608307,1.314771666608307,-0.2585739064876405,0.6521063704999376,-0.5553178338692093,-0.2368862763303714,0.6077853116640998,-0.5258533437475079,0
1.868042095960972,1.552048133922254,0.9185559186887264,0.9588301809134951,-0.4317881239527999,2.8694637263328175,1.9093374820217521,-1.9093374820217521,-1.0706067580626215,2.068955180657219,-0.5448116995677182,-0.22376668822285872,0.4108403691425631,-0.410840369142563,-0.5174001701746129,0.83141099321054,-0.49616526081956064,0.7605883404680315,-0.7605883404680315,-0.2585739064876405,-1.5334921498057892,1.8007705479804994,-0.2368862763303714,0.6077853116640998,-0.5258533437475079,0
-1.4537326658002,-0.11972704139291655,0.7278417358941677,1.1572013835716226,-0.8093134163665643,-0.3608834747841887,-0.5237418787490222,0.5237418787490222,-1.0706067580626215,-0.4833357480863082,1.8354965592579078,-0.22376668822285872,0.4108403691425631,-0.410840369142563,-0.5174001701746129,0.83141099321054,-0.49616526081956064,0.7605883404680315,-0.7605883404680315,-0.2585739064876405,0.6521063704999376,-0.5553178338692093,-0.2368862763303714,0.6077853116640998,-0.5258533437475079,0
-0.16788437092490754,1.1062414205048754,0.8822294076802389,1.5936180294195035,0.3232624608747286,-0.3608834747841887,-0.5237418787490222,0.5237418787490222,-1.0706067580626215,-0.4833357480863082,-0.5448116995677182,4.468940430507949,-2.434035394542732,2.434035394542732,-0.5174001701746129,0.83141099321054,-0.49616526081956064,0.7605883404680315,-0.7605883404680315,-0.2585739064876405,0.6521063704999376,-0.5553178338692093,-0.2368862763303714,-1.6453178133937247,1.901670897200107,0
-1.560886690373141,-1.2342438249363639,0.7187601081420458,0.48273929453398856,-0.8093134163665643,-0.3608834747841887,-0.5237418787490222,0.5237418787490222,0.9340497736158585,-0.4833357480863082,-0.5448116995677182,-0.22376668822285872,0.4108403691425631,-0.410840369142563,-0.5174001701746129,0.83141099321054,-0.49616526081956064,0.7605883404680315,-0.7605883404680315,-0.2585739064876405,0.6521063704999376,-0.5553178338692093,4.221434924348927,-1.6453178133937247,-0.5258533437475079,1
0.2607317273668565,-0.11972704139291655,0.20110732627110126,-0.9455333646045305,-0.8093134163665643,-0.3608834747841887,-0.5237418787490222,0.5237418787490222,-1.0706067580626215,-0.4833357480863082,1.8354965592579078,-0.22376668822285872,0.4108403691425631,-0.410840369142563,-0.5174001701746129,0.83141099321054,-0.49616526081956064,0.7605883404680315,-0.7605883404680315,-0.2585739064876405,0.6521063704999376,-0.5553178338692093,-0.2368862763303714,0.6077853116640998,-0.5258533437475079,0
0.1535777027939155,0.43753135037880697,-0.044096623036188165,0.48273929453398856,-0.8093134163665643,-0.3608834747841887,-0.5237418787490222,0.5237418787490222,-1.0706067580626215,2.068955180657219,-0.5448116995677182,-0.22376668822285872,0.4108403691425631,-0.410840369142563,-0.5174001701746129,0.83141099321054,-0.49616526081956064,0.7605883404680315,-0.7605883404680315,-0.2585739064876405,0.6521063704999376,-0.5553178338692093,-0.2368862763303714,-1.6453178133937247,1.901670897200107,0
-0.2750383954978486,0.15890215449294506,-0.3710352221125743,0.48273929453398856,1.0783130457022572,-0.3608834747841887,-0.5237418787490222,0.5237418787490222,-1.0706067580626215,-0.4833357480863082,1.8354965592579078,-0.22376668822285872,0.4108403691425631,-0.410840369142563,-0.5174001701746129,0.83141099321054,-0.49616526081956064,0.7605883404680315,-0.7605883404680315,-0.2585739064876405,0.6521063704999376,-0.5553178338692093,-0.2368862763303714,0.6077853116640998,-0.5258533437475079,1
0.046423678220974374,0.3260796720244622,0.6642703416293149,-1.3026015293891604,0.6064064301850519,-0.3608834747841887,1.9093374820217521,-1.9093374820217521,0.9340497736158585,-0.4833357480863082,-0.5448116995677182,-0.22376668822285872,0.4108403691425631,-0.410840369142563,-0.5174001701746129,0.83141099321054,-0.49616526081956064,-1.314771666608307,1.314771666608307,-0.2585739064876405,0.6521063704999376,-0.5553178338692093,-0.2368862763303714,0.6077853116640998,-0.5258533437475079,1
-1.132270592081377,-1.7915022167080872,0.20110732627110126,0.16534537028098428,-0.8093134163665643,-0.3608834747841887,1.9093374820217521,-1.9093374820217521,-1.0706067580626215,-0.4833357480863082,-0.5448116995677182,4.468940430507949,0.4108403691425631,-0.410840369142563,-0.5174001701746129,0.83141099321054,-0.49616526081956064,0.7605883404680315,-0.7605883404680315,-0.2585739064876405,0.6521063704999376,-0.5553178338692093,-0.2368862763303714,0.6077853116640998,-0.5258533437475079,0
1.9751961205339128,1.552048133922254,0.20110732627110126,-0.31074551609852197,0.6064064301850519,-0.3608834747841887,-0.5237418787490222,0.5237418787490222,0.9340497736158585,-0.4833357480863082,-0.5448116995677182,-0.22376668822285872,-2.434035394542732,2.434035394542732,1.9327399905232316,-1.2027745701779144,-0.49616526081956064,0.7605883404680315,-0.7605883404680315,-0.2585739064876405,0.6521063704999376,-0.5553178338692093,-0.2368862763303714,0.6077853116640998,-0.5258533437475079,1
0.5821938010856796,0.43753135037880697,-1.8240956624520681,-0.8265106430096539,0.13449981466784652,-0.3608834747841887,-0.5237418787490222,0.5237418787490222,0.9340497736158585,-0.4833357480863082,-0.5448116995677182,-0.22376668822285872,0.4108403691425631,-0.410840369142563,-0.5174001701746129,-1.2027745701779144,2.015457507742905,-1.314771666608307,1.314771666608307,-0.2585739064876405,0.6521063704999376,-0.5553178338692093,-0.2368862763303714,0.6077853116640998,-0.5258533437475079,1
1.4394259976692079,-1.4571471816450534,0.20110732627110126,0.16534537028098428,-0.5261694470562411,2.8694637263328175,1.9093374820217521,-1.9093374820217521,0.9340497736158585,-0.4833357480863082,-0.5448116995677182,-0.22376668822285872,0.4108403691425631,-0.410840369142563,-0.5174001701746129,0.83141099321054,-0.49616526081956064,0.7605883404680315,-0.7605883404680315,-0.2585739064876405,-1.5334921498057892,1.8007705479804994,-0.2368862763303714,0.6077853116640998,-0.5258533437475079,0
0.5821938010856796,-0.6769854331646402,-1.8240956624520681,-0.905859124072905,-0.8093134163665643,-0.3608834747841887,-0.5237418787490222,0.5237418787490222,0.9340497736158585,-0.4833357480863082,-0.5448116995677182,-0.22376668822285872,0.4108403691425631,-0.410840369142563,-0.5174001701746129,0.83141099321054,-0.49616526081956064,0.7605883404680315,-0.7605883404680315,-0.2585739064876405,0.6521063704999376,-0.5553178338692093,-0.2368862763303714,0.6077853116640998,-0.5258533437475079,1
-0.16788437092490754,-0.3983562372787783,0.10120942099776109,1.196875624103248,0.13449981466784652,2.8694637263328175,-0.5237418787490222,0.5237418787490222,0.9340497736158585,-0.4833357480863082,-0.5448116995677182,-0.22376668822285872,0.4108403691425631,-0.410840369142563,-0.5174001701746129,0.83141099321054,-0.49616526081956064,0.7605883404680315,-0.7605883404680315,-0.2585739064876405,-1.5334921498057892,1.8007705479804994,-0.2368862763303714,-1.6453178133937247,1.901670897200107,1
0.2607317273668565,-0.6769854331646402,0.3191684870486851,1.5936180294195035,-0.05426283153903558,-0.3608834747841887,-0.5237418787490222,0.5237418787490222,-1.0706067580626215,2.068955180657219,-0.5448116995677182,-0.22376668822285872,0.4108403691425631,-0.410840369142563,-0.5174001701746129,0.83141099321054,-0.49616526081956064,0.7605883404680315,-0.7605883404680315,-0.2585739064876405,-1.5334921498057892,1.8007705479804994,-0.2368862763303714,0.6077853116640998,-0.5258533437475079,0
-0.5965004692166718,-1.6800505383537425,-1.8240956624520681,-1.104230326731033,0.13449981466784652,-0.3608834747841887,-0.5237418787490222,0.5237418787490222,-1.0706067580626215,-0.4833357480863082,1.8354965592579078,-0.22376668822285872,0.4108403691425631,-0.410840369142563,-0.5174001701746129,-1.2027745701779144,2.015457507742905,-1.314771666608307,1.314771666608307,3.867366253554276,-1.5334921498057892,-0.5553178338692093,-0.2368862763303714,0.6077853116640998,-0.5258533437475079,1
-1.3465786412272591,-0.3983562372787783,-0.15307615606165023,1.672966510482755,-0.8093134163665643,-0.3608834747841887,1.9093374820217521,-1.9093374820217521,-1.0706067580626215,2.068955180657219,-0.5448116995677182,-0.22376668822285872,0.4108403691425631,-0.410840369142563,-0.5174001701746129,0.83141099321054,-0.49616526081956064,0.7605883404680315,-0.7605883404680315,-0.2585739064876405,0.6521063704999376,-0.5553178338692093,-0.2368862763303714,0.6077853116640998,-0.5258533437475079,0
1.5465800222421486,0.6604347070874963,-0.0713415062925537,0.12567112974935876,2.3996515691504325,2.8694637263328175,-0.5237418787490222,0.5237418787490222,0.9340497736158585,-0.4833357480863082,-0.5448116995677182,-0.22376668822285872,-2.434035394542732,2.434035394542732,-0.5174001701746129,0.83141099321054,-0.49616526081956064,0.7605883404680315,-0.7605883404680315,-0.2585739064876405,0.6521063704999376,-0.5553178338692093,-0.2368862763303714,-1.6453178133937247,1.901670897200107,1
0.9036558748045028,0.9947897421505305,-1.8240956624520681,-2.3738060237430503,1.0783130457022572,-0.3608834747841887,-0.5237418787490222,0.5237418787490222,0.9340497736158585,-0.4833357480863082,-0.5448116995677182,-0.22376668822285872,0.4108403691425631,-0.410840369142563,-0.5174001701746129,-1.2027745701779144,2.015457507742905,0.7605883404680315,-0.7605883404680315,-0.2585739064876405,0.6521063704999376,-0.5553178338692093,-0.2368862763303714,-1.6453178133937247,1.901670897200107,1
-1.7751947395190233,-0.11972704139291655,-0.25297406133499045,1.8316634726092567,-0.8093134163665643,-0.3608834747841887,1.9093374820217521,-1.9093374820217521,0.9340497736158585,-0.4833357480863082,-0.5448116995677182,-0.22376668822285872,0.4108403691425631,-0.410840369142563,-0.5174001701746129,-1.2027745701779144,2.015457507742905,0.7605883404680315,-0.7605883404680315,-0.2585739064876405,0.6521063704999376,-0.5553178338692093,-0.2368862763303714,0.6077853116640998,-0.5258533437475079,0
0.36788575193979756,-0.6769854331646402,1.3908005617990618,0.9985044214451204,-0.24302547774591776,-0.3608834747841887,1.9093374820217521,-1.9093374820217521,0.9340497736158585,-0.4833357480863082,-0.5448116995677182,-0.22376668822285872,0.4108403691425631,-0.410840369142563,-0.5174001701746129,0.83141099321054,-0.49616526081956064,-1.314771666608307,1.314771666608307,-0.2585739064876405,-1.5334921498057892,1.8007705479804994,-0.2368862763303714,0.6077853116640998,-0.5258533437475079,0
-1.132270592081377,-0.955614629050502,0.9276375464408481,1.71264075101438,0.3232624608747286,-0.3608834747841887,-0.5237418787490222,0.5237418787490222,0.9340497736158585,-0.4833357480863082,-0.5448116995677182,-0.22376668822285872,0.4108403691425631,-0.410840369142563,-0.5174001701746129,0.83141099321054,-0.49616526081956064,0.7605883404680315,-0.7605883404680315,-0.2585739064876405,0.6521063704999376,-0.5553178338692093,-0.2368862763303714,0.6077853116640998,-0.5258533437475079,0
2.1895041696797954,0.7161605462646687,-1.8240956624520681,-0.5884651998199008,0.4176437839781697,-0.3608834747841887,-0.5237418787490222,0.5237418787490222,-1.0706067580626215,2.068955180657219,-0.5448116995677182,-0.22376668822285872,0.4108403691425631,-0.410840369142563,-0.5174001701746129,-1.2027745701779144,2.015457507742905,0.7605883404680315,-0.7605883404680315,-0.2585739064876405,-1.5334921498057892,1.8007705479804994,-0.2368862763303714,0.6077853116640998,-0.5258533437475079,1
-1.560886690373141,-1.2342438249363639,-0.17123941156589387,1.672966510482755,-0.8093134163665643,-0.3608834747841887,1.9093374820217521,-1.9093374820217521,-1.0706067580626215,-0.4833357480863082,1.8354965592579078,-0.22376668822285872,0.4108403691425631,-0.410840369142563,-0.5174001701746129,-1.2027745701779144,2.015457507742905,0.7605883404680315,-0.7605883404680315,-0.2585739064876405,0.6521063704999376,-0.5553178338692093,-0.2368862763303714,0.6077853116640998,-0.5258533437475079,0
-1.025116567508436,-1.1227921465820192,0.8095763856632642,0.6017620161288653,-0.8093134163665643,1.2542901257743142,-0.5237418787490222,0.5237418787490222,0.9340497736158585,-0.4833357480863082,-0.5448116995677182,-0.22376668822285872,0.4108403691425631,-0.410840369142563,1.9327399905232316,-1.2027745701779144,-0.49616526081956064,0.7605883404680315,-0.7605883404680315,-0.2585739064876405,-1.5334921498057892,1.8007705479804994,-0.2368862763303714,0.6077853116640998,-0.5258533437475079,1
1.4394259976692079,-0.955614629050502,3.2979423897446467,0.879481699850244,0.7007877532884931,-0.3608834747841887,1.9093374820217521,-1.9093374820217521,-1.0706067580626215,-0.4833357480863082,1.8354965592579078,-0.22376668822285872,0.4108403691425631,-0.410840369142563,1.9327399905232316,-1.2027745701779144,-0.49616526081956064,0.7605883404680315,-0.7605883404680315,-0.2585739064876405,0.6521063704999376,-0.5553178338692093,-0.2368862763303714,-1.6453178133937247,1.901670897200107,0
-0.7036544937896128,0.15890215449294506,0.4281480200741471,1.2762241051664993,-0.8093134163665643,-0.3608834747841887,1.9093374820217521,-1.9093374820217521,-1.0706067580626215,-0.4833357480863082,1.8354965592579078,-0.22376668822285872,-2.434035394542732,2.434035394542732,-0.5174001701746129,0.83141099321054,-0.49616526081956064,0.7605883404680315,-0.7605883404680315,-0.2585739064876405,0.6521063704999376,-0.5553178338692093,-0.2368862763303714,0.6077853116640998,-0.5258533437475079,1
0.1535777027939155,0.43753135037880697,0.001311515724420834,-0.31074551609852197,2.0221262767366683,-0.3608834747841887,-0.5237418787490222,0.5237418787490222,0.9340497736158585,-0.4833357480863082,-0.5448116995677182,-0.22376668822285872,0.4108403691425631,-0.410840369142563,-0.5174001701746129,0.83141099321054,-0.49616526081956064,-1.314771666608307,1.314771666608307,-0.2585739064876405,0.6521063704999376,-0.5553178338692093,-0.2368862763303714,0.6077853116640998,-0.5258533437475079,1
1.225117948523326,-1.2342438249363639,0.4281480200741471,0.800133218786993,-0.24302547774591776,2.8694637263328175,-0.5237418787490222,0.5237418787490222,0.9340497736158585,-0.4833357480863082,-0.5448116995677182,-0.22376668822285872,0.4108403691425631,-0.410840369142563,1.9327399905232316,-1.2027745701779144,-0.49616526081956064,0.7605883404680315,-0.7605883404680315,-0.2585739064876405,-1.5334921498057892,1.8007705479804994,4.221434924348927,-1.6453178133937247,-0.5258533437475079,1
-0.9179625429354947,-0.11972704139291655,0.16478081526261396,-0.31074551609852197,0.13449981466784652,-0.3608834747841887,-0.5237418787490222,0.5237418787490222,0.9340497736158585,-0.4833357480863082,-0.5448116995677182,-0.22376668822285872,0.4108403691425631,-0.410840369142563,-0.5174001701746129,-1.2027745701779144,2.015457507742905,-1.314771666608307,1.314771666608307,-0.2585739064876405,0.6521063704999376,-0.5553178338692093,-0.2368862763303714,0.6077853116640998,-0.5258533437475079,1
-1.2394246166543181,-0.6769854331646402,-0.025933367531944508,0.6811104971921162,-0.8093134163665643,-0.3608834747841887,-0.5237418787490222,0.5237418787490222,-1.0706067580626215,2.068955180657219,-0.5448116995677182,-0.22376668822285872,0.4108403691425631,-0.410840369142563,-0.5174001701746129,0.83141099321054,-0.49616526081956064,0.7605883404680315,-0.7605883404680315,-0.2585739064876405,0.6521063704999376,-0.5553178338692093,-0.2368862763303714,0.6077853116640998,-0.5258533437475079,0
0.1535777027939155,-1.2342438249363639,0.11937267650200474,1.672966510482755,-0.3374068008493588,-0.3608834747841887,-0.5237418787490222,0.5237418787490222,-1.0706067580626215,2.068955180657219,-0.5448116995677182,-0.22376668822285872,-2.434035394542732,2.434035394542732,-0.5174001701746129,-1.2027745701779144,2.015457507742905,0.7605883404680315,-0.7605883404680315,-0.2585739064876405,0.6521063704999376,-0.5553178338692093,-0.2368862763303714,0.6077853116640998,-0.5258533437475079,0
-0.2750383954978486,-0.6769854331646402,0.8549845244238734,0.7604589782553673,-0.24302547774591776,-0.3608834747841887,1.9093374820217521,-1.9093374820217521,-1.0706067580626215,-0.4833357480863082,1.8354965592579078,-0.22376668822285872,0.4108403691425631,-0.410840369142563,1.9327399905232316,-1.2027745701779144,-0.49616526081956064,0.7605883404680315,-0.7605883404680315,-0.2585739064876405,-1.5334921498057892,1.8007705479804994,-0.2368862763303714,0.6077853116640998,-0.5258533437475079,0
1.117963923950385,0.43753135037880697,1.2182496345087466,0.800133218786993,-0.8093134163665643,-0.3608834747841887,-0.5237418787490222,0.5237418787490222,-1.0706067580626215,-0.4833357480863082,1.8354965592579078,-0.22376668822285872,0.4108403691425631,-0.410840369142563,-0.5174001701746129,0.83141099321054,-0.49616526081956064,0.7605883404680315,-0.7605883404680315,-0.2585739064876405,-1.5334921498057892,1.8007705479804994,-0.2368862763303714,0.6077853116640998,-0.5258533437475079,1
-1.9895027886649055,-0.6769854331646402,-0.025933367531944508,-0.31074551609852197,0.7007877532884931,-0.3608834747841887,-0.5237418787490222,0.5237418787490222,0.9340497736158585,-0.4833357480863082,-0.5448116995677182,-0.22376668822285872,0.4108403691425631,-0.410840369142563,-0.5174001701746129,0.83141099321054,-0.49616526081956064,-1.314771666608307,1.314771666608307,-0.2585739064876405,0.6521063704999376,-0.5553178338692093,-0.2368862763303714,-1.6453178133937247,1.901670897200107,1
0.5821938010856796,-0.11972704139291655,0.20110732627110126,-0.5091167187566498,-0.8093134163665643,-0.3608834747841887,-0.5237418787490222,0.5237418787490222,0.9340497736158585,-0.4833357480863082,-0.5448116995677182,-0.22376668822285872,0.4108403691425631,-0.410840369142563,-0.5174001701746129,0.83141099321054,-0.49616526081956064,0.7605883404680315,-0.7605883404680315,-0.2585739064876405,0.6521063704999376,-0.5553178338692093,-0.2368862763303714,0.6077853116640998,-0.5258533437475079,1
0.9036558748045028,-0.45408207645595067,0.07396453774139557,0.9985044214451204,-0.8093134163665643,-0.3608834747841887,1.9093374820217521,-1.9093374820217521,0.9340497736158585,-0.4833357480863082,-0.5448116995677182,-0.22376668822285872,0.4108403691425631,-0.410840369142563,-0.5174001701746129,0.83141099321054,-0.49616526081956064,0.7605883404680315,-0.7605883404680315,-0.2585739064876405,-1.5334921498057892,1.8007705479804994,-0.2368862763303714,0.6077853116640998,-0.5258533437475079,0
0.47503977651273854,-0.34263039810160606,-1.8240956624520681,-1.104230326731033,1.0783130457022572,-0.3608834747841887,-0.5237418787490222,0.5237418787490222,-1.0706067580626215,2.068955180657219,-0.5448116995677182,-0.22376668822285872,-2.434035394542732,2.434035394542732,-0.5174001701746129,0.83141099321054,-0.49616526081956064,-1.314771666608307,1.314771666608307,-0.2585739064876405,0.6521063704999376,-0.5553178338692093,-0.2368862763303714,0.6077853116640998,-0.5258533437475079,1
0.6893478256586207,-1.7915022167080872,0.4281480200741471,-0.5091167187566498,0.13449981466784652,-0.3608834747841887,-0.5237418787490222,0.5237418787490222,0.9340497736158585,-0.4833357480863082,-0.5448116995677182,-0.22376668822285872,0.4108403691425631,-0.410840369142563,-0.5174001701746129,0.83141099321054,-0.49616526081956064,0.7605883404680315,-0.7605883404680315,-0.2585739064876405,0.6521063704999376,-0.5553178338692093,-0.2368862763303714,0.6077853116640998,-0.5258533437475079,1
-0.16788437092490754,-1.1227921465820192,0.2646787205359541,0.879481699850244,-0.8093134163665643,1.2542901257743142,-0.5237418787490222,0.5237418787490222,0.9340497736158585,-0.4833357480863082,-0.5448116995677182,-0.22376668822285872,0.4108403691425631,-0.410840369142563,-0.5174001701746129,0.83141099321054,-0.49616526081956064,0.7605883404680315,-0.7605883404680315,-0.2585739064876405,-1.5334921498057892,1.8007705479804994,-0.2368862763303714,0.6077853116640998,-0.5258533437475079,1
-0.16788437092490754,-0.2311787197472613,0.037638026732908246,1.8316634726092567,-0.8093134163665643,-0.3608834747841887,-0.5237418787490222,0.5237418787490222,-1.0706067580626215,2.068955180657219,-0.5448116995677182,-0.22376668822285872,-2.434035394542732,2.434035394542732,-0.5174001701746129,0.83141099321054,-0.49616526081956064,0.7605883404680315,-0.7605883404680315,-0.2585739064876405,-1.5334921498057892,1.8007705479804994,-0.2368862763303714,0.6077853116640998,-0.5258533437475079,0
0.36788575193979756,0.9947897421505305,-0.2983822000955997,1.4349210672930013,0.7007877532884931,-0.3608834747841887,-0.5237418787490222,0.5237418787490222,-1.0706067580626215,-0.4833357480863082,1.8354965592579078,-0.22376668822285872,0.4108403691425631,-0.410840369142563,-0.5174001701746129,0.83141099321054,-0.49616526081956064,0.7605883404680315,-0.7605883404680315,-0.2585739064876405,-1.5334921498057892,1.8007705479804994,-0.2368862763303714,0.6077853116640998,-0.5258533437475079,0
1.3322719730962669,2.555113239111356,0.24651546503171043,1.0778529025083714,0.13449981466784652,2.8694637263328175,1.9093374820217521,-1.9093374820217521,0.9340497736158585,-0.4833357480863082,-0.5448116995677182,-0.22376668822285872,-2.434035394542732,2.434035394542732,-0.5174001701746129,0.83141099321054,-0.49616526081956064,-1.314771666608307,1.314771666608307,-0.2585739064876405,0.6521063704999376,-0.5553178338692093,-0.2368862763303714,-1.6453178133937247,1.901670897200107,1
0.046423678220974374,0.15890215449294506,0.9367191741929699,1.2762241051664993,-0.8093134163665643,-0.3608834747841887,1.9093374820217521,-1.9093374820217521,-1.0706067580626215,-0.4833357480863082,1.8354965592579078,-0.22376668822285872,-2.434035394542732,2.434035394542732,-0.5174001701746129,0.83141099321054,-0.49616526081956064,0.7605883404680315,-0.7605883404680315,-0.2585739064876405,-1.5334921498057892,1.8007705479804994,-0.2368862763303714,0.6077853116640998,-0.5258533437475079,0
-0.5965004692166718,-0.11972704139291655,0.9730456852014573,0.08599688921773323,1.0783130457022572,-0.3608834747841887,1.9093374820217521,-1.9093374820217521,-1.0706067580626215,2.068955180657219,-0.5448116995677182,-0.22376668822285872,0.4108403691425631,-0.410840369142563,-0.5174001701746129,-1.2027745701779144,2.015457507742905,0.7605883404680315,-0.7605883404680315,-0.2585739064876405,-1.5334921498057892,1.8007705479804994,-0.2368862763303714,0.6077853116640998,-0.5258533437475079,0
0.5821938010856796,0.10317631531577283,0.02855639898078637,0.9588301809134951,-0.05426283153903558,2.8694637263328175,-0.5237418787490222,0.5237418787490222,-1.0706067580626215,-0.4833357480863082,-0.5448116995677182,4.468940430507949,0.4108403691425631,-0.410840369142563,-0.5174001701746129,0.83141099321054,-0.49616526081956064,0.7605883404680315,-0.7605883404680315,-0.2585739064876405,-1.5334921498057892,1.8007705479804994,-0.2368862763303714,0.6077853116640998,-0.5258533437475079,1
1.760888071388031,2.109306525693978,-0.08042313404467559,-0.3504197566301475,2.0221262767366683,-0.3608834747841887,-0.5237418787490222,0.5237418787490222,0.9340497736158585,-0.4833357480863082,-0.5448116995677182,-0.22376668822285872,0.4108403691425631,-0.410840369142563,-0.5174001701746129,-1.2027745701779144,2.015457507742905,-1.314771666608307,1.314771666608307,3.867366253554276,-1.5334921498057892,-0.5553178338692093,-0.2368862763303714,0.6077853116640998,-0.5258533437475079,1
-0.2750383954978486,-1.2342438249363639,-0.23481080583074673,-0.5884651998199008,-0.24302547774591776,-0.3608834747841887,-0.5237418787490222,0.5237418787490222,-1.0706067580626215,-0.4833357480863082,1.8354965592579078,-0.22376668822285872,0.4108403691425631,-0.410840369142563,-0.5174001701746129,0.83141099321054,-0.49616526081956064,0.7605883404680315,-0.7605883404680315,-0.2585739064876405,-1.5334921498057892,1.8007705479804994,-0.2368862763303714,0.6077853116640998,-0.5258533437475079,0
0.5821938010856796,-0.34263039810160606,0.15569918751049208,-0.15204855397201988,1.2670756919091395,1.2542901257743142,-0.5237418787490222,0.5237418787490222,-1.0706067580626215,-0.4833357480863082,1.8354965592579078,-0.22376668822285872,-2.434035394542732,2.434035394542732,-0.5174001701746129,0.83141099321054,-0.49616526081956064,0.7605883404680315,-0.7605883404680315,-0.2585739064876405,0.6521063704999376,-0.5553178338692093,4.221434924348927,-1.6453178133937247,-0.5258533437475079,1
0.046423678220974374,0.43753135037880697,0.34641337030505065,0.879481699850244,0.3232624608747286,-0.3608834747841887,-0.5237418787490222,0.5237418787490222,0.9340497736158585,-0.4833357480863082,-0.5448116995677182,-0.22376668822285872,0.4108403691425631,-0.410840369142563,-0.5174001701746129,0.83141099321054,-0.49616526081956064,0.7605883404680315,-0.7605883404680315,-0.2585739064876405,-1.5334921498057892,1.8007705479804994,-0.2368862763303714,0.6077853116640998,-0.5258533437475079,0
-1.3465786412272591,-0.11972704139291655,0.40090313681778167,0.48273929453398856,-0.8093134163665643,-0.3608834747841887,1.9093374820217521,-1.9093374820217521,-1.0706067580626215,2.068955180657219,-0.5448116995677182,-0.22376668822285872,0.4108403691425631,-0.410840369142563,-0.5174001701746129,0.83141099321054,-0.49616526081956064,0.7605883404680315,-0.7605883404680315,-0.2585739064876405,0.6521063704999376,-0.5553178338692093,-0.2368862763303714,0.6077853116640998,-0.5258533437475079,0
1.4394259976692079,-0.6769854331646402,0.32825011480080696,-2.6515257074644287,0.13449981466784652,-0.3608834747841887,-0.5237418787490222,0.5237418787490222,0.9340497736158585,-0.4833357480863082,-0.5448116995677182,-0.22376668822285872,0.4108403691425631,-0.410840369142563,-0.5174001701746129,0.83141099321054,-0.49616526081956064,0.7605883404680315,-0.7605883404680315,-0.2585739064876405,0.6521063704999376,-0.5553178338692093,-0.2368862763303714,0.6077853116640998,-0.5258533437475079,1
1.225117948523326,1.2734189380363925,0.6188622028687057,0.4033908134707376,-0.05426283153903558,-0.3608834747841887,1.9093374820217521,-1.9093374820217521,-1.0706067580626215,-0.4833357480863082,1.8354965592579078,-0.22376668822285872,0.4108403691425631,-0.410840369142563,-0.5174001701746129,0.83141099321054,-0.49616526081956064,0.7605883404680315,-0.7605883404680315,-0.2585739064876405,-1.5334921498057892,1.8007705479804994,-0.2368862763303714,0.6077853116640998,-0.5258533437475079,0
2.296658194252736,2.109306525693978,0.019474771228664586,-1.1835788077942841,-0.8093134163665643,-0.3608834747841887,-0.5237418787490222,0.5237418787490222,0.9340497736158585,-0.4833357480863082,-0.5448116995677182,-0.22376668822285872,-2.434035394542732,2.434035394542732,-0.5174001701746129,-1.2027745701779144,2.015457507742905,0.7605883404680315,-0.7605883404680315,-0.2585739064876405,0.6521063704999376,-0.5553178338692093,-0.2368862763303714,-1.6453178133937247,1.901670897200107,1
-0.5965004692166718,-1.2342438249363639,0.2555970927838323,1.196875624103248,0.13449981466784652,-0.3608834747841887,-0.5237418787490222,0.5237418787490222,-1.0706067580626215,2.068955180657219,-0.5448116995677182,-0.22376668822285872,0.4108403691425631,-0.410840369142563,-0.5174001701746129,0.83141099321054,-0.49616526081956064,0.7605883404680315,-0.7605883404680315,3.867366253554276,-1.5334921498057892,-0.5553178338692093,-0.2368862763303714,-1.6453178133937247,1.901670897200107,1
-1.025116567508436,-1.2342438249363639,-0.03501499528406639,1.5539437888878778,-0.8093134163665643,1.2542901257743142,-0.5237418787490222,0.5237418787490222,0.9340497736158585,-0.4833357480863082,-0.5448116995677182,-0.22376668822285872,0.4108403691425631,-0.410840369142563,1.9327399905232316,-1.2027745701779144,-0.49616526081956064,0.7605883404680315,-0.7605883404680315,-0.2585739064876405,-1.5334921498057892,1.8007705479804994,-0.2368862763303714,0.6077853116640998,-0.5258533437475079,1
-1.132270592081377,0.9947897421505305,-0.13491290055740657,0.6414362566604908,-0.8093134163665643,-0.3608834747841887,1.9093374820217521,-1.9093374820217521,-1.0706067580626215,2.068955180657219,-0.5448116995677182,-0.22376668822285872,0.4108403691425631,-0.410840369142563,-0.5174001701746129,0.83141099321054,-0.49616526081956064,0.7605883404680315,-0.7605883404680315,-0.2585739064876405,0.6521063704999376,-0.5553178338692093,-0.2368862763303714,0.6077853116640998,-0.5258533437475079,0
-1.4537326658002,-0.3983562372787783,-1.8240956624520681,1.0778529025083714,-0.8093134163665643,-0.3608834747841887,-0.5237418787490222,0.5237418787490222,0.9340497736158585,-0.4833357480863082,-0.5448116995677182,-0.22376668822285872,-2.434035394542732,2.434035394542732,-0.5174001701746129,0.83141099321054,-0.49616526081956064,0.7605883404680315,-0.7605883404680315,-0.2585739064876405,0.6521063704999376,-0.5553178338692093,-0.2368862763303714,-1.6453178133937247,1.901670897200107,1
-0.2750383954978486,-0.11972704139291655,1.2545761455172344,0.08599688921773323,-0.3374068008493588,-0.3608834747841887,-0.5237418787490222,0.5237418787490222,-1.0706067580626215,-0.4833357480863082,1.8354965592579078,-0.22376668822285872,0.4108403691425631,-0.410840369142563,-0.5174001701746129,0.83141099321054,-0.49616526081956064,0.7605883404680315,-0.7605883404680315,-0.2585739064876405,0.6521063704999376,-0.5553178338692093,-0.2368862763303714,0.6077853116640998,-0.5258533437475079,1
-0.06073034635196655,1.2734189380363925,-0.23481080583074673,0.879481699850244,-0.3374068008493588,-0.3608834747841887,-0.5237418787490222,0.5237418787490222,-1.0706067580626215,-0.4833357480863082,1.8354965592579078,-0.22376668822285872,-2.434035394542732,2.434035394542732,-0.5174001701746129,-1.2027745701779144,2.015457507742905,0.7605883404680315,-0.7605883404680315,-0.2585739064876405,0.6521063704999376,-0.5553178338692093,4.221434924348927,-1.6453178133937247,-0.5258533437475079,0
-0.9179625429354947,0.3260796720244622,0.3191684870486851,0.5620877755972397,-0.6205507701596821,-0.3608834747841887,1.9093374820217521,-1.9093374820217521,0.9340497736158585,-0.4833357480863082,-0.5448116995677182,-0.22376668822285872,0.4108403691425631,-0.410840369142563,1.9327399905232316,-1.2027745701779144,-0.49616526081956064,-1.314771666608307,1.314771666608307,-0.2585739064876405,0.6521063704999376,-0.5553178338692093,-0.2368862763303714,0.6077853116640998,-0.5258533437475079,0
-0.9179625429354947,2.6665649174657013,0.20110732627110126,1.672966510482755,-0.8093134163665643,-0.3608834747841887,1.9093374820217521,-1.9093374820217521,-1.0706067580626215,2.068955180657219,-0.5448116995677182,-0.22376668822285872,0.4108403691425631,-0.410840369142563,-0.5174001701746129,0.83141099321054,-0.49616526081956064,0.7605883404680315,-0.7605883404680315,-0.2585739064876405,0.6521063704999376,-0.5553178338692093,-0.2368862763303714,0.6077853116640998,-0.5258533437475079,0
0.6893478256586207,-0.955614629050502,-1.8240956624520681,0.20501961081260983,1.4558383381160216,-0.3608834747841887,-0.5237418787490222,0.5237418787490222,-1.0706067580626215,-0.4833357480863082,1.8354965592579078,-0.22376668822285872,0.4108403691425631,-0.410840369142563,-0.5174001701746129,0.83141099321054,-0.49616526081956064,0.7605883404680315,-0.7605883404680315,-0.2585739064876405,-1.5334921498057892,1.8007705479804994,-0.2368862763303714,0.6077853116640998,-0.5258533437475079,1
-0.2750383954978486,1.552048133922254,0.9276375464408481,0.48273929453398856,0.13449981466784652,-0.3608834747841887,1.9093374820217521,-1.9093374820217521,0.9340497736158585,-0.4833357480863082,-0.5448116995677182,-0.22376668822285872,0.4108403691425631,-0.410840369142563,-0.5174001701746129,0.83141099321054,-0.49616526081956064,-1.314771666608307,1.314771666608307,-0.2585739064876405,0.6521063704999376,-0.5553178338692093,-0.2368862763303714,0.6077853116640998,-0.5258533437475079,1
-0.9179625429354947,-0.11972704139291655,0.3010052315444414,1.474595307824627,-0.24302547774591776,-0.3608834747841887,1.9093374820217521,-1.9093374820217521,-1.0706067580626215,2.068955180657219,-0.5448116995677182,-0.22376668822285872,0.4108403691425631,-0.410840369142563,1.9327399905232316,-1.2027745701779144,-0.49616526081956064,0.7605883404680315,-0.7605883404680315,-0.2585739064876405,0.6521063704999376,-0.5553178338692093,-0.2368862763303714,0.6077853116640998,-0.5258533437475079,0
-1.4537326658002,-0.6769854331646402,2.407942870036707,0.5620877755972397,0.13449981466784652,-0.3608834747841887,-0.5237418787490222,0.5237418787490222,0.9340497736158585,-0.4833357480863082,-0.5448116995677182,-0.22376668822285872,0.4108403691425631,-0.410840369142563,-0.5174001701746129,0.83141099321054,-0.49616526081956064,-1.314771666608307,1.314771666608307,-0.2585739064876405,0.6521063704999376,-0.5553178338692093,4.221434924348927,-1.6453178133937247,-0.5258533437475079,1
0.2607317273668565,-0.3983562372787783,0.437229647826269,0.24469385134423535,0.3232624608747286,1.2542901257743142,-0.5237418787490222,0.5237418787490222,0.9340497736158585,-0.4833357480863082,-0.5448116995677182,-0.22376668822285872,-2.434035394542732,2.434035394542732,1.9327399905232316,-1.2027745701779144,-0.49616526081956064,-1.314771666608307,1.314771666608307,-0.2585739064876405,0.6521063704999376,-0.5553178338692093,-0.2368862763303714,0.6077853116640998,-0.5258533437475079,1
0.046423678220974374,-0.11972704139291655,-1.8240956624520681,-1.104230326731033,2.0221262767366683,-0.3608834747841887,-0.5237418787490222,0.5237418787490222,0.9340497736158585,-0.4833357480863082,-0.5448116995677182,-0.22376668822285872,0.4108403691425631,-0.410840369142563,-0.5174001701746129,0.83141099321054,-0.49616526081956064,-1.314771666608307,1.314771666608307,-0.2585739064876405,0.6521063704999376,-0.5553178338692093,-0.2368862763303714,-1.6453178133937247,1.901670897200107,1
-0.06073034635196655,0.43753135037880697,0.38273988131353803,0.6811104971921162,-0.8093134163665643,-0.3608834747841887,-0.5237418787490222,0.5237418787490222,0.9340497736158585,-0.4833357480863082,-0.5448116995677182,-0.22376668822285872,0.4108403691425631,-0.410840369142563,-0.5174001701746129,0.83141099321054,-0.49616526081956064,0.7605883404680315,-0.7605883404680315,-0.2585739064876405,0.6521063704999376,-0.5553178338692093,-0.2368862763303714,0.6077853116640998,-0.5258533437475079,0
-0.4893464446437307,-0.11972704139291655,-1.8240956624520681,0.28436809187586093,2.0221262767366683,-0.3608834747841887,-0.5237418787490222,0.5237418787490222,-1.0706067580626215,-0.4833357480863082,-0.5448116995677182,4.468940430507949,0.4108403691425631,-0.410840369142563,-0.5174001701746129,-1.2027745701779144,2.015457507742905,0.7605883404680315,-0.7605883404680315,-0.2585739064876405,0.6521063704999376,-0.5553178338692093,-0.2368862763303714,0.6077853116640998,-0.5258533437475079,1
1.225117948523326,-0.11972704139291655,0.4644745310826344,0.08599688921773323,-0.3374068008493588,-0.3608834747841887,-0.5237418787490222,0.5237418787490222,-1.0706067580626215,-0.4833357480863082,-0.5448116995677182,4.468940430507949,0.4108403691425631,-0.410840369142563,-0.5174001701746129,0.83141099321054,-0.49616526081956064,0.7605883404680315,-0.7605883404680315,-0.2585739064876405,0.6521063704999376,-0.5553178338692093,-0.2368862763303714,0.6077853116640998,-0.5258533437475079,0
-0.9179625429354947,-1.5685988599993976,0.0648829099892737,0.4033908134707376,2.0221262767366683,-0.3608834747841887,-0.5237418787490222,0.5237418787490222,0.9340497736158585,-0.4833357480863082,-0.5448116995677182,-0.22376668822285872,0.4108403691425631,-0.410840369142563,1.9327399905232316,-1.2027745701779144,-0.49616526081956064,-1.314771666608307,1.314771666608307,-0.2585739064876405,0.6521063704999376,-0.5553178338692093,-0.2368862763303714,0.6077853116640998,-0.5258533437475079,0
-0.8108085183625539,-1.7915022167080872,-1.8240956624520681,-0.1917227945036454,-3.263227817056032,-0.3608834747841887,-0.5237418787490222,0.5237418787490222,0.9340497736158585,-0.4833357480863082,-0.5448116995677182,-0.22376668822285872,0.4108403691425631,-0.410840369142563,-0.5174001701746129,-1.2027745701779144,2.015457507742905,0.7605883404680315,-0.7605883404680315,-0.2585739064876405,0.6521063704999376,-0.5553178338692093,-0.2368862763303714,0.6077853116640998,-0.5258533437475079,1
-0.2750383954978486,-0.11972704139291655,0.17386244301473572,0.879481699850244,1.0783130457022572,-0.3608834747841887,1.9093374820217521,-1.9093374820217521,-1.0706067580626215,-0.4833357480863082,1.8354965592579078,-0.22376668822285872,0.4108403691425631,-0.410840369142563,-0.5174001701746129,0.83141099321054,-0.49616526081956064,-1.314771666608307,1.314771666608307,-0.2585739064876405,-1.5334921498057892,1.8007705479804994,-0.2368862763303714,0.6077853116640998,-0.5258533437475079,0
0.6893478256586207,-0.6769854331646402,0.40998476456990346,-0.11237431344039435,-0.8093134163665643,-0.3608834747841887,-0.5237418787490222,0.5237418787490222,-1.0706067580626215,-0.4833357480863082,1.8354965592579078,-0.22376668822285872,0.4108403691425631,-0.410840369142563,1.9327399905232316,-1.2027745701779144,-0.49616526081956064,0.7605883404680315,-0.7605883404680315,-0.2585739064876405,0.6521063704999376,-0.5553178338692093,-0.2368862763303714,0.6077853116640998,-0.5258533437475079,0
-0.2750383954978486,0.9947897421505305,-0.007770112027700946,-0.7074879214147773,-0.3374068008493588,-0.3608834747841887,1.9093374820217521,-1.9093374820217521,-1.0706067580626215,-0.4833357480863082,1.8354965592579078,-0.22376668822285872,0.4108403691425631,-0.410840369142563,-0.5174001701746129,0.83141099321054,-0.49616526081956064,0.7605883404680315,-0.7605883404680315,-0.2585739064876405,-1.5334921498057892,1.8007705479804994,-0.2368862763303714,0.6077853116640998,-0.5258533437475079,0
0.9036558748045028,0.43753135037880697,1.7540656718839351,0.7604589782553673,0.3232624608747286,-0.3608834747841887,1.9093374820217521,-1.9093374820217521,0.9340497736158585,-0.4833357480863082,-0.5448116995677182,-0.22376668822285872,0.4108403691425631,-0.410840369142563,1.9327399905232316,-1.2027745701779144,-0.49616526081956064,0.7605883404680315,-0.7605883404680315,-0.2585739064876405,0.6521063704999376,-0.5553178338692093,-0.2368862763303714,0.6077853116640998,-0.5258533437475079,0
-0.9179625429354947,-0.2311787197472613,0.9730456852014573,1.2762241051664993,-0.8093134163665643,-0.3608834747841887,-0.5237418787490222,0.5237418787490222,-1.0706067580626215,2.068955180657219,-0.5448116995677182,-0.22376668822285872,0.4108403691425631,-0.410840369142563,1.9327399905232316,-1.2027745701779144,-0.49616526081956064,0.7605883404680315,-0.7605883404680315,-0.2585739064876405,-1.5334921498057892,1.8007705479804994,-0.2368862763303714,0.6077853116640998,-0.5258533437475079,0
1.65373404681509,-0.11972704139291655,0.8004947579111423,0.08599688921773323,-0.3374068008493588,-0.3608834747841887,-0.5237418787490222,0.5237418787490222,0.9340497736158585,-0.4833357480863082,-0.5448116995677182,-0.22376668822285872,-2.434035394542732,2.434035394542732,-0.5174001701746129,-1.2027745701779144,2.015457507742905,0.7605883404680315,-0.7605883404680315,-0.2585739064876405,0.6521063704999376,-0.5553178338692093,-0.2368862763303714,0.6077853116640998,-0.5258533437475079,1
-0.16788437092490754,-1.3456955032907087,0.29192360379231963,0.36371657293911197,-0.7149320932631232,4.4846373268913196,-0.5237418787490222,0.5237418787490222,0.9340497736158585,-0.4833357480863082,-0.5448116995677182,-0.22376668822285872,-2.434035394542732,2.434035394542732,-0.5174001701746129,0.83141099321054,-0.49616526081956064,0.7605883404680315,-0.7605883404680315,-0.2585739064876405,-1.5334921498057892,1.8007705479804994,-0.2368862763303714,-1.6453178133937247,1.901670897200107,0
-1.560886690373141,-0.11972704139291655,0.9639640574493354,0.08599688921773323,-0.8093134163665643,-0.3608834747841887,-0.5237418787490222,0.5237418787490222,0.9340497736158585,-0.4833357480863082,-0.5448116995677182,-0.22376668822285872,0.4108403691425631,-0.410840369142563,-0.5174001701746129,0.83141099321054,-0.49616526081956064,0.7605883404680315,-0.7605883404680315,-0.2585739064876405,0.6521063704999376,-0.5553178338692093,-0.2368862763303714,0.6077853116640998,-0.5258533437475079,0
0.5821938010856796,2.555113239111356,-1.8240956624520681,-0.7074879214147773,-0.8093134163665643,-0.3608834747841887,-0.5237418787490222,0.5237418787490222,0.9340497736158585,-0.4833357480863082,-0.5448116995677182,-0.22376668822285872,-2.434035394542732,2.434035394542732,1.9327399905232316,-1.2027745701779144,-0.49616526081956064,-1.314771666608307,1.314771666608307,-0.2585739064876405,0.6521063704999376,-0.5553178338692093,-0.2368862763303714,-1.6453178133937247,1.901670897200107,1
0.5821938010856796,-0.11972704139291655,1.2454945177651127,-0.31074551609852197,0.6064064301850519,-0.3608834747841887,1.9093374820217521,-1.9093374820217521,0.9340497736158585,-0.4833357480863082,-0.5448116995677182,-0.22376668822285872,-2.434035394542732,2.434035394542732,-0.5174001701746129,-1.2027745701779144,2.015457507742905,-1.314771666608307,1.314771666608307,-0.2585739064876405,0.6521063704999376,-0.5553178338692093,-0.2368862763303714,0.6077853116640998,-0.5258533437475079,1
0.36788575193979756,-1.5128730208222254,-1.8240956624520681,0.4033908134707376,-0.5261694470562411,-0.3608834747841887,-0.5237418787490222,0.5237418787490222,-1.0706067580626215,-0.4833357480863082,1.8354965592579078,-0.22376668822285872,0.4108403691425631,-0.410840369142563,-0.5174001701746129,0.83141099321054,-0.49616526081956064,0.7605883404680315,-0.7605883404680315,-0.2585739064876405,0.6521063704999376,-0.5553178338692093,-0.2368862763303714,0.6077853116640998,-0.5258533437475079,1
1.225117948523326,0.9947897421505305,0.3100868592965633,-0.7074879214147773,0.6064064301850519,-0.3608834747841887,-0.5237418787490222,0.5237418787490222,0.9340497736158585,-0.4833357480863082,-0.5448116995677182,-0.22376668822285872,0.4108403691425631,-0.410840369142563,-0.5174001701746129,0.83141099321054,-0.49616526081956064,-1.314771666608307,1.314771666608307,-0.2585739064876405,0.6521063704999376,-0.5553178338692093,-0.2368862763303714,0.6077853116640998,-0.5258533437475079,1
-0.4893464446437307,0.43753135037880697,0.3010052315444414,0.08599688921773323,0.13449981466784652,-0.3608834747841887,-0.5237418787490222,0.5237418787490222,0.9340497736158585,-0.4833357480863082,-0.5448116995677182,-0.22376668822285872,0.4108403691425631,-0.410840369142563,-0.5174001701746129,0.83141099321054,-0.49616526081956064,-1.314771666608307,1.314771666608307,-0.2585739064876405,0.6521063704999376,-0.5553178338692093,-0.2368862763303714,0.6077853116640998,-0.5258533437475079,1
-0.16788437092490754,1.830677329808116,-1.8240956624520681,-0.6281394403515264,0.13449981466784652,-0.3608834747841887,-0.5237418787490222,0.5237418787490222,0.9340497736158585,-0.4833357480863082,-0.5448116995677182,-0.22376668822285872,0.4108403691425631,-0.410840369142563,-0.5174001701746129,0.83141099321054,-0.49616526081956064,-1.314771666608307,1.314771666608307,-0.2585739064876405,-1.5334921498057892,1.8007705479804994,-0.2368862763303714,-1.6453178133937247,1.901670897200107,1
0.36788575193979756,0.9947897421505305,0.49171941433899996,-1.818366656300292,2.0221262767366683,-0.3608834747841887,-0.5237418787490222,0.5237418787490222,0.9340497736158585,-0.4833357480863082,-0.5448116995677182,-0.22376668822285872,0.4108403691425631,-0.410840369142563,-0.5174001701746129,0.83141099321054,-0.49616526081956064,-1.314771666608307,1.314771666608307,-0.2585739064876405,0.6521063704999376,-0.5553178338692093,-0.2368862763303714,0.6077853116640998,-0.5258533437475079,1
-0.06073034635196655,-0.3983562372787783,-1.8240956624520681,-0.7074879214147773,0.6064064301850519,-0.3608834747841887,-0.5237418787490222,0.5237418787490222,0.9340497736158585,-0.4833357480863082,-0.5448116995677182,-0.22376668822285872,0.4108403691425631,-0.410840369142563,-0.5174001701746129,0.83141099321054,-0.49616526081956064,0.7605883404680315,-0.7605883404680315,-0.2585739064876405,-1.5334921498057892,1.8007705479804994,-0.2368862763303714,0.6077853116640998,-0.5258533437475079,1
0.36788575193979756,-0.45408207645595067,0.546209180851731,0.12567112974935876,-0.5261694470562411,-0.3608834747841887,-0.5237418787490222,0.5237418787490222,-1.0706067580626215,2.068955180657219,-0.5448116995677182,-0.22376668822285872,0.4108403691425631,-0.410840369142563,-0.5174001701746129,0.83141099321054,-0.49616526081956064,0.7605883404680315,-0.7605883404680315,-0.2585739064876405,-1.5334921498057892,1.8007705479804994,-0.2368862763303714,-1.6453178133937247,1.901670897200107,1
0.36788575193979756,-0.2311787197472613,0.2555970927838323,0.48273929453398856,-0.4317881239527999,1.2542901257743142,-0.5237418787490222,0.5237418787490222,-1.0706067580626215,-0.4833357480863082,1.8354965592579078,-0.22376668822285872,0.4108403691425631,-0.410840369142563,1.9327399905232316,-1.2027745701779144,-0.49616526081956064,0.7605883404680315,-0.7605883404680315,-0.2585739064876405,0.6521063704999376,-0.5553178338692093,-0.2368862763303714,-1.6453178133937247,1.901670897200107,1
-1.132270592081377,-0.6769854331646402,0.001311515724420834,1.0778529025083714,-0.8093134163665643,-0.3608834747841887,1.9093374820217521,-1.9093374820217521,-1.0706067580626215,2.068955180657219,-0.5448116995677182,-0.22376668822285872,0.4108403691425631,-0.410840369142563,-0.5174001701746129,0.83141099321054,-0.49616526081956064,0.7605883404680315,-0.7605883404680315,-0.2585739064876405,0.6521063704999376,-0.5553178338692093,-0.2368862763303714,0.6077853116640998,-0.5258533437475079,0
-0.8108085183625539,-1.5128730208222254,0.02855639898078637,1.3555725862297503,-0.8093134163665643,-0.3608834747841887,1.9093374820217521,-1.9093374820217521,-1.0706067580626215,2.068955180657219,-0.5448116995677182,-0.22376668822285872,0.4108403691425631,-0.410840369142563,-0.5174001701746129,0.83141099321054,-0.49616526081956064,0.7605883404680315,-0.7605883404680315,-0.2585739064876405,-1.5334921498057892,1.8007705479804994,-0.2368862763303714,0.6077853116640998,-0.5258533437475079,0
-0.16788437092490754,-0.7884371115189849,-0.13491290055740657,2.06970891579901,-0.8093134163665643,-0.3608834747841887,-0.5237418787490222,0.5237418787490222,-1.0706067580626215,-0.4833357480863082,-0.5448116995677182,4.468940430507949,0.4108403691425631,-0.410840369142563,1.9327399905232316,-1.2027745701779144,-0.49616526081956064,0.7605883404680315,-0.7605883404680315,-0.2585739064876405,0.6521063704999376,-0.5553178338692093,4.221434924348927,-1.6453178133937247,-0.5258533437475079,0
-2.41811888695667,-0.6769854331646402,0.6279438306208276,0.6017620161288653,0.6064064301850519,-0.3608834747841887,-0.5237418787490222,0.5237418787490222,0.9340497736158585,-0.4833357480863082,-0.5448116995677182,-0.22376668822285872,0.4108403691425631,-0.410840369142563,-0.5174001701746129,0.83141099321054,-0.49616526081956064,-1.314771666608307,1.314771666608307,-0.2585739064876405,0.6521063704999376,-0.5553178338692093,-0.2368862763303714,0.6077853116640998,-0.5258533437475079,1
0.9036558748045028,-0.11972704139291655,-0.5617494049071329,0.08599688921773323,-0.3374068008493588,-0.3608834747841887,-0.5237418787490222,0.5237418787490222,-1.0706067580626215,-0.4833357480863082,-0.5448116995677182,4.468940430507949,0.4108403691425631,-0.410840369142563,-0.5174001701746129,-1.2027745701779144,2.015457507742905,0.7605883404680315,-0.7605883404680315,-0.2585739064876405,0.6521063704999376,-0.5553178338692093,-0.2368862763303714,0.6077853116640998,-0.5258533437475079,0
0.2607317273668565,-0.11972704139291655,0.7369233636462895,0.08599688921773323,-0.3374068008493588,-0.3608834747841887,-0.5237418787490222,0.5237418787490222,0.9340497736158585,-0.4833357480863082,-0.5448116995677182,-0.22376668822285872,-2.434035394542732,2.434035394542732,-0.5174001701746129,0.83141099321054,-0.49616526081956064,0.7605883404680315,-0.7605883404680315,-0.2585739064876405,0.6521063704999376,-0.5553178338692093,-0.2368862763303714,0.6077853116640998,-0.5258533437475079,1
-0.16788437092490754,-0.3983562372787783,0.6461070861250712,0.0463226486861077,-0.8093134163665643,-0.3608834747841887,1.9093374820217521,-1.9093374820217521,-1.0706067580626215,-0.4833357480863082,1.8354965592579078,-0.22376668822285872,0.4108403691425631,-0.410840369142563,-0.5174001701746129,0.83141099321054,-0.49616526081956064,0.7605883404680315,-0.7605883404680315,-0.2585739064876405,0.6521063704999376,-0.5553178338692093,-0.2368862763303714,0.6077853116640998,-0.5258533437475079,0
1.0108098993774437,0.9947897421505305,0.20110732627110126,-0.905859124072905,-0.8093134163665643,-0.3608834747841887,-0.5237418787490222,0.5237418787490222,0.9340497736158585,-0.4833357480863082,-0.5448116995677182,-0.22376668822285872,0.4108403691425631,-0.410840369142563,-0.5174001701746129,0.83141099321054,-0.49616526081956064,0.7605883404680315,-0.7605883404680315,-0.2585739064876405,0.6521063704999376,-0.5553178338692093,-0.2368862763303714,0.6077853116640998,-0.5258533437475079,1
0.046423678220974374,0.43753135037880697,0.13753593200624842,-1.3026015293891604,0.6064064301850519,-0.3608834747841887,-0.5237418787490222,0.5237418787490222,0.9340497736158585,-0.4833357480863082,-0.5448116995677182,-0.22376668822285872,0.4108403691425631,-0.410840369142563,-0.5174001701746129,0.83141099321054,-0.49616526081956064,0.7605883404680315,-0.7605883404680315,-0.2585739064876405,0.6521063704999376,-0.5553178338692093,-0.2368862763303714,0.6077853116640998,-0.5258533437475079,1
-0.06073034635196655,1.552048133922254,-1.8240956624520681,-0.6281394403515264,-0.8093134163665643,-0.3608834747841887,-0.5237418787490222,0.5237418787490222,-1.0706067580626215,-0.4833357480863082,1.8354965592579078,-0.22376668822285872,0.4108403691425631,-0.410840369142563,1.9327399905232316,-1.2027745701779144,-0.49616526081956064,-1.314771666608307,1.314771666608307,-0.2585739064876405,0.6521063704999376,-0.5553178338692093,-0.2368862763303714,-1.6453178133937247,1.901670897200107,1
-1.025116567508436,-0.6769854331646402,0.17386244301473572,1.2762241051664993,-0.8093134163665643,-0.3608834747841887,-0.5237418787490222,0.5237418787490222,-1.0706067580626215,2.068955180657219,-0.5448116995677182,-0.22376668822285872,0.4108403691425631,-0.410840369142563,-0.5174001701746129,0.83141099321054,-0.49616526081956064,0.7605883404680315,-0.7605883404680315,-0.2585739064876405,-1.5334921498057892,1.8007705479804994,-0.2368862763303714,0.6077853116640998,-0.5258533437475079,0
0.6893478256586207,-0.008275363038571926,0.15569918751049208,0.08599688921773323,0.6064064301850519,-0.3608834747841887,-0.5237418787490222,0.5237418787490222,0.9340497736158585,-0.4833357480863082,-0.5448116995677182,-0.22376668822285872,0.4108403691425631,-0.410840369142563,-0.5174001701746129,-1.2027745701779144,2.015457507742905,-1.314771666608307,1.314771666608307,3.867366253554276,-1.5334921498057892,-0.5553178338692093,-0.2368862763303714,0.6077853116640998,-0.5258533437475079,1
-1.3465786412272591,-0.6769854331646402,0.32825011480080696,0.006648408154482164,0.13449981466784652,-0.3608834747841887,-0.5237418787490222,0.5237418787490222,0.9340497736158585,-0.4833357480863082,-0.5448116995677182,-0.22376668822285872,0.4108403691425631,-0.410840369142563,-0.5174001701746129,0.83141099321054,-0.49616526081956064,-1.314771666608307,1.314771666608307,-0.2585739064876405,0.6521063704999376,-0.5553178338692093,-0.2368862763303714,0.6077853116640998,-0.5258533437475079,1
0.7965018502315617,-0.11972704139291655,-1.8240956624520681,-0.905859124072905,-0.8093134163665643,-0.3608834747841887,-0.5237418787490222,0.5237418787490222,0.9340497736158585,-0.4833357480863082,-0.5448116995677182,-0.22376668822285872,0.4108403691425631,-0.410840369142563,1.9327399905232316,-1.2027745701779144,-0.49616526081956064,0.7605883404680315,-0.7605883404680315,-0.2585739064876405,0.6521063704999376,-0.5553178338692093,-0.2368862763303714,-1.6453178133937247,1.901670897200107,1
-0.4893464446437307,-0.11972704139291655,1.272739401021478,-0.7074879214147773,0.13449981466784652,-0.3608834747841887,-0.5237418787490222,0.5237418787490222,0.9340497736158585,-0.4833357480863082,-0.5448116995677182,-0.22376668822285872,0.4108403691425631,-0.410840369142563,-0.5174001701746129,0.83141099321054,-0.49616526081956064,-1.314771666608307,1.314771666608307,-0.2585739064876405,0.6521063704999376,-0.5553178338692093,-0.2368862763303714,0.6077853116640998,-0.5258533437475079,1
-0.16788437092490754,1.552048133922254,-0.044096623036188165,1.0778529025083714,-0.8093134163665643,-0.3608834747841887,-0.5237418787490222,0.5237418787490222,-1.0706067580626215,2.068955180657219,-0.5448116995677182,-0.22376668822285872,0.4108403691425631,-0.410840369142563,-0.5174001701746129,0.83141099321054,-0.49616526081956064,0.7605883404680315,-0.7605883404680315,-0.2585739064876405,0.6521063704999376,-0.5553178338692093,-0.2368862763303714,0.6077853116640998,-0.5258533437475079,0
0.6893478256586207,0.7161605462646687,0.7369233636462895,0.16534537028098428,1.833363630529786,2.8694637263328175,-0.5237418787490222,0.5237418787490222,0.9340497736158585,-0.4833357480863082,-0.5448116995677182,-0.22376668822285872,0.4108403691425631,-0.410840369142563,1.9327399905232316,-1.2027745701779144,-0.49616526081956064,-1.314771666608307,1.314771666608307,-0.2585739064876405,0.6521063704999376,-0.5553178338692093,-0.2368862763303714,-1.6453178133937247,1.901670897200107,1
1.225117948523326,-0.11972704139291655,-1.8240956624520681,0.08599688921773323,-0.3374068008493588,-0.3608834747841887,-0.5237418787490222,0.5237418787490222,0.9340497736158585,-0.4833357480863082,-0.5448116995677182,-0.22376668822285872,0.4108403691425631,-0.410840369142563,-0.5174001701746129,0.83141099321054,-0.49616526081956064,0.7605883404680315,-0.7605883404680315,-0.2585739064876405,0.6521063704999376,-0.5553178338692093,-0.2368862763303714,0.6077853116640998,-0.5258533437475079,1
-0.2750383954978486,-0.11972704139291655,0.21018895402322313,0.48273929453398856,-0.8093134163665643,-0.3608834747841887,-0.5237418787490222,0.5237418787490222,-1.0706067580626215,2.068955180657219,-0.5448116995677182,-0.22376668822285872,0.4108403691425631,-0.410840369142563,-0.5174001701746129,0.83141099321054,-0.49616526081956064,0.7605883404680315,-0.7605883404680315,-0.2585739064876405,0.6521063704999376,-0.5553178338692093,-0.2368862763303714,0.6077853116640998,-0.5258533437475079,0
0.046423678220974374,-0.6769854331646402,0.5189642975953654,0.36371657293911197,-0.4317881239527999,-0.3608834747841887,-0.5237418787490222,0.5237418787490222,-1.0706067580626215,-0.4833357480863082,1.8354965592579078,-0.22376668822285872,0.4108403691425631,-0.410840369142563,1.9327399905232316,-1.2027745701779144,-0.49616526081956064,0.7605883404680315,-0.7605883404680315,-0.2585739064876405,0.6521063704999376,-0.5553178338692093,-0.2368862763303714,-1.6453178133937247,1.901670897200107,0
0.7965018502315617,-1.5128730208222254,-1.8240956624520681,-1.104230326731033,0.6064064301850519,-0.3608834747841887,-0.5237418787490222,0.5237418787490222,0.9340497736158585,-0.4833357480863082,-0.5448116995677182,-0.22376668822285872,0.4108403691425631,-0.410840369142563,-0.5174001701746129,0.83141099321054,-0.49616526081956064,-1.314771666608307,1.314771666608307,-0.2585739064876405,-1.5334921498057892,1.8007705479804994,-0.2368862763303714,0.6077853116640998,-0.5258533437475079,1
0.1535777027939155,0.15890215449294506,0.4463112755783908,0.9191559403818694,0.5120251070816108,-0.3608834747841887,1.9093374820217521,-1.9093374820217521,-1.0706067580626215,2.068955180657219,-0.5448116995677182,-0.22376668822285872,0.4108403691425631,-0.410840369142563,1.9327399905232316,-1.2027745701779144,-0.49616526081956064,0.7605883404680315,-0.7605883404680315,-0.2585739064876405,0.6521063704999376,-0.5553178338692093,-0.2368862763303714,0.6077853116640998,-0.5258533437475079,0
0.2607317273668565,-0.6769854331646402,-1.0521573035217118,0.08599688921773323,-0.8093134163665643,-0.3608834747841887,-0.5237418787490222,0.5237418787490222,0.9340497736158585,-0.4833357480863082,-0.5448116995677182,-0.22376668822285872,0.4108403691425631,-0.410840369142563,-0.5174001701746129,0.83141099321054,-0.49616526081956064,0.7605883404680315,-0.7605883404680315,-0.2585739064876405,0.6521063704999376,-0.5553178338692093,-0.2368862763303714,0.6077853116640998,-0.5258533437475079,0
-0.2750383954978486,-0.11972704139291655,-0.1984842948222594,-1.5009727320472883,-0.8093134163665643,-0.3608834747841887,-0.5237418787490222,0.5237418787490222,0.9340497736158585,-0.4833357480863082,-0.5448116995677182,-0.22376668822285872,0.4108403691425631,-0.410840369142563,-0.5174001701746129,0.83141099321054,-0.49616526081956064,0.7605883404680315,-0.7605883404680315,-0.2585739064876405,0.6521063704999376,-0.5553178338692093,-0.2368862763303714,-1.6453178133937247,1.901670897200107,0
1.117963923950385,3.7810817010091484,-1.8240956624520681,0.08599688921773323,0.13449981466784652,-0.3608834747841887,1.9093374820217521,-1.9093374820217521,0.9340497736158585,-0.4833357480863082,-0.5448116995677182,-0.22376668822285872,0.4108403691425631,-0.410840369142563,-0.5174001701746129,0.83141099321054,-0.49616526081956064,-1.314771666608307,1.314771666608307,-0.2585739064876405,0.6521063704999376,-0.5553178338692093,-0.2368862763303714,0.6077853116640998,-0.5258533437475079,1
-0.4893464446437307,-0.2311787197472613,0.10120942099776109,-1.6596696941737903,-0.8093134163665643,-0.3608834747841887,-0.5237418787490222,0.5237418787490222,0.9340497736158585,-0.4833357480863082,-0.5448116995677182,-0.22376668822285872,0.4108403691425631,-0.410840369142563,-0.5174001701746129,0.83141099321054,-0.49616526081956064,-1.314771666608307,1.314771666608307,-0.2585739064876405,0.6521063704999376,-0.5553178338692093,-0.2368862763303714,0.6077853116640998,-0.5258533437475079,1
0.36788575193979756,1.1062414205048754,0.6642703416293149,-1.9770636184267947,0.3232624608747286,1.2542901257743142,-0.5237418787490222,0.5237418787490222,0.9340497736158585,-0.4833357480863082,-0.5448116995677182,-0.22376668822285872,0.4108403691425631,-0.410840369142563,-0.5174001701746129,0.83141099321054,-0.49616526081956064,-1.314771666608307,1.314771666608307,-0.2585739064876405,0.6521063704999376,-0.5553178338692093,-0.2368862763303714,-1.6453178133937247,1.901670897200107,1
2.1895041696797954,-0.6769854331646402,0.6188622028687057,-0.6678136808831519,-0.6205507701596821,1.2542901257743142,1.9093374820217521,-1.9093374820217521,-1.0706067580626215,2.068955180657219,-0.5448116995677182,-0.22376668822285872,0.4108403691425631,-0.410840369142563,1.9327399905232316,-1.2027745701779144,-0.49616526081956064,-1.314771666608307,1.314771666608307,-0.2585739064876405,-1.5334921498057892,1.8007705479804994,-0.2368862763303714,0.6077853116640998,-0.5258533437475079,0
1.760888071388031,1.329144777213565,0.40090313681778167,0.20501961081260983,-0.8093134163665643,-0.3608834747841887,-0.5237418787490222,0.5237418787490222,-1.0706067580626215,2.068955180657219,-0.5448116995677182,-0.22376668822285872,0.4108403691425631,-0.410840369142563,1.9327399905232316,-1.2027745701779144,-0.49616526081956064,0.7605883404680315,-0.7605883404680315,-0.2585739064876405,-1.5334921498057892,1.8007705479804994,-0.2368862763303714,0.6077853116640998,-0.5258533437475079,0
-0.06073034635196655,-0.6769854331646402,0.20110732627110126,-0.23139703503527093,-0.8093134163665643,-0.3608834747841887,-0.5237418787490222,0.5237418787490222,-1.0706067580626215,2.068955180657219,-0.5448116995677182,-0.22376668822285872,0.4108403691425631,-0.410840369142563,-0.5174001701746129,0.83141099321054,-0.49616526081956064,0.7605883404680315,-0.7605883404680315,-0.2585739064876405,0.6521063704999376,-0.5553178338692093,-0.2368862763303714,0.6077853116640998,-0.5258533437475079,0
-2.0966568132378463,0.43753135037880697,-0.4073617331210616,1.672966510482755,-0.8093134163665643,-0.3608834747841887,-0.5237418787490222,0.5237418787490222,-1.0706067580626215,-0.4833357480863082,-0.5448116995677182,4.468940430507949,0.4108403691425631,-0.410840369142563,-0.5174001701746129,0.83141099321054,-0.49616526081956064,0.7605883404680315,-0.7605883404680315,-0.2585739064876405,0.6521063704999376,-0.5553178338692093,-0.2368862763303714,0.6077853116640998,-0.5258533437475079,1
1.0108098993774437,-1.2342438249363639,0.4644745310826344,0.08599688921773323,1.0783130457022572,-0.3608834747841887,-0.5237418787490222,0.5237418787490222,0.9340497736158585,-0.4833357480863082,-0.5448116995677182,-0.22376668822285872,0.4108403691425631,-0.410840369142563,-0.5174001701746129,-1.2027745701779144,2.015457507742905,-1.314771666608307,1.314771666608307,-0.2585739064876405,0.6521063704999376,-0.5553178338692093,-0.2368862763303714,0.6077853116640998,-0.5258533437475079,1
-0.4893464446437307,-0.11972704139291655,0.055801282237151896,-0.11237431344039435,-0.8093134163665643,-0.3608834747841887,1.9093374820217521,-1.9093374820217521,-1.0706067580626215,-0.4833357480863082,1.8354965592579078,-0.22376668822285872,0.4108403691425631,-0.410840369142563,-0.5174001701746129,-1.2027745701779144,2.015457507742905,0.7605883404680315,-0.7605883404680315,-0.2585739064876405,0.6521063704999376,-0.5553178338692093,-0.2368862763303714,0.6077853116640998,-0.5258533437475079,0
-0.2750383954978486,-0.11972704139291655,-1.8240956624520681,0.08599688921773323,-0.3374068008493588,-0.3608834747841887,-0.5237418787490222,0.5237418787490222,0.9340497736158585,-0.4833357480863082,-0.5448116995677182,-0.22376668822285872,-2.434035394542732,2.434035394542732,-0.5174001701746129,-1.2027745701779144,2.015457507742905,0.7605883404680315,-0.7605883404680315,-0.2585739064876405,0.6521063704999376,-0.5553178338692093,-0.2368862763303714,0.6077853116640998,-0.5258533437475079,1
0.6893478256586207,-0.8441629506961573,0.2646787205359541,0.879481699850244,0.5120251070816108,2.8694637263328175,-0.5237418787490222,0.5237418787490222,0.9340497736158585,-0.4833357480863082,-0.5448116995677182,-0.22376668822285872,-2.434035394542732,2.434035394542732,-0.5174001701746129,0.83141099321054,-0.49616526081956064,-1.314771666608307,1.314771666608307,-0.2585739064876405,-1.5334921498057892,1.8007705479804994,-0.2368862763303714,-1.6453178133937247,1.901670897200107,1
-0.9179625429354947,0.15890215449294506,0.20110732627110126,-1.104230326731033,-0.8093134163665643,-0.3608834747841887,-0.5237418787490222,0.5237418787490222,-1.0706067580626215,-0.4833357480863082,1.8354965592579078,-0.22376668822285872,0.4108403691425631,-0.410840369142563,-0.5174001701746129,0.83141099321054,-0.49616526081956064,0.7605883404680315,-0.7605883404680315,-0.2585739064876405,0.6521063704999376,-0.5553178338692093,-0.2368862763303714,0.6077853116640998,-0.5258533437475079,0
1.117963923950385,-0.11972704139291655,0.39182150906565977,0.08599688921773323,-0.3374068008493588,-0.3608834747841887,-0.5237418787490222,0.5237418787490222,0.9340497736158585,-0.4833357480863082,-0.5448116995677182,-0.22376668822285872,-2.434035394542732,2.434035394542732,-0.5174001701746129,-1.2027745701779144,2.015457507742905,0.7605883404680315,-0.7605883404680315,-0.2585739064876405,0.6521063704999376,-0.5553178338692093,-0.2368862763303714,0.6077853116640998,-0.5258533437475079,1
1.0108098993774437,-0.11972704139291655,0.1466175597583703,0.08599688921773323,-0.3374068008493588,-0.3608834747841887,-0.5237418787490222,0.5237418787490222,-1.0706067580626215,2.068955180657219,-0.5448116995677182,-0.22376668822285872,-2.434035394542732,2.434035394542732,-0.5174001701746129,-1.2027745701779144,2.015457507742905,0.7605883404680315,-0.7605883404680315,-0.2585739064876405,0.6521063704999376,-0.5553178338692093,-0.2368862763303714,0.6077853116640998,-0.5258533437475079,1
-1.2394246166543181,-0.6769854331646402,0.8549845244238734,0.9588301809134951,-0.8093134163665643,-0.3608834747841887,-0.5237418787490222,0.5237418787490222,-1.0706067580626215,2.068955180657219,-0.5448116995677182,-0.22376668822285872,0.4108403691425631,-0.410840369142563,-0.5174001701746129,0.83141099321054,-0.49616526081956064,0.7605883404680315,-0.7605883404680315,-0.2585739064876405,-1.5334921498057892,1.8007705479804994,-0.2368862763303714,0.6077853116640998,-0.5258533437475079,0
1.3322719730962669,0.9947897421505305,0.2283522095274668,-0.9455333646045305,1.644600984322904,-0.3608834747841887,1.9093374820217521,-1.9093374820217521,-1.0706067580626215,-0.4833357480863082,-0.5448116995677182,4.468940430507949,0.4108403691425631,-0.410840369142563,-0.5174001701746129,0.83141099321054,-0.49616526081956064,0.7605883404680315,-0.7605883404680315,3.867366253554276,-1.5334921498057892,-0.5553178338692093,-0.2368862763303714,0.6077853116640998,-0.5258533437475079,0
0.046423678220974374,0.9947897421505305,1.4906984670724017,-0.15204855397201988,0.13449981466784652,-0.3608834747841887,-0.5237418787490222,0.5237418787490222,0.9340497736158585,-0.4833357480863082,-0.5448116995677182,-0.22376668822285872,0.4108403691425631,-0.410840369142563,-0.5174001701746129,-1.2027745701779144,2.015457507742905,0.7605883404680315,-0.7605883404680315,-0.2585739064876405,-1.5334921498057892,1.8007705479804994,-0.2368862763303714,0.6077853116640998,-0.5258533437475079,0
-1.132270592081377,-0.6769854331646402,0.437229647826269,1.5142695483562525,-0.8093134163665643,-0.3608834747841887,1.9093374820217521,-1.9093374820217521,-1.0706067580626215,2.068955180657219,-0.5448116995677182,-0.22376668822285872,0.4108403691425631,-0.410840369142563,-0.5174001701746129,-1.2027745701779144,2.015457507742905,0.7605883404680315,-0.7605883404680315,-0.2585739064876405,0.6521063704999376,-0.5553178338692093,-0.2368862763303714,0.6077853116640998,-0.5258533437475079,0
0.1535777027939155,0.43753135037880697,0.1466175597583703,-1.0645560861994072,4.476040677426136,-0.3608834747841887,-0.5237418787490222,0.5237418787490222,0.9340497736158585,-0.4833357480863082,-0.5448116995677182,-0.22376668822285872,0.4108403691425631,-0.410840369142563,-0.5174001701746129,0.83141099321054,-0.49616526081956064,-1.314771666608307,1.314771666608307,3.867366253554276,-1.5334921498057892,-0.5553178338692093,-0.2368862763303714,-1.6453178133937247,1.901670897200107,1
1.4394259976692079,0.5489830287331516,0.6279438306208276,-0.5091167187566498,1.550219661219463,-0.3608834747841887,-0.5237418787490222,0.5237418787490222,-1.0706067580626215,-0.4833357480863082,-0.5448116995677182,4.468940430507949,-2.434035394542732,2.434035394542732,-0.5174001701746129,0.83141099321054,-0.49616526081956064,0.7605883404680315,-0.7605883404680315,-0.2585739064876405,-1.5334921498057892,1.8007705479804994,-0.2368862763303714,0.6077853116640998,-0.5258533437475079,1
-2.0966568132378463,-0.11972704139291655,-0.36195359436045244,2.06970891579901,-0.8093134163665643,-0.3608834747841887,1.9093374820217521,-1.9093374820217521,-1.0706067580626215,2.068955180657219,-0.5448116995677182,-0.22376668822285872,0.4108403691425631,-0.410840369142563,-0.5174001701746129,0.83141099321054,-0.49616526081956064,0.7605883404680315,-0.7605883404680315,-0.2585739064876405,0.6521063704999376,-0.5553178338692093,-0.2368862763303714,0.6077853116640998,-0.5258533437475079,0
-1.2394246166543181,-0.955614629050502,0.09212779324563922,-0.03302583237714327,-0.8093134163665643,-0.3608834747841887,1.9093374820217521,-1.9093374820217521,-1.0706067580626215,-0.4833357480863082,1.8354965592579078,-0.22376668822285872,0.4108403691425631,-0.410840369142563,-0.5174001701746129,-1.2027745701779144,2.015457507742905,0.7605883404680315,-0.7605883404680315,-0.2585739064876405,0.6521063704999376,-0.5553178338692093,-0.2368862763303714,0.6077853116640998,-0.5258533437475079,0
0.47503977651273854,-0.11972704139291655,0.2646787205359541,0.48273929453398856,-0.8093134163665643,-0.3608834747841887,-0.5237418787490222,0.5237418787490222,-1.0706067580626215,2.068955180657219,-0.5448116995677182,-0.22376668822285872,0.4108403691425631,-0.410840369142563,-0.5174001701746129,0.83141099321054,-0.49616526081956064,0.7605883404680315,-0.7605883404680315,-0.2585739064876405,0.6521063704999376,-0.5553178338692093,-0.2368862763303714,0.6077853116640998,-0.5258533437475079,0
-0.5965004692166718,-0.008275363038571926,0.17386244301473572,0.9588301809134951,-0.8093134163665643,-0.3608834747841887,-0.5237418787490222,0.5237418787490222,-1.0706067580626215,-0.4833357480863082,1.8354965592579078,-0.22376668822285872,-2.434035394542732,2.434035394542732,-0.5174001701746129,-1.2027745701779144,2.015457507742905,0.7605883404680315,-0.7605883404680315,-0.2585739064876405,0.6521063704999376,-0.5553178338692093,4.221434924348927,-1.6453178133937247,-0.5258533437475079,1
-1.025116567508436,0.15890215449294506,2.6349835638397527,-0.11237431344039435,-0.8093134163665643,-0.3608834747841887,-0.5237418787490222,0.5237418787490222,0.9340497736158585,-0.4833357480863082,-0.5448116995677182,-0.22376668822285872,0.4108403691425631,-0.410840369142563,-0.5174001701746129,0.83141099321054,-0.49616526081956064,0.7605883404680315,-0.7605883404680315,-0.2585739064876405,0.6521063704999376,-0.5553178338692093,-0.2368862763303714,0.6077853116640998,-0.5258533437475079,1
-0.16788437092490754,2.109306525693978,0.20110732627110126,-0.4694424782250241,0.6064064301850519,-0.3608834747841887,-0.5237418787490222,0.5237418787490222,0.9340497736158585,-0.4833357480863082,-0.5448116995677182,-0.22376668822285872,0.4108403691425631,-0.410840369142563,-0.5174001701746129,0.83141099321054,-0.49616526081956064,-1.314771666608307,1.314771666608307,-0.2585739064876405,0.6521063704999376,-0.5553178338692093,-0.2368862763303714,0.6077853116640998,-0.5258533437475079,1
0.5821938010856796,-0.5655337548102956,0.29192360379231963,-0.8265106430096539,0.4176437839781697,-0.3608834747841887,-0.5237418787490222,0.5237418787490222,0.9340497736158585,-0.4833357480863082,-0.5448116995677182,-0.22376668822285872,0.4108403691425631,-0.410840369142563,-0.5174001701746129,0.83141099321054,-0.49616526081956064,-1.314771666608307,1.314771666608307,3.867366253554276,-1.5334921498057892,-0.5553178338692093,-0.2368862763303714,0.6077853116640998,-0.5258533437475079,1
1.117963923950385,0.43753135037880697,1.0184538239620666,-0.1917227945036454,-0.6205507701596821,-0.3608834747841887,1.9093374820217521,-1.9093374820217521,-1.0706067580626215,-0.4833357480863082,1.8354965592579078,-0.22376668822285872,0.4108403691425631,-0.410840369142563,-0.5174001701746129,0.83141099321054,-0.49616526081956064,0.7605883404680315,-0.7605883404680315,-0.2585739064876405,-1.5334921498057892,1.8007705479804994,-0.2368862763303714,-1.6453178133937247,1.901670897200107,0
-2.7395809606754926,-0.11972704139291655,-0.6253207991719857,1.8713377131408826,-0.8093134163665643,-0.3608834747841887,-0.5237418787490222,0.5237418787490222,-1.0706067580626215,2.068955180657219,-0.5448116995677182,-0.22376668822285872,0.4108403691425631,-0.410840369142563,1.9327399905232316,-1.2027745701779144,-0.49616526081956064,0.7605883404680315,-0.7605883404680315,-0.2585739064876405,0.6521063704999376,-0.5553178338692093,-0.2368862763303714,0.6077853116640998,-0.5258533437475079,0
-1.560886690373141,-0.6769854331646402,-0.007770112027700946,0.879481699850244,0.13449981466784652,-0.3608834747841887,-0.5237418787490222,0.5237418787490222,-1.0706067580626215,2.068955180657219,-0.5448116995677182,-0.22376668822285872,0.4108403691425631,-0.410840369142563,-0.5174001701746129,0.83141099321054,-0.49616526081956064,-1.314771666608307,1.314771666608307,-0.2585739064876405,0.6521063704999376,-0.5553178338692093,-0.2368862763303714,0.6077853116640998,-0.5258533437475079,0
0.6893478256586207,-0.3983562372787783,0.5189642975953654,0.12567112974935876,1.833363630529786,1.2542901257743142,-0.5237418787490222,0.5237418787490222,0.9340497736158585,-0.4833357480863082,-0.5448116995677182,-0.22376668822285872,0.4108403691425631,-0.410840369142563,1.9327399905232316,-1.2027745701779144,-0.49616526081956064,-1.314771666608307,1.314771666608307,-0.2585739064876405,0.6521063704999376,-0.5553178338692093,-0.2368862763303714,-1.6453178133937247,1.901670897200107,1
-1.4537326658002,-1.2342438249363639,-0.3074638278477214,-0.9455333646045305,1.0783130457022572,-0.3608834747841887,-0.5237418787490222,0.5237418787490222,0.9340497736158585,-0.4833357480863082,-0.5448116995677182,-0.22376668822285872,0.4108403691425631,-0.410840369142563,1.9327399905232316,-1.2027745701779144,-0.49616526081956064,-1.314771666608307,1.314771666608307,-0.2585739064876405,0.6521063704999376,-0.5553178338692093,-0.2368862763303714,-1.6453178133937247,1.901670897200107,1
0.36788575193979756,-0.11972704139291655,1.000290568457823,0.4033908134707376,1.0783130457022572,-0.3608834747841887,-0.5237418787490222,0.5237418787490222,0.9340497736158585,-0.4833357480863082,-0.5448116995677182,-0.22376668822285872,0.4108403691425631,-0.410840369142563,-0.5174001701746129,-1.2027745701779144,2.015457507742905,-1.314771666608307,1.314771666608307,-0.2585739064876405,0.6521063704999376,-0.5553178338692093,-0.2368862763303714,0.6077853116640998,-0.5258533437475079,1
-1.025116567508436,-0.7884371115189849,0.3736582535614162,0.4430650540023631,-0.5261694470562411,1.2542901257743142,1.9093374820217521,-1.9093374820217521,-1.0706067580626215,-0.4833357480863082,1.8354965592579078,-0.22376668822285872,0.4108403691425631,-0.410840369142563,-0.5174001701746129,0.83141099321054,-0.49616526081956064,0.7605883404680315,-0.7605883404680315,-0.2585739064876405,0.6521063704999376,-0.5553178338692093,-0.2368862763303714,0.6077853116640998,-0.5258533437475079,0
-0.06073034635196655,-0.11972704139291655,-0.03501499528406639,0.5620877755972397,0.3232624608747286,-0.3608834747841887,-0.5237418787490222,0.5237418787490222,-1.0706067580626215,-0.4833357480863082,1.8354965592579078,-0.22376668822285872,-2.434035394542732,2.434035394542732,1.9327399905232316,-1.2027745701779144,-0.49616526081956064,0.7605883404680315,-0.7605883404680315,3.867366253554276,-1.5334921498057892,-0.5553178338692093,-0.2368862763303714,0.6077853116640998,-0.5258533437475079,0
0.046423678220974374,-0.11972704139291655,0.8459028966717517,-1.5009727320472883,-0.8093134163665643,-0.3608834747841887,1.9093374820217521,-1.9093374820217521,-1.0706067580626215,-0.4833357480863082,1.8354965592579078,-0.22376668822285872,0.4108403691425631,-0.410840369142563,-0.5174001701746129,-1.2027745701779144,2.015457507742905,-1.314771666608307,1.314771666608307,-0.2585739064876405,0.6521063704999376,-0.5553178338692093,-0.2368862763303714,0.6077853116640998,-0.5258533437475079,1
-0.8108085183625539,0.43753135037880697,0.6461070861250712,1.474595307824627,1.0783130457022572,-0.3608834747841887,-0.5237418787490222,0.5237418787490222,-1.0706067580626215,-0.4833357480863082,-0.5448116995677182,4.468940430507949,-2.434035394542732,2.434035394542732,-0.5174001701746129,0.83141099321054,-0.49616526081956064,0.7605883404680315,-0.7605883404680315,-0.2585739064876405,0.6521063704999376,-0.5553178338692093,-0.2368862763303714,0.6077853116640998,-0.5258533437475079,1
-0.38219242007078963,0.43753135037880697,-0.6525656824283512,-0.11237431344039435,-0.8093134163665643,-0.3608834747841887,-0.5237418787490222,0.5237418787490222,0.9340497736158585,-0.4833357480863082,-0.5448116995677182,-0.22376668822285872,0.4108403691425631,-0.410840369142563,-0.5174001701746129,0.83141099321054,-0.49616526081956064,0.7605883404680315,-0.7605883404680315,-0.2585739064876405,0.6521063704999376,-0.5553178338692093,-0.2368862763303714,0.6077853116640998,-0.5258533437475079,0
0.2607317273668565,-0.11972704139291655,0.0648829099892737,0.08599688921773323,-0.3374068008493588,-0.3608834747841887,-0.5237418787490222,0.5237418787490222,-1.0706067580626215,-0.4833357480863082,1.8354965592579078,-0.22376668822285872,-2.434035394542732,2.434035394542732,-0.5174001701746129,-1.2027745701779144,2.015457507742905,0.7605883404680315,-0.7605883404680315,-0.2585739064876405,0.6521063704999376,-0.5553178338692093,-0.2368862763303714,0.6077853116640998,-0.5258533437475079,1
1.0108098993774437,-0.11972704139291655,1.172841495748138,-0.23139703503527093,0.8895503994953752,4.4846373268913196,-0.5237418787490222,0.5237418787490222,0.9340497736158585,-0.4833357480863082,-0.5448116995677182,-0.22376668822285872,-2.434035394542732,2.434035394542732,1.9327399905232316,-1.2027745701779144,-0.49616526081956064,-1.314771666608307,1.314771666608307,-0.2585739064876405,-1.5334921498057892,1.8007705479804994,-0.2368862763303714,-1.6453178133937247,1.901670897200107,1
1.3322719730962669,1.552048133922254,0.24651546503171043,0.006648408154482164,1.3614570150125804,-0.3608834747841887,-0.5237418787490222,0.5237418787490222,0.9340497736158585,-0.4833357480863082,-0.5448116995677182,-0.22376668822285872,0.4108403691425631,-0.410840369142563,1.9327399905232316,-1.2027745701779144,-0.49616526081956064,0.7605883404680315,-0.7605883404680315,-0.2585739064876405,-1.5334921498057892,1.8007705479804994,4.221434924348927,-1.6453178133937247,-0.5258533437475079,0
2.510966243398618,-0.45408207645595067,-0.2711373168392341,-1.104230326731033,1.0783130457022572,-0.3608834747841887,-0.5237418787490222,0.5237418787490222,0.9340497736158585,-0.4833357480863082,-0.5448116995677182,-0.22376668822285872,0.4108403691425631,-0.410840369142563,-0.5174001701746129,-1.2027745701779144,2.015457507742905,-1.314771666608307,1.314771666608307,-0.2585739064876405,-1.5334921498057892,1.8007705479804994,-0.2368862763303714,0.6077853116640998,-0.5258533437475079,1
-1.560886690373141,0.3260796720244622,0.17386244301473572,0.5620877755972397,-0.8093134163665643,-0.3608834747841887,1.9093374820217521,-1.9093374820217521,-1.0706067580626215,-0.4833357480863082,1.8354965592579078,-0.22376668822285872,0.4108403691425631,-0.410840369142563,-0.5174001701746129,0.83141099321054,-0.49616526081956064,0.7605883404680315,-0.7605883404680315,-0.2585739064876405,0.6521063704999376,-0.5553178338692093,-0.2368862763303714,0.6077853116640998,-0.5258533437475079,0
0.36788575193979756,0.43753135037880697,-1.8240956624520681,-1.5009727320472883,-0.8093134163665643,-0.3608834747841887,-0.5237418787490222,0.5237418787490222,0.9340497736158585,-0.4833357480863082,-0.5448116995677182,-0.22376668822285872,0.4108403691425631,-0.410840369142563,-0.5174001701746129,0.83141099321054,-0.49616526081956064,-1.314771666608307,1.314771666608307,-0.2585739064876405,0.6521063704999376,-0.5553178338692093,4.221434924348927,-1.6453178133937247,-0.5258533437475079,1
0.7965018502315617,3.7810817010091484,-1.8240956624520681,-2.691199947996054,-0.8093134163665643,-0.3608834747841887,-0.5237418787490222,0.5237418787490222,-1.0706067580626215,-0.4833357480863082,1.8354965592579078,-0.22376668822285872,0.4108403691425631,-0.410840369142563,-0.5174001701746129,-1.2027745701779144,2.015457507742905,0.7605883404680315,-0.7605883404680315,-0.2585739064876405,0.6521063704999376,-0.5553178338692093,-0.2368862763303714,0.6077853116640998,-0.5258533437475079,1
-1.9895027886649055,-0.5655337548102956,-0.08042313404467559,1.4349210672930013,-0.8093134163665643,-0.3608834747841887,-0.5237418787490222,0.5237418787490222,-1.0706067580626215,2.068955180657219,-0.5448116995677182,-0.22376668822285872,0.4108403691425631,-0.410840369142563,-0.5174001701746129,0.83141099321054,-0.49616526081956064,0.7605883404680315,-0.7605883404680315,-0.2585739064876405,-1.5334921498057892,1.8007705479804994,-0.2368862763303714,0.6077853116640998,-0.5258533437475079,0
0.6893478256586207,1.552048133922254,-1.8240956624520681,0.4430650540023631,-0.4317881239527999,-0.3608834747841887,-0.5237418787490222,0.5237418787490222,0.9340497736158585,-0.4833357480863082,-0.5448116995677182,-0.22376668822285872,0.4108403691425631,-0.410840369142563,-0.5174001701746129,0.83141099321054,-0.49616526081956064,0.7605883404680315,-0.7605883404680315,-0.2585739064876405,0.6521063704999376,-0.5553178338692093,-0.2368862763303714,0.6077853116640998,-0.5258533437475079,1
-0.8108085183625539,-0.955614629050502,-1.8240956624520681,-0.9852076051361561,0.6064064301850519,-0.3608834747841887,-0.5237418787490222,0.5237418787490222,0.9340497736158585,-0.4833357480863082,-0.5448116995677182,-0.22376668822285872,0.4108403691425631,-0.410840369142563,-0.5174001701746129,0.83141099321054,-0.49616526081956064,-1.314771666608307,1.314771666608307,-0.2585739064876405,0.6521063704999376,-0.5553178338692093,-0.2368862763303714,-1.6453178133937247,1.901670897200107,1
1.117963923950385,0.5489830287331516,0.6824335971335586,0.08599688921773323,0.13449981466784652,-0.3608834747841887,1.9093374820217521,-1.9093374820217521,0.9340497736158585,-0.4833357480863082,-0.5448116995677182,-0.22376668822285872,0.4108403691425631,-0.410840369142563,-0.5174001701746129,0.83141099321054,-0.49616526081956064,-1.314771666608307,1.314771666608307,-0.2585739064876405,0.6521063704999376,-0.5553178338692093,-0.2368862763303714,-1.6453178133937247,1.901670897200107,1
0.046423678220974374,-1.2342438249363639,0.0648829099892737,0.16534537028098428,-0.8093134163665643,-0.3608834747841887,-0.5237418787490222,0.5237418787490222,-1.0706067580626215,2.068955180657219,-0.5448116995677182,-0.22376668822285872,0.4108403691425631,-0.410840369142563,-0.5174001701746129,0.83141099321054,-0.49616526081956064,0.7605883404680315,-0.7605883404680315,-0.2585739064876405,0.6521063704999376,-0.5553178338692093,-0.2368862763303714,0.6077853116640998,-0.5258533437475079,0
0.1535777027939155,2.2207582040483222,0.5371275530996091,-2.5721772264011773,1.0783130457022572,-0.3608834747841887,-0.5237418787490222,0.5237418787490222,0.9340497736158585,-0.4833357480863082,-0.5448116995677182,-0.22376668822285872,0.4108403691425631,-0.410840369142563,-0.5174001701746129,0.83141099321054,-0.49616526081956064,0.7605883404680315,-0.7605883404680315,-0.2585739064876405,0.6521063704999376,-0.5553178338692093,-0.2368862763303714,0.6077853116640998,-0.5258533437475079,1
1.117963923950385,-0.6769854331646402,-1.8240956624520681,-1.262927288857535,1.0783130457022572,-0.3608834747841887,-0.5237418787490222,0.5237418787490222,0.9340497736158585,-0.4833357480863082,-0.5448116995677182,-0.22376668822285872,-2.434035394542732,2.434035394542732,-0.5174001701746129,-1.2027745701779144,2.015457507742905,0.7605883404680315,-0.7605883404680315,-0.2585739064876405,0.6521063704999376,-0.5553178338692093,-0.2368862763303714,0.6077853116640998,-0.5258533437475079,1
1.5465800222421486,-0.7884371115189849,0.6915152248856804,0.5224135350656142,0.13449981466784652,1.2542901257743142,-0.5237418787490222,0.5237418787490222,-1.0706067580626215,-0.4833357480863082,1.8354965592579078,-0.22376668822285872,0.4108403691425631,-0.410840369142563,-0.5174001701746129,0.83141099321054,-0.49616526081956064,0.7605883404680315,-0.7605883404680315,-0.2585739064876405,-1.5334921498057892,1.8007705479804994,-0.2368862763303714,-1.6453178133937247,1.901670897200107,0
1.117963923950385,2.6665649174657013,1.1274333569875286,0.6414362566604908,-0.8093134163665643,-0.3608834747841887,1.9093374820217521,-1.9093374820217521,0.9340497736158585,-0.4833357480863082,-0.5448116995677182,-0.22376668822285872,0.4108403691425631,-0.410840369142563,-0.5174001701746129,0.83141099321054,-0.49616526081956064,-1.314771666608307,1.314771666608307,-0.2585739064876405,-1.5334921498057892,1.8007705479804994,-0.2368862763303714,0.6077853116640998,-0.5258533437475079,0
0.9036558748045028,0.43753135037880697,0.6370254583729494,0.5620877755972397,0.13449981466784652,-0.3608834747841887,-0.5237418787490222,0.5237418787490222,-1.0706067580626215,2.068955180657219,-0.5448116995677182,-0.22376668822285872,0.4108403691425631,-0.410840369142563,-0.5174001701746129,0.83141099321054,-0.49616526081956064,0.7605883404680315,-0.7605883404680315,-0.2585739064876405,-1.5334921498057892,1.8007705479804994,-0.2368862763303714,0.6077853116640998,-0.5258533437475079,0
-0.9179625429354947,-1.2342438249363639,0.5734540641080966,-0.23139703503527093,0.3232624608747286,-0.3608834747841887,-0.5237418787490222,0.5237418787490222,-1.0706067580626215,-0.4833357480863082,-0.5448116995677182,4.468940430507949,0.4108403691425631,-0.410840369142563,-0.5174001701746129,0.83141099321054,-0.49616526081956064,0.7605883404680315,-0.7605883404680315,-0.2585739064876405,0.6521063704999376,-0.5553178338692093,-0.2368862763303714,-1.6453178133937247,1.901670897200107,1
2.1895041696797954,0.9947897421505305,0.5189642975953654,-0.31074551609852197,2.965939507771079,-0.3608834747841887,-0.5237418787490222,0.5237418787490222,0.9340497736158585,-0.4833357480863082,-0.5448116995677182,-0.22376668822285872,-2.434035394542732,2.434035394542732,-0.5174001701746129,-1.2027745701779144,2.015457507742905,-1.314771666608307,1.314771666608307,3.867366253554276,-1.5334921498057892,-0.5553178338692093,-0.2368862763303714,0.6077853116640998,-0.5258533437475079,1
0.6893478256586207,-0.11972704139291655,1.0456987072184318,0.08599688921773323,-0.3374068008493588,-0.3608834747841887,-0.5237418787490222,0.5237418787490222,-1.0706067580626215,-0.4833357480863082,1.8354965592579078,-0.22376668822285872,-2.434035394542732,2.434035394542732,-0.5174001701746129,-1.2027745701779144,2.015457507742905,0.7605883404680315,-0.7605883404680315,-0.2585739064876405,0.6521063704999376,-0.5553178338692093,-0.2368862763303714,0.6077853116640998,-0.5258533437475079,1
1.117963923950385,-0.2311787197472613,0.5643724363559747,-1.3026015293891604,-0.6205507701596821,1.2542901257743142,-0.5237418787490222,0.5237418787490222,0.9340497736158585,-0.4833357480863082,-0.5448116995677182,-0.22376668822285872,0.4108403691425631,-0.410840369142563,-0.5174001701746129,0.83141099321054,-0.49616526081956064,-1.314771666608307,1.314771666608307,-0.2585739064876405,0.6521063704999376,-0.5553178338692093,-0.2368862763303714,-1.6453178133937247,1.901670897200107,0
1.9751961205339128,1.552048133922254,-1.8240956624520681,-0.9455333646045305,0.7007877532884931,2.8694637263328175,-0.5237418787490222,0.5237418787490222,-1.0706067580626215,-0.4833357480863082,1.8354965592579078,-0.22376668822285872,0.4108403691425631,-0.410840369142563,1.9327399905232316,-1.2027745701779144,-0.49616526081956064,0.7605883404680315,-0.7605883404680315,-0.2585739064876405,0.6521063704999376,-0.5553178338692093,-0.2368862763303714,0.6077853116640998,-0.5258533437475079,0
0.9036558748045028,0.43753135037880697,0.6097805751165839,0.879481699850244,2.5884142153573144,2.8694637263328175,1.9093374820217521,-1.9093374820217521,0.9340497736158585,-0.4833357480863082,-0.5448116995677182,-0.22376668822285872,0.4108403691425631,-0.410840369142563,1.9327399905232316,-1.2027745701779144,-0.49616526081956064,0.7605883404680315,-0.7605883404680315,3.867366253554276,-1.5334921498057892,-0.5553178338692093,-0.2368862763303714,0.6077853116640998,-0.5258533437475079,1
-1.3465786412272591,-1.5128730208222254,-0.025933367531944508,1.196875624103248,-0.8093134163665643,1.2542901257743142,1.9093374820217521,-1.9093374820217521,-1.0706067580626215,2.068955180657219,-0.5448116995677182,-0.22376668822285872,0.4108403691425631,-0.410840369142563,-0.5174001701746129,0.83141099321054,-0.49616526081956064,0.7605883404680315,-0.7605883404680315,-0.2585739064876405,-1.5334921498057892,1.8007705479804994,-0.2368862763303714,0.6077853116640998,-0.5258533437475079,0
0.9036558748045028,-0.6769854331646402,-1.8240956624520681,-0.15204855397201988,-1.564364001194093,2.8694637263328175,-0.5237418787490222,0.5237418787490222,-1.0706067580626215,-0.4833357480863082,-0.5448116995677182,4.468940430507949,0.4108403691425631,-0.410840369142563,1.9327399905232316,-1.2027745701779144,-0.49616526081956064,0.7605883404680315,-0.7605883404680315,-0.2585739064876405,0.6521063704999376,-0.5553178338692093,-0.2368862763303714,0.6077853116640998,-0.5258533437475079,1
0.6893478256586207,0.43753135037880697,-0.14399452830952844,0.6811104971921162,2.0221262767366683,-0.3608834747841887,-0.5237418787490222,0.5237418787490222,-1.0706067580626215,-0.4833357480863082,1.8354965592579078,-0.22376668822285872,0.4108403691425631,-0.410840369142563,1.9327399905232316,-1.2027745701779144,-0.49616526081956064,0.7605883404680315,-0.7605883404680315,-0.2585739064876405,0.6521063704999376,-0.5553178338692093,-0.2368862763303714,0.6077853116640998,-0.5258533437475079,1
0.47503977651273854,-0.11972704139291655,0.5643724363559747,0.08599688921773323,1.0783130457022572,-0.3608834747841887,-0.5237418787490222,0.5237418787490222,0.9340497736158585,-0.4833357480863082,-0.5448116995677182,-0.22376668822285872,0.4108403691425631,-0.410840369142563,-0.5174001701746129,0.83141099321054,-0.49616526081956064,-1.314771666608307,1.314771666608307,-0.2585739064876405,0.6521063704999376,-0.5553178338692093,-0.2368862763303714,0.6077853116640998,-0.5258533437475079,1
-2.3109648623837282,-0.3983562372787783,0.4826377865868781,0.6811104971921162,-0.8093134163665643,-0.3608834747841887,-0.5237418787490222,0.5237418787490222,-1.0706067580626215,2.068955180657219,-0.5448116995677182,-0.22376668822285872,0.4108403691425631,-0.410840369142563,-0.5174001701746129,0.83141099321054,-0.49616526081956064,0.7605883404680315,-0.7605883404680315,-0.2585739064876405,0.6521063704999376,-0.5553178338692093,-0.2368862763303714,0.6077853116640998,-0.5258533437475079,0
0.1535777027939155,1.552048133922254,0.827739641167508,0.20501961081260983,1.0783130457022572,-0.3608834747841887,-0.5237418787490222,0.5237418787490222,-1.0706067580626215,2.068955180657219,-0.5448116995677182,-0.22376668822285872,-2.434035394542732,2.434035394542732,-0.5174001701746129,0.83141099321054,-0.49616526081956064,-1.314771666608307,1.314771666608307,-0.2585739064876405,0.6521063704999376,-0.5553178338692093,-0.2368862763303714,0.6077853116640998,-0.5258533437475079,1
-0.5965004692166718,0.3260796720244622,0.11937267650200474,-1.1835788077942841,0.6064064301850519,-0.3608834747841887,1.9093374820217521,-1.9093374820217521,0.9340497736158585,-0.4833357480863082,-0.5448116995677182,-0.22376668822285872,0.4108403691425631,-0.410840369142563,-0.5174001701746129,0.83141099321054,-0.49616526081956064,-1.314771666608307,1.314771666608307,-0.2585739064876405,0.6521063704999376,-0.5553178338692093,-0.2368862763303714,0.6077853116640998,-0.5258533437475079,1
1.5465800222421486,0.10317631531577283,0.4826377865868781,0.5224135350656142,-0.8093134163665643,-0.3608834747841887,-0.5237418787490222,0.5237418787490222,-1.0706067580626215,-0.4833357480863082,1.8354965592579078,-0.22376668822285872,-2.434035394542732,2.434035394542732,-0.5174001701746129,0.83141099321054,-0.49616526081956064,-1.314771666608307,1.314771666608307,-0.2585739064876405,0.6521063704999376,-0.5553178338692093,-0.2368862763303714,0.6077853116640998,-0.5258533437475079,0
-1.2394246166543181,-0.6769854331646402,0.24651546503171043,0.5620877755972397,0.6064064301850519,-0.3608834747841887,-0.5237418787490222,0.5237418787490222,-1.0706067580626215,-0.4833357480863082,1.8354965592579078,-0.22376668822285872,0.4108403691425631,-0.410840369142563,-0.5174001701746129,0.83141099321054,-0.49616526081956064,-1.314771666608307,1.314771666608307,-0.2585739064876405,0.6521063704999376,-0.5553178338692093,-0.2368862763303714,0.6077853116640998,-0.5258533437475079,0
0.5821938010856796,1.7749514906309436,-0.22572917807862494,-1.8977151373635437,0.13449981466784652,2.8694637263328175,-0.5237418787490222,0.5237418787490222,0.9340497736158585,-0.4833357480863082,-0.5448116995677182,-0.22376668822285872,-2.434035394542732,2.434035394542732,1.9327399905232316,-1.2027745701779144,-0.49616526081956064,0.7605883404680315,-0.7605883404680315,-0.2585739064876405,0.6521063704999376,-0.5553178338692093,4.221434924348927,-1.6453178133937247,-0.5258533437475079,1
2.1895041696797954,-0.11972704139291655,-1.8240956624520681,0.08599688921773323,-0.3374068008493588,-0.3608834747841887,-0.5237418787490222,0.5237418787490222,-1.0706067580626215,-0.4833357480863082,1.8354965592579078,-0.22376668822285872,0.4108403691425631,-0.410840369142563,-0.5174001701746129,0.83141099321054,-0.49616526081956064,0.7605883404680315,-0.7605883404680315,-0.2585739064876405,0.6521063704999376,-0.5553178338692093,-0.2368862763303714,0.6077853116640998,-0.5258533437475079,0
2.4038122188256774,-1.5685988599993976,0.20110732627110126,-0.7074879214147773,2.4940328922538737,-0.3608834747841887,-0.5237418787490222,0.5237418787490222,-1.0706067580626215,-0.4833357480863082,1.8354965592579078,-0.22376668822285872,0.4108403691425631,-0.410840369142563,1.9327399905232316,-1.2027745701779144,-0.49616526081956064,0.7605883404680315,-0.7605883404680315,3.867366253554276,-1.5334921498057892,-0.5553178338692093,-0.2368862763303714,0.6077853116640998,-0.5258533437475079,1
0.2607317273668565,0.9947897421505305,0.2646787205359541,-0.5487909592882753,0.6064064301850519,-0.3608834747841887,-0.5237418787490222,0.5237418787490222,0.9340497736158585,-0.4833357480863082,-0.5448116995677182,-0.22376668822285872,0.4108403691425631,-0.410840369142563,-0.5174001701746129,-1.2027745701779144,2.015457507742905,-1.314771666608307,1.314771666608307,-0.2585739064876405,0.6521063704999376,-0.5553178338692093,-0.2368862763303714,0.6077853116640998,-0.5258533437475079,1
1.117963923950385,2.109306525693978,0.23743383727958858,0.6811104971921162,-0.24302547774591776,-0.3608834747841887,-0.5237418787490222,0.5237418787490222,-1.0706067580626215,-0.4833357480863082,-0.5448116995677182,4.468940430507949,0.4108403691425631,-0.410840369142563,1.9327399905232316,-1.2027745701779144,-0.49616526081956064,0.7605883404680315,-0.7605883404680315,-0.2585739064876405,0.6521063704999376,-0.5553178338692093,-0.2368862763303714,-1.6453178133937247,1.901670897200107,0
1.4394259976692079,0.7161605462646687,-1.8240956624520681,-0.5091167187566498,-0.8093134163665643,-0.3608834747841887,-0.5237418787490222,0.5237418787490222,-1.0706067580626215,-0.4833357480863082,-0.5448116995677182,4.468940430507949,0.4108403691425631,-0.410840369142563,1.9327399905232316,-1.2027745701779144,-0.49616526081956064,0.7605883404680315,-0.7605883404680315,-0.2585739064876405,0.6521063704999376,-0.5553178338692093,-0.2368862763303714,0.6077853116640998,-0.5258533437475079,1
-2.6324269361025516,-0.11972704139291655,0.02855639898078637,2.545799802178516,-0.8093134163665643,-0.3608834747841887,-0.5237418787490222,0.5237418787490222,-1.0706067580626215,2.068955180657219,-0.5448116995677182,-0.22376668822285872,0.4108403691425631,-0.410840369142563,1.9327399905232316,-1.2027745701779144,-0.49616526081956064,0.7605883404680315,-0.7605883404680315,-0.2585739064876405,-1.5334921498057892,1.8007705479804994,-0.2368862763303714,0.6077853116640998,-0.5258533437475079,0
0.6893478256586207,2.6665649174657013,-1.8240956624520681,0.08599688921773323,0.6064064301850519,-0.3608834747841887,-0.5237418787490222,0.5237418787490222,-1.0706067580626215,-0.4833357480863082,1.8354965592579078,-0.22376668822285872,0.4108403691425631,-0.410840369142563,-0.5174001701746129,-1.2027745701779144,2.015457507742905,-1.314771666608307,1.314771666608307,-0.2585739064876405,0.6521063704999376,-0.5553178338692093,-0.2368862763303714,0.6077853116640998,-0.5258533437475079,0
-1.2394246166543181,0.8833380637961857,0.39182150906565977,1.5936180294195035,-0.05426283153903558,2.8694637263328175,-0.5237418787490222,0.5237418787490222,-1.0706067580626215,-0.4833357480863082,-0.5448116995677182,4.468940430507949,0.4108403691425631,-0.410840369142563,1.9327399905232316,-1.2027745701779144,-0.49616526081956064,0.7605883404680315,-0.7605883404680315,-0.2585739064876405,-1.5334921498057892,1.8007705479804994,-0.2368862763303714,0.6077853116640998,-0.5258533437475079,0
1.225117948523326,0.43753135037880697,1.9629431101827377,0.7604589782553673,-0.05426283153903558,1.2542901257743142,1.9093374820217521,-1.9093374820217521,-1.0706067580626215,-0.4833357480863082,1.8354965592579078,-0.22376668822285872,-2.434035394542732,2.434035394542732,1.9327399905232316,-1.2027745701779144,-0.49616526081956064,0.7605883404680315,-0.7605883404680315,-0.2585739064876405,-1.5334921498057892,1.8007705479804994,-0.2368862763303714,0.6077853116640998,-0.5258533437475079,0
0.47503977651273854,-0.2311787197472613,0.5280459253474873,-0.31074551609852197,2.0221262767366683,2.8694637263328175,-0.5237418787490222,0.5237418787490222,0.9340497736158585,-0.4833357480863082,-0.5448116995677182,-0.22376668822285872,0.4108403691425631,-0.410840369142563,1.9327399905232316,-1.2027745701779144,-0.49616526081956064,-1.314771666608307,1.314771666608307,-0.2585739064876405,0.6521063704999376,-0.5553178338692093,-0.2368862763303714,-1.6453178133937247,1.901670897200107,1
0.6893478256586207,-0.6769854331646402,-1.8240956624520681,0.12567112974935876,1.0783130457022572,-0.3608834747841887,-0.5237418787490222,0.5237418787490222,-1.0706067580626215,-0.4833357480863082,1.8354965592579078,-0.22376668822285872,0.4108403691425631,-0.410840369142563,-0.5174001701746129,0.83141099321054,-0.49616526081956064,-1.314771666608307,1.314771666608307,-0.2585739064876405,-1.5334921498057892,1.8007705479804994,-0.2368862763303714,0.6077853116640998,-0.5258533437475079,1
0.046423678220974374,-0.11972704139291655,0.010393143476542714,-1.0248818456677817,1.0783130457022572,-0.3608834747841887,-0.5237418787490222,0.5237418787490222,0.9340497736158585,-0.4833357480863082,-0.5448116995677182,-0.22376668822285872,-2.434035394542732,2.434035394542732,-0.5174001701746129,0.83141099321054,-0.49616526081956064,-1.314771666608307,1.314771666608307,-0.2585739064876405,0.6521063704999376,-0.5553178338692093,-0.2368862763303714,0.6077853116640998,-0.5258533437475079,1
1.3322719730962669,1.552048133922254,0.40998476456990346,-0.7074879214147773,-0.8093134163665643,4.4846373268913196,-0.5237418787490222,0.5237418787490222,-1.0706067580626215,2.068955180657219,-0.5448116995677182,-0.22376668822285872,0.4108403691425631,-0.410840369142563,-0.5174001701746129,0.83141099321054,-0.49616526081956064,-1.314771666608307,1.314771666608307,-0.2585739064876405,0.6521063704999376,-0.5553178338692093,4.221434924348927,-1.6453178133937247,-0.5258533437475079,1
-1.132270592081377,-0.11972704139291655,1.0366170794663103,0.9588301809134951,0.9839317225988162,1.2542901257743142,-0.5237418787490222,0.5237418787490222,-1.0706067580626215,-0.4833357480863082,1.8354965592579078,-0.22376668822285872,0.4108403691425631,-0.410840369142563,-0.5174001701746129,0.83141099321054,-0.49616526081956064,0.7605883404680315,-0.7605883404680315,-0.2585739064876405,-1.5334921498057892,1.8007705479804994,-0.2368862763303714,0.6077853116640998,-0.5258533437475079,0
0.9036558748045028,-0.11972704139291655,0.02855639898078637,0.08599688921773323,-0.3374068008493588,-0.3608834747841887,-0.5237418787490222,0.5237418787490222,-1.0706067580626215,-0.4833357480863082,1.8354965592579078,-0.22376668822285872,0.4108403691425631,-0.410840369142563,-0.5174001701746129,-1.2027745701779144,2.015457507742905,0.7605883404680315,-0.7605883404680315,-0.2585739064876405,0.6521063704999376,-0.5553178338692093,-0.2368862763303714,0.6077853116640998,-0.5258533437475079,1
0.9036558748045028,1.552048133922254,0.4826377865868781,-1.1835788077942841,2.0221262767366683,-0.3608834747841887,-0.5237418787490222,0.5237418787490222,0.9340497736158585,-0.4833357480863082,-0.5448116995677182,-0.22376668822285872,-2.434035394542732,2.434035394542732,-0.5174001701746129,-1.2027745701779144,2.015457507742905,-1.314771666608307,1.314771666608307,-0.2585739064876405,0.6521063704999376,-0.5553178338692093,-0.2368862763303714,0.6077853116640998,-0.5258533437475079,1
1.0108098993774437,-0.11972704139291655,-1.8240956624520681,0.08599688921773323,-0.3374068008493588,-0.3608834747841887,-0.5237418787490222,0.5237418787490222,-1.0706067580626215,-0.4833357480863082,1.8354965592579078,-0.22376668822285872,0.4108403691425631,-0.410840369142563,1.9327399905232316,-1.2027745701779144,-0.49616526081956064,0.7605883404680315,-0.7605883404680315,-0.2585739064876405,0.6521063704999376,-0.5553178338692093,-0.2368862763303714,0.6077853116640998,-0.5258533437475079,1
-0.16788437092490754,0.43753135037880697,1.8448819494051536,-0.5487909592882753,1.0783130457022572,-0.3608834747841887,-0.5237418787490222,0.5237418787490222,0.9340497736158585,-0.4833357480863082,-0.5448116995677182,-0.22376668822285872,0.4108403691425631,-0.410840369142563,-0.5174001701746129,0.83141099321054,-0.49616526081956064,-1.314771666608307,1.314771666608307,-0.2585739064876405,0.6521063704999376,-0.5553178338692093,-0.2368862763303714,0.6077853116640998,-0.5258533437475079,1
1.0108098993774437,-2.0144055734167767,0.9458008019450918,-0.6678136808831519,0.13449981466784652,-0.3608834747841887,-0.5237418787490222,0.5237418787490222,0.9340497736158585,-0.4833357480863082,-0.5448116995677182,-0.22376668822285872,0.4108403691425631,-0.410840369142563,-0.5174001701746129,-1.2027745701779144,2.015457507742905,-1.314771666608307,1.314771666608307,-0.2585739064876405,-1.5334921498057892,1.8007705479804994,-0.2368862763303714,0.6077853116640998,-0.5258533437475079,1
-0.4893464446437307,-0.11972704139291655,-0.5345045216507673,0.08599688921773323,-0.3374068008493588,-0.3608834747841887,-0.5237418787490222,0.5237418787490222,-1.0706067580626215,-0.4833357480863082,1.8354965592579078,-0.22376668822285872,0.4108403691425631,-0.410840369142563,-0.5174001701746129,0.83141099321054,-0.49616526081956064,0.7605883404680315,-0.7605883404680315,-0.2585739064876405,0.6521063704999376,-0.5553178338692093,-0.2368862763303714,0.6077853116640998,-0.5258533437475079,1
0.6893478256586207,1.552048133922254,-1.8240956624520681,-1.5406469725789136,-0.3374068008493588,-0.3608834747841887,-0.5237418787490222,0.5237418787490222,0.9340497736158585,-0.4833357480863082,-0.5448116995677182,-0.22376668822285872,0.4108403691425631,-0.410840369142563,-0.5174001701746129,-1.2027745701779144,2.015457507742905,-1.314771666608307,1.314771666608307,-0.2585739064876405,0.6521063704999376,-0.5553178338692093,-0.2368862763303714,-1.6453178133937247,1.901670897200107,1
-1.025116567508436,-0.6769854331646402,-0.15307615606165023,0.16534537028098428,0.13449981466784652,-0.3608834747841887,-0.5237418787490222,0.5237418787490222,-1.0706067580626215,2.068955180657219,-0.5448116995677182,-0.22376668822285872,0.4108403691425631,-0.410840369142563,-0.5174001701746129,0.83141099321054,-0.49616526081956064,0.7605883404680315,-0.7605883404680315,-0.2585739064876405,0.6521063704999376,-0.5553178338692093,-0.2368862763303714,0.6077853116640998,-0.5258533437475079,0
-0.06073034635196655,-0.45408207645595067,0.5371275530996091,-1.0248818456677817,2.0221262767366683,-0.3608834747841887,-0.5237418787490222,0.5237418787490222,0.9340497736158585,-0.4833357480863082,-0.5448116995677182,-0.22376668822285872,0.4108403691425631,-0.410840369142563,-0.5174001701746129,-1.2027745701779144,2.015457507742905,-1.314771666608307,1.314771666608307,-0.2585739064876405,0.6521063704999376,-0.5553178338692093,-0.2368862763303714,0.6077853116640998,-0.5258533437475079,0
-1.9895027886649055,-1.2342438249363639,0.5098826698432436,0.08599688921773323,-0.8093134163665643,-0.3608834747841887,-0.5237418787490222,0.5237418787490222,-1.0706067580626215,2.068955180657219,-0.5448116995677182,-0.22376668822285872,0.4108403691425631,-0.410840369142563,-0.5174001701746129,0.83141099321054,-0.49616526081956064,0.7605883404680315,-0.7605883404680315,-0.2585739064876405,0.6521063704999376,-0.5553178338692093,-0.2368862763303714,0.6077853116640998,-0.5258533437475079,1
0.1535777027939155,-0.11972704139291655,0.5552908086038528,0.6811104971921162,-0.8093134163665643,-0.3608834747841887,-0.5237418787490222,0.5237418787490222,-1.0706067580626215,2.068955180657219,-0.5448116995677182,-0.22376668822285872,0.4108403691425631,-0.410840369142563,-0.5174001701746129,0.83141099321054,-0.49616526081956064,0.7605883404680315,-0.7605883404680315,-0.2585739064876405,-1.5334921498057892,1.8007705479804994,-0.2368862763303714,0.6077853116640998,-0.5258533437475079,0
-1.882348764091964,-1.2342438249363639,-1.8240956624520681,-0.5091167187566498,0.13449981466784652,-0.3608834747841887,-0.5237418787490222,0.5237418787490222,0.9340497736158585,-0.4833357480863082,-0.5448116995677182,-0.22376668822285872,0.4108403691425631,-0.410840369142563,-0.5174001701746129,0.83141099321054,-0.49616526081956064,-1.314771666608307,1.314771666608307,-0.2585739064876405,0.6521063704999376,-0.5553178338692093,4.221434924348927,-1.6453178133937247,-0.5258533437475079,1
1.760888071388031,0.43753135037880697,-1.8240956624520681,0.7604589782553673,1.0783130457022572,-0.3608834747841887,-0.5237418787490222,0.5237418787490222,0.9340497736158585,-0.4833357480863082,-0.5448116995677182,-0.22376668822285872,-2.434035394542732,2.434035394542732,-0.5174001701746129,0.83141099321054,-0.49616526081956064,-1.314771666608307,1.314771666608307,-0.2585739064876405,0.6521063704999376,-0.5553178338692093,-0.2368862763303714,-1.6453178133937247,1.901670897200107,1
0.9036558748045028,-0.6769854331646402,0.4826377865868781,-1.778692415768667,-0.8093134163665643,-0.3608834747841887,-0.5237418787490222,0.5237418787490222,-1.0706067580626215,2.068955180657219,-0.5448116995677182,-0.22376668822285872,0.4108403691425631,-0.410840369142563,1.9327399905232316,-1.2027745701779144,-0.49616526081956064,-1.314771666608307,1.314771666608307,-0.2585739064876405,0.6521063704999376,-0.5553178338692093,-0.2368862763303714,0.6077853116640998,-0.5258533437475079,1
0.6893478256586207,0.43753135037880697,0.8368212689196298,1.2762241051664993,0.3232624608747286,2.8694637263328175,-0.5237418787490222,0.5237418787490222,0.9340497736158585,-0.4833357480863082,-0.5448116995677182,-0.22376668822285872,0.4108403691425631,-0.410840369142563,1.9327399905232316,-1.2027745701779144,-0.49616526081956064,0.7605883404680315,-0.7605883404680315,-0.2585739064876405,0.6521063704999376,-0.5553178338692093,-0.2368862763303714,-1.6453178133937247,1.901670897200107,1
0.36788575193979756,2.6665649174657013,0.7641682469026551,-0.7074879214147773,-0.05426283153903558,-0.3608834747841887,-0.5237418787490222,0.5237418787490222,-1.0706067580626215,2.068955180657219,-0.5448116995677182,-0.22376668822285872,-2.434035394542732,2.434035394542732,-0.5174001701746129,-1.2027745701779144,2.015457507742905,0.7605883404680315,-0.7605883404680315,-0.2585739064876405,0.6521063704999376,-0.5553178338692093,-0.2368862763303714,0.6077853116640998,-0.5258533437475079,1
0.47503977651273854,0.9947897421505305,0.7460049913984114,0.9588301809134951,0.13449981466784652,-0.3608834747841887,1.9093374820217521,-1.9093374820217521,-1.0706067580626215,-0.4833357480863082,-0.5448116995677182,4.468940430507949,-2.434035394542732,2.434035394542732,1.9327399905232316,-1.2027745701779144,-0.49616526081956064,0.7605883404680315,-0.7605883404680315,-0.2585739064876405,-1.5334921498057892,1.8007705479804994,-0.2368862763303714,0.6077853116640998,-0.5258533437475079,0
-0.2750383954978486,0.43753135037880697,0.9730456852014573,0.16534537028098428,0.6064064301850519,1.2542901257743142,1.9093374820217521,-1.9093374820217521,-1.0706067580626215,-0.4833357480863082,1.8354965592579078,-0.22376668822285872,0.4108403691425631,-0.410840369142563,1.9327399905232316,-1.2027745701779144,-0.49616526081956064,0.7605883404680315,-0.7605883404680315,-0.2585739064876405,-1.5334921498057892,1.8007705479804994,-0.2368862763303714,0.6077853116640998,-0.5258533437475079,0
-0.38219242007078963,-0.955614629050502,-1.8240956624520681,-0.7074879214147773,-0.3374068008493588,-0.3608834747841887,-0.5237418787490222,0.5237418787490222,0.9340497736158585,-0.4833357480863082,-0.5448116995677182,-0.22376668822285872,0.4108403691425631,-0.410840369142563,-0.5174001701746129,0.83141099321054,-0.49616526081956064,-1.314771666608307,1.314771666608307,-0.2585739064876405,0.6521063704999376,-0.5553178338692093,4.221434924348927,-1.6453178133937247,-0.5258533437475079,1
0.47503977651273854,-0.008275363038571926,0.21018895402322313,1.3952468267613758,2.2108889229435507,2.8694637263328175,-0.5237418787490222,0.5237418787490222,-1.0706067580626215,-0.4833357480863082,1.8354965592579078,-0.22376668822285872,0.4108403691425631,-0.410840369142563,1.9327399905232316,-1.2027745701779144,-0.49616526081956064,0.7605883404680315,-0.7605883404680315,-0.2585739064876405,-1.5334921498057892,1.8007705479804994,-0.2368862763303714,-1.6453178133937247,1.901670897200107,1
-0.5965004692166718,-1.7915022167080872,0.20110732627110126,-1.5009727320472883,-0.8093134163665643,-0.3608834747841887,-0.5237418787490222,0.5237418787490222,-1.0706067580626215,2.068955180657219,-0.5448116995677182,-0.22376668822285872,0.4108403691425631,-0.410840369142563,-0.5174001701746129,0.83141099321054,-0.49616526081956064,0.7605883404680315,-0.7605883404680315,-0.2585739064876405,0.6521063704999376,-0.5553178338692093,-0.2368862763303714,0.6077853116640998,-0.5258533437475079,0
-0.16788437092490754,0.43753135037880697,0.20110732627110126,0.08599688921773323,-0.8093134163665643,-0.3608834747841887,1.9093374820217521,-1.9093374820217521,-1.0706067580626215,2.068955180657219,-0.5448116995677182,-0.22376668822285872,0.4108403691425631,-0.410840369142563,-0.5174001701746129,0.83141099321054,-0.49616526081956064,0.7605883404680315,-0.7605883404680315,-0.2585739064876405,0.6521063704999376,-0.5553178338692093,-0.2368862763303714,0.6077853116640998,-0.5258533437475079,0
0.6893478256586207,0.9947897421505305,0.3554949980571724,1.315898345698125,0.04011849156440542,-0.3608834747841887,1.9093374820217521,-1.9093374820217521,-1.0706067580626215,-0.4833357480863082,-0.5448116995677182,4.468940430507949,0.4108403691425631,-0.410840369142563,-0.5174001701746129,0.83141099321054,-0.49616526081956064,0.7605883404680315,-0.7605883404680315,-0.2585739064876405,-1.5334921498057892,1.8007705479804994,-0.2368862763303714,0.6077853116640998,-0.5258533437475079,0
1.0108098993774437,-0.45408207645595067,-0.03501499528406639,-0.0727000729087688,-0.8093134163665643,-0.3608834747841887,1.9093374820217521,-1.9093374820217521,0.9340497736158585,-0.4833357480863082,-0.5448116995677182,-0.22376668822285872,0.4108403691425631,-0.410840369142563,-0.5174001701746129,0.83141099321054,-0.49616526081956064,-1.314771666608307,1.314771666608307,-0.2585739064876405,0.6521063704999376,-0.5553178338692093,-0.2368862763303714,0.6077853116640998,-0.5258533437475079,1
-1.560886690373141,0.43753135037880697,1.0911068459790412,1.7523149915460057,-0.8093134163665643,-0.3608834747841887,-0.5237418787490222,0.5237418787490222,-1.0706067580626215,-0.4833357480863082,1.8354965592579078,-0.22376668822285872,0.4108403691425631,-0.410840369142563,1.9327399905232316,-1.2027745701779144,-0.49616526081956064,0.7605883404680315,-0.7605883404680315,-0.2585739064876405,-1.5334921498057892,1.8007705479804994,-0.2368862763303714,0.6077853116640998,-0.5258533437475079,0
-1.132270592081377,-0.6769854331646402,0.5916173196123402,-0.7868364024780284,-0.8093134163665643,-0.3608834747841887,1.9093374820217521,-1.9093374820217521,-1.0706067580626215,2.068955180657219,-0.5448116995677182,-0.22376668822285872,0.4108403691425631,-0.410840369142563,-0.5174001701746129,0.83141099321054,-0.49616526081956064,0.7605883404680315,-0.7605883404680315,-0.2585739064876405,0.6521063704999376,-0.5553178338692093,-0.2368862763303714,0.6077853116640998,-0.5258533437475079,0
2.296658194252736,0.21462799367011745,0.21927058177534492,-1.0248818456677817,2.0221262767366683,-0.3608834747841887,-0.5237418787490222,0.5237418787490222,0.9340497736158585,-0.4833357480863082,-0.5448116995677182,-0.22376668822285872,0.4108403691425631,-0.410840369142563,-0.5174001701746129,0.83141099321054,-0.49616526081956064,-1.314771666608307,1.314771666608307,-0.2585739064876405,0.6521063704999376,-0.5553178338692093,-0.2368862763303714,0.6077853116640998,-0.5258533437475079,1
-1.3465786412272591,-1.2342438249363639,0.3100868592965633,0.6017620161288653,-0.8093134163665643,-0.3608834747841887,-0.5237418787490222,0.5237418787490222,-1.0706067580626215,2.068955180657219,-0.5448116995677182,-0.22376668822285872,0.4108403691425631,-0.410840369142563,-0.5174001701746129,0.83141099321054,-0.49616526081956064,0.7605883404680315,-0.7605883404680315,-0.2585739064876405,-1.5334921498057892,1.8007705479804994,-0.2368862763303714,0.6077853116640998,-0.5258533437475079,0
0.47503977651273854,-0.2311787197472613,0.13753593200624842,-0.2710712755668964,1.2670756919091395,4.4846373268913196,-0.5237418787490222,0.5237418787490222,0.9340497736158585,-0.4833357480863082,-0.5448116995677182,-0.22376668822285872,0.4108403691425631,-0.410840369142563,1.9327399905232316,-1.2027745701779144,-0.49616526081956064,-1.314771666608307,1.314771666608307,-0.2585739064876405,0.6521063704999376,-0.5553178338692093,-0.2368862763303714,-1.6453178133937247,1.901670897200107,1
-1.560886690373141,-0.11972704139291655,0.20110732627110126,-0.7074879214147773,-0.8093134163665643,-0.3608834747841887,-0.5237418787490222,0.5237418787490222,-1.0706067580626215,2.068955180657219,-0.5448116995677182,-0.22376668822285872,0.4108403691425631,-0.410840369142563,-0.5174001701746129,0.83141099321054,-0.49616526081956064,0.7605883404680315,-0.7605883404680315,-0.2585739064876405,0.6521063704999376,-0.5553178338692093,-0.2368862763303714,0.6077853116640998,-0.5258533437475079,0
-0.16788437092490754,0.15890215449294506,-1.8240956624520681,-0.3900939971617731,1.0783130457022572,-0.3608834747841887,-0.5237418787490222,0.5237418787490222,0.9340497736158585,-0.4833357480863082,-0.5448116995677182,-0.22376668822285872,0.4108403691425631,-0.410840369142563,-0.5174001701746129,0.83141099321054,-0.49616526081956064,-1.314771666608307,1.314771666608307,-0.2585739064876405,0.6521063704999376,-0.5553178338692093,-0.2368862763303714,-1.6453178133937247,1.901670897200107,1
1.4394259976692079,-0.3983562372787783,0.4826377865868781,0.9985044214451204,-0.6205507701596821,2.8694637263328175,-0.5237418787490222,0.5237418787490222,0.9340497736158585,-0.4833357480863082,-0.5448116995677182,-0.22376668822285872,-2.434035394542732,2.434035394542732,-0.5174001701746129,0.83141099321054,-0.49616526081956064,0.7605883404680315,-0.7605883404680315,-0.2585739064876405,0.6521063704999376,-0.5553178338692093,-0.2368862763303714,-1.6453178133937247,1.901670897200107,1
0.5821938010856796,-1.2342438249363639,0.34641337030505065,0.16534537028098428,0.3232624608747286,1.2542901257743142,-0.5237418787490222,0.5237418787490222,0.9340497736158585,-0.4833357480863082,-0.5448116995677182,-0.22376668822285872,0.4108403691425631,-0.410840369142563,1.9327399905232316,-1.2027745701779144,-0.49616526081956064,-1.314771666608307,1.314771666608307,-0.2585739064876405,0.6521063704999376,-0.5553178338692093,-0.2368862763303714,-1.6453178133937247,1.901670897200107,1
-1.7751947395190233,-0.7884371115189849,0.3554949980571724,1.0778529025083714,0.13449981466784652,-0.3608834747841887,-0.5237418787490222,0.5237418787490222,-1.0706067580626215,-0.4833357480863082,1.8354965592579078,-0.22376668822285872,0.4108403691425631,-0.410840369142563,1.9327399905232316,-1.2027745701779144,-0.49616526081956064,0.7605883404680315,-0.7605883404680315,-0.2585739064876405,0.6521063704999376,-0.5553178338692093,-0.2368862763303714,0.6077853116640998,-0.5258533437475079,0
-2.2038108378107877,-0.6769854331646402,0.8822294076802389,1.8713377131408826,-0.8093134163665643,-0.3608834747841887,-0.5237418787490222,0.5237418787490222,-1.0706067580626215,-0.4833357480863082,1.8354965592579078,-0.22376668822285872,0.4108403691425631,-0.410840369142563,-0.5174001701746129,0.83141099321054,-0.49616526081956064,0.7605883404680315,-0.7605883404680315,-0.2585739064876405,0.6521063704999376,-0.5553178338692093,-0.2368862763303714,0.6077853116640998,-0.5258533437475079,0
0.36788575193979756,-1.2342438249363639,-1.8240956624520681,-0.2710712755668964,0.5120251070816108,1.2542901257743142,-0.5237418787490222,0.5237418787490222,0.9340497736158585,-0.4833357480863082,-0.5448116995677182,-0.22376668822285872,0.4108403691425631,-0.410840369142563,-0.5174001701746129,-1.2027745701779144,2.015457507742905,-1.314771666608307,1.314771666608307,-0.2585739064876405,-1.5334921498057892,1.8007705479804994,-0.2368862763303714,0.6077853116640998,-0.5258533437475079,1
-1.4537326658002,0.43753135037880697,0.20110732627110126,1.9903604347357586,-0.8093134163665643,-0.3608834747841887,-0.5237418787490222,0.5237418787490222,-1.0706067580626215,-0.4833357480863082,1.8354965592579078,-0.22376668822285872,0.4108403691425631,-0.410840369142563,-0.5174001701746129,0.83141099321054,-0.49616526081956064,0.7605883404680315,-0.7605883404680315,-0.2585739064876405,0.6521063704999376,-0.5553178338692093,-0.2368862763303714,0.6077853116640998,-0.5258533437475079,0
1.65373404681509,0.43753135037880697,0.34641337030505065,0.5224135350656142,0.8895503994953752,2.8694637263328175,1.9093374820217521,-1.9093374820217521,-1.0706067580626215,-0.4833357480863082,-0.5448116995677182,4.468940430507949,0.4108403691425631,-0.410840369142563,-0.5174001701746129,0.83141099321054,-0.49616526081956064,0.7605883404680315,-0.7605883404680315,-0.2585739064876405,-1.5334921498057892,1.8007705479804994,-0.2368862763303714,0.6077853116640998,-0.5258533437475079,0
0.046423678220974374,3.7810817010091484,-0.025933367531944508,0.16534537028098428,1.0783130457022572,-0.3608834747841887,-0.5237418787490222,0.5237418787490222,0.9340497736158585,-0.4833357480863082,-0.5448116995677182,-0.22376668822285872,0.4108403691425631,-0.410840369142563,-0.5174001701746129,0.83141099321054,-0.49616526081956064,-1.314771666608307,1.314771666608307,-0.2585739064876405,0.6521063704999376,-0.5553178338692093,-0.2368862763303714,0.6077853116640998,-0.5258533437475079,1
-0.06073034635196655,-1.0670663074048465,2.426106125540951,-0.42976823769339856,-0.8093134163665643,-0.3608834747841887,1.9093374820217521,-1.9093374820217521,-1.0706067580626215,2.068955180657219,-0.5448116995677182,-0.22376668822285872,0.4108403691425631,-0.410840369142563,-0.5174001701746129,0.83141099321054,-0.49616526081956064,0.7605883404680315,-0.7605883404680315,-0.2585739064876405,0.6521063704999376,-0.5553178338692093,-0.2368862763303714,0.6077853116640998,-0.5258533437475079,0
-0.2750383954978486,-0.11972704139291655,-1.8240956624520681,0.9985044214451204,-0.8093134163665643,-0.3608834747841887,-0.5237418787490222,0.5237418787490222,0.9340497736158585,-0.4833357480863082,-0.5448116995677182,-0.22376668822285872,0.4108403691425631,-0.410840369142563,-0.5174001701746129,-1.2027745701779144,2.015457507742905,0.7605883404680315,-0.7605883404680315,-0.2585739064876405,0.6521063704999376,-0.5553178338692093,-0.2368862763303714,-1.6453178133937247,1.901670897200107,1
0.7965018502315617,-0.3983562372787783,-1.8240956624520681,-1.3026015293891604,-0.8093134163665643,-0.3608834747841887,-0.5237418787490222,0.5237418787490222,0.9340497736158585,-0.4833357480863082,-0.5448116995677182,-0.22376668822285872,0.4108403691425631,-0.410840369142563,-0.5174001701746129,0.83141099321054,-0.49616526081956064,-1.314771666608307,1.314771666608307,3.867366253554276,-1.5334921498057892,-0.5553178338692093,-0.2368862763303714,-1.6453178133937247,1.901670897200107,1
-0.06073034635196655,-0.11972704139291655,-1.8240956624520681,-0.7074879214147773,-0.14864415464247666,-0.3608834747841887,-0.5237418787490222,0.5237418787490222,-1.0706067580626215,2.068955180657219,-0.5448116995677182,-0.22376668822285872,0.4108403691425631,-0.410840369142563,-0.5174001701746129,-1.2027745701779144,2.015457507742905,0.7605883404680315,-0.7605883404680315,3.867366253554276,-1.5334921498057892,-0.5553178338692093,-0.2368862763303714,0.6077853116640998,-0.5258533437475079,0
-1.668040714946082,-1.2342438249363639,-0.044096623036188165,1.1175271430399971,-0.8093134163665643,-0.3608834747841887,-0.5237418787490222,0.5237418787490222,0.9340497736158585,-0.4833357480863082,-0.5448116995677182,-0.22376668822285872,0.4108403691425631,-0.410840369142563,-0.5174001701746129,0.83141099321054,-0.49616526081956064,0.7605883404680315,-0.7605883404680315,-0.2585739064876405,0.6521063704999376,-0.5553178338692093,-0.2368862763303714,0.6077853116640998,-0.5258533437475079,1
-0.7036544937896128,0.3260796720244622,0.5098826698432436,0.7207847377237419,-0.8093134163665643,-0.3608834747841887,-0.5237418787490222,0.5237418787490222,-1.0706067580626215,-0.4833357480863082,1.8354965592579078,-0.22376668822285872,0.4108403691425631,-0.410840369142563,1.9327399905232316,-1.2027745701779144,-0.49616526081956064,0.7605883404680315,-0.7605883404680315,-0.2585739064876405,-1.5334921498057892,1.8007705479804994,-0.2368862763303714,0.6077853116640998,-0.5258533437475079,0
-1.025116567508436,0.9947897421505305,1.917534971422128,1.2762241051664993,-0.8093134163665643,-0.3608834747841887,-0.5237418787490222,0.5237418787490222,0.9340497736158585,-0.4833357480863082,-0.5448116995677182,-0.22376668822285872,0.4108403691425631,-0.410840369142563,-0.5174001701746129,0.83141099321054,-0.49616526081956064,0.7605883404680315,-0.7605883404680315,-0.2585739064876405,0.6521063704999376,-0.5553178338692093,-0.2368862763303714,0.6077853116640998,-0.5258533437475079,0
0.5821938010856796,2.332209882402667,0.437229647826269,0.20501961081260983,-0.8093134163665643,-0.3608834747841887,1.9093374820217521,-1.9093374820217521,0.9340497736158585,-0.4833357480863082,-0.5448116995677182,-0.22376668822285872,0.4108403691425631,-0.410840369142563,-0.5174001701746129,0.83141099321054,-0.49616526081956064,-1.314771666608307,1.314771666608307,-0.2585739064876405,0.6521063704999376,-0.5553178338692093,-0.2368862763303714,0.6077853116640998,-0.5258533437475079,1
-0.5965004692166718,-0.5655337548102956,0.19202569851897938,1.9110119536725079,-0.8093134163665643,-0.3608834747841887,-0.5237418787490222,0.5237418787490222,0.9340497736158585,-0.4833357480863082,-0.5448116995677182,-0.22376668822285872,0.4108403691425631,-0.410840369142563,1.9327399905232316,-1.2027745701779144,-0.49616526081956064,0.7605883404680315,-0.7605883404680315,-0.2585739064876405,-1.5334921498057892,1.8007705479804994,-0.2368862763303714,0.6077853116640998,-0.5258533437475079,0
1.225117948523326,0.43753135037880697,0.9548824296972135,-2.01673785895842,0.6064064301850519,-0.3608834747841887,-0.5237418787490222,0.5237418787490222,0.9340497736158585,-0.4833357480863082,-0.5448116995677182,-0.22376668822285872,-2.434035394542732,2.434035394542732,-0.5174001701746129,0.83141099321054,-0.49616526081956064,-1.314771666608307,1.314771666608307,-0.2585739064876405,0.6521063704999376,-0.5553178338692093,-0.2368862763303714,0.6077853116640998,-0.5258533437475079,1
-1.025116567508436,-0.6769854331646402,0.15569918751049208,-0.905859124072905,-0.8093134163665643,-0.3608834747841887,1.9093374820217521,-1.9093374820217521,0.9340497736158585,-0.4833357480863082,-0.5448116995677182,-0.22376668822285872,0.4108403691425631,-0.410840369142563,-0.5174001701746129,-1.2027745701779144,2.015457507742905,0.7605883404680315,-0.7605883404680315,-0.2585739064876405,0.6521063704999376,-0.5553178338692093,-0.2368862763303714,0.6077853116640998,-0.5258533437475079,0
-1.132270592081377,-0.008275363038571926,0.41906639232202536,0.20501961081260983,-0.7149320932631232,-0.3608834747841887,-0.5237418787490222,0.5237418787490222,0.9340497736158585,-0.4833357480863082,-0.5448116995677182,-0.22376668822285872,-2.434035394542732,2.434035394542732,1.9327399905232316,-1.2027745701779144,-0.49616526081956064,-1.314771666608307,1.314771666608307,-0.2585739064876405,0.6521063704999376,-0.5553178338692093,-0.2368862763303714,-1.6453178133937247,1.901670897200107,1
0.7965018502315617,1.552048133922254,-1.8240956624520681,0.28436809187586093,0.13449981466784652,-0.3608834747841887,-0.5237418787490222,0.5237418787490222,0.9340497736158585,-0.4833357480863082,-0.5448116995677182,-0.22376668822285872,-2.434035394542732,2.434035394542732,-0.5174001701746129,-1.2027745701779144,2.015457507742905,0.7605883404680315,-0.7605883404680315,-0.2585739064876405,0.6521063704999376,-0.5553178338692093,-0.2368862763303714,-1.6453178133937247,1.901670897200107,1
-0.7036544937896128,1.552048133922254,-1.8240956624520681,-0.5487909592882753,-0.8093134163665643,-0.3608834747841887,-0.5237418787490222,0.5237418787490222,0.9340497736158585,-0.4833357480863082,-0.5448116995677182,-0.22376668822285872,0.4108403691425631,-0.410840369142563,-0.5174001701746129,0.83141099321054,-0.49616526081956064,-1.314771666608307,1.314771666608307,-0.2585739064876405,0.6521063704999376,-0.5553178338692093,-0.2368862763303714,-1.6453178133937247,1.901670897200107,1
-1.668040714946082,-2.237308930125466,-0.7615452154538133,-0.15204855397201988,1.550219661219463,-0.3608834747841887,-0.5237418787490222,0.5237418787490222,0.9340497736158585,-0.4833357480863082,-0.5448116995677182,-0.22376668822285872,0.4108403691425631,-0.410840369142563,-0.5174001701746129,0.83141099321054,-0.49616526081956064,-1.314771666608307,1.314771666608307,-0.2585739064876405,0.6521063704999376,-0.5553178338692093,-0.2368862763303714,0.6077853116640998,-0.5258533437475079,1
0.1535777027939155,-0.11972704139291655,0.20110732627110126,0.08599688921773323,-0.3374068008493588,-0.3608834747841887,-0.5237418787490222,0.5237418787490222,-1.0706067580626215,-0.4833357480863082,1.8354965592579078,-0.22376668822285872,0.4108403691425631,-0.410840369142563,-0.5174001701746129,-1.2027745701779144,2.015457507742905,0.7605883404680315,-0.7605883404680315,-0.2585739064876405,0.6521063704999376,-0.5553178338692093,-0.2368862763303714,0.6077853116640998,-0.5258533437475079,0
-0.7036544937896128,1.552048133922254,0.818658013415386,0.800133218786993,2.0221262767366683,-0.3608834747841887,-0.5237418787490222,0.5237418787490222,0.9340497736158585,-0.4833357480863082,-0.5448116995677182,-0.22376668822285872,0.4108403691425631,-0.410840369142563,-0.5174001701746129,-1.2027745701779144,2.015457507742905,-1.314771666608307,1.314771666608307,-0.2585739064876405,0.6521063704999376,-0.5553178338692093,-0.2368862763303714,0.6077853116640998,-0.5258533437475079,1
-0.9179625429354947,-1.1227921465820192,-0.3710352221125743,0.006648408154482164,-0.8093134163665643,-0.3608834747841887,1.9093374820217521,-1.9093374820217521,-1.0706067580626215,2.068955180657219,-0.5448116995677182,-0.22376668822285872,0.4108403691425631,-0.410840369142563,-0.5174001701746129,0.83141099321054,-0.49616526081956064,0.7605883404680315,-0.7605883404680315,-0.2585739064876405,0.6521063704999376,-0.5553178338692093,-0.2368862763303714,0.6077853116640998,-0.5258533437475079,0
-1.668040714946082,0.43753135037880697,0.8731477799281171,0.48273929453398856,-0.8093134163665643,-0.3608834747841887,-0.5237418787490222,0.5237418787490222,-1.0706067580626215,2.068955180657219,-0.5448116995677182,-0.22376668822285872,0.4108403691425631,-0.410840369142563,-0.5174001701746129,0.83141099321054,-0.49616526081956064,0.7605883404680315,-0.7605883404680315,-0.2585739064876405,0.6521063704999376,-0.5553178338692093,-0.2368862763303714,0.6077853116640998,-0.5258533437475079,0
-0.7036544937896128,-1.3456955032907087,0.38273988131353803,0.5620877755972397,-0.8093134163665643,-0.3608834747841887,-0.5237418787490222,0.5237418787490222,-1.0706067580626215,-0.4833357480863082,1.8354965592579078,-0.22376668822285872,0.4108403691425631,-0.410840369142563,-0.5174001701746129,0.83141099321054,-0.49616526081956064,0.7605883404680315,-0.7605883404680315,-0.2585739064876405,-1.5334921498057892,1.8007705479804994,-0.2368862763303714,0.6077853116640998,-0.5258533437475079,1
0.9036558748045028,-0.11972704139291655,-1.8240956624520681,0.08599688921773323,-0.3374068008493588,-0.3608834747841887,-0.5237418787490222,0.5237418787490222,-1.0706067580626215,2.068955180657219,-0.5448116995677182,-0.22376668822285872,0.4108403691425631,-0.410840369142563,-0.5174001701746129,0.83141099321054,-0.49616526081956064,0.7605883404680315,-0.7605883404680315,-0.2585739064876405,0.6521063704999376,-0.5553178338692093,-0.2368862763303714,0.6077853116640998,-0.5258533437475079,0
0.046423678220974374,-0.3983562372787783,0.655188713877193,0.5620877755972397,-0.3374068008493588,1.2542901257743142,-0.5237418787490222,0.5237418787490222,-1.0706067580626215,-0.4833357480863082,1.8354965592579078,-0.22376668822285872,0.4108403691425631,-0.410840369142563,1.9327399905232316,-1.2027745701779144,-0.49616526081956064,0.7605883404680315,-0.7605883404680315,3.867366253554276,-1.5334921498057892,-0.5553178338692093,-0.2368862763303714,0.6077853116640998,-0.5258533437475079,0
-0.2750383954978486,-0.3983562372787783,-0.11674964505316289,0.28436809187586093,-0.8093134163665643,-0.3608834747841887,-0.5237418787490222,0.5237418787490222,-1.0706067580626215,2.068955180657219,-0.5448116995677182,-0.22376668822285872,0.4108403691425631,-0.410840369142563,-0.5174001701746129,0.83141099321054,-0.49616526081956064,0.7605883404680315,-0.7605883404680315,-0.2585739064876405,0.6521063704999376,-0.5553178338692093,-0.2368862763303714,0.6077853116640998,-0.5258533437475079,0
-0.16788437092490754,-0.2311787197472613,0.49171941433899996,0.9191559403818694,-0.8093134163665643,1.2542901257743142,-0.5237418787490222,0.5237418787490222,0.9340497736158585,-0.4833357480863082,-0.5448116995677182,-0.22376668822285872,0.4108403691425631,-0.410840369142563,-0.5174001701746129,0.83141099321054,-0.49616526081956064,-1.314771666608307,1.314771666608307,-0.2585739064876405,-1.5334921498057892,1.8007705479804994,-0.2368862763303714,-1.6453178133937247,1.901670897200107,1
0.5821938010856796,0.43753135037880697,0.7823315024068987,0.48273929453398856,-0.8093134163665643,-0.3608834747841887,-0.5237418787490222,0.5237418787490222,-1.0706067580626215,2.068955180657219,-0.5448116995677182,-0.22376668822285872,0.4108403691425631,-0.410840369142563,-0.5174001701746129,0.83141099321054,-0.49616526081956064,0.7605883404680315,-0.7605883404680315,-0.2585739064876405,0.6521063704999376,-0.5553178338692093,-0.2368862763303714,0.6077853116640998,-0.5258533437475079,0
-0.06073034635196655,-0.11972704139291655,-0.17123941156589387,0.4033908134707376,-0.8093134163665643,-0.3608834747841887,-0.5237418787490222,0.5237418787490222,0.9340497736158585,-0.4833357480863082,-0.5448116995677182,-0.22376668822285872,0.4108403691425631,-0.410840369142563,-0.5174001701746129,0.83141099321054,-0.49616526081956064,0.7605883404680315,-0.7605883404680315,-0.2585739064876405,0.6521063704999376,-0.5553178338692093,-0.2368862763303714,0.6077853116640998,-0.5258533437475079,0
0.47503977651273854,1.552048133922254,0.09212779324563922,-1.818366656300292,-0.8093134163665643,-0.3608834747841887,-0.5237418787490222,0.5237418787490222,-1.0706067580626215,-0.4833357480863082,1.8354965592579078,-0.22376668822285872,-2.434035394542732,2.434035394542732,-0.5174001701746129,-1.2027745701779144,2.015457507742905,0.7605883404680315,-0.7605883404680315,-0.2585739064876405,0.6521063704999376,-0.5553178338692093,-0.2368862763303714,0.6077853116640998,-0.5258533437475079,1
0.046423678220974374,1.552048133922254,-0.05317825078831004,-0.31074551609852197,0.13449981466784652,-0.3608834747841887,-0.5237418787490222,0.5237418787490222,-1.0706067580626215,2.068955180657219,-0.5448116995677182,-0.22376668822285872,0.4108403691425631,-0.410840369142563,-0.5174001701746129,-1.2027745701779144,2.015457507742905,0.7605883404680315,-0.7605883404680315,-0.2585739064876405,-1.5334921498057892,1.8007705479804994,-0.2368862763303714,0.6077853116640998,-0.5258533437475079,0
-1.882348764091964,-0.6769854331646402,-0.3165454555998433,1.672966510482755,-0.8093134163665643,-0.3608834747841887,-0.5237418787490222,0.5237418787490222,-1.0706067580626215,2.068955180657219,-0.5448116995677182,-0.22376668822285872,0.4108403691425631,-0.410840369142563,-0.5174001701746129,0.83141099321054,-0.49616526081956064,0.7605883404680315,-0.7605883404680315,-0.2585739064876405,0.6521063704999376,-0.5553178338692093,-0.2368862763303714,0.6077853116640998,-0.5258533437475079,0
0.2607317273668565,-0.11972704139291655,-1.8240956624520681,0.08599688921773323,-0.3374068008493588,-0.3608834747841887,-0.5237418787490222,0.5237418787490222,0.9340497736158585,-0.4833357480863082,-0.5448116995677182,-0.22376668822285872,0.4108403691425631,-0.410840369142563,1.9327399905232316,-1.2027745701779144,-0.49616526081956064,0.7605883404680315,-0.7605883404680315,-0.2585739064876405,0.6521063704999376,-0.5553178338692093,-0.2368862763303714,0.6077853116640998,-0.5258533437475079,1
0.9036558748045028,-0.11972704139291655,-0.28021894459135593,-0.7074879214147773,2.0221262767366683,-0.3608834747841887,-0.5237418787490222,0.5237418787490222,0.9340497736158585,-0.4833357480863082,-0.5448116995677182,-0.22376668822285872,0.4108403691425631,-0.410840369142563,-0.5174001701746129,-1.2027745701779144,2.015457507742905,-1.314771666608307,1.314771666608307,-0.2585739064876405,0.6521063704999376,-0.5553178338692093,-0.2368862763303714,0.6077853116640998,-0.5258533437475079,1
0.2607317273668565,0.43753135037880697,-1.8240956624520681,-0.6678136808831519,0.8895503994953752,-0.3608834747841887,-0.5237418787490222,0.5237418787490222,0.9340497736158585,-0.4833357480863082,-0.5448116995677182,-0.22376668822285872,0.4108403691425631,-0.410840369142563,-0.5174001701746129,0.83141099321054,-0.49616526081956064,-1.314771666608307,1.314771666608307,-0.2585739064876405,-1.5334921498057892,1.8007705479804994,-0.2368862763303714,0.6077853116640998,-0.5258533437475079,1
0.2607317273668565,0.9947897421505305,0.11029104874988287,-0.5091167187566498,0.13449981466784652,-0.3608834747841887,-0.5237418787490222,0.5237418787490222,0.9340497736158585,-0.4833357480863082,-0.5448116995677182,-0.22376668822285872,-2.434035394542732,2.434035394542732,-0.5174001701746129,0.83141099321054,-0.49616526081956064,-1.314771666608307,1.314771666608307,-0.2585739064876405,0.6521063704999376,-0.5553178338692093,-0.2368862763303714,0.6077853116640998,-0.5258533437475079,1
0.046423678220974374,0.21462799367011745,0.17386244301473572,0.08599688921773323,2.0221262767366683,-0.3608834747841887,-0.5237418787490222,0.5237418787490222,0.9340497736158585,-0.4833357480863082,-0.5448116995677182,-0.22376668822285872,0.4108403691425631,-0.410840369142563,-0.5174001701746129,0.83141099321054,-0.49616526081956064,-1.314771666608307,1.314771666608307,-0.2585739064876405,0.6521063704999376,-0.5553178338692093,-0.2368862763303714,0.6077853116640998,-0.5258533437475079,1
0.046423678220974374,3.3352749875917693,0.7460049913984114,2.2680801184571373,-0.8093134163665643,1.2542901257743142,-0.5237418787490222,0.5237418787490222,-1.0706067580626215,2.068955180657219,-0.5448116995677182,-0.22376668822285872,0.4108403691425631,-0.410840369142563,1.9327399905232316,-1.2027745701779144,-0.49616526081956064,0.7605883404680315,-0.7605883404680315,-0.2585739064876405,-1.5334921498057892,1.8007705479804994,-0.2368862763303714,-1.6453178133937247,1.901670897200107,1
1.0108098993774437,0.43753135037880697,-0.12583127280528475,0.24469385134423535,2.965939507771079,2.8694637263328175,-0.5237418787490222,0.5237418787490222,0.9340497736158585,-0.4833357480863082,-0.5448116995677182,-0.22376668822285872,0.4108403691425631,-0.410840369142563,1.9327399905232316,-1.2027745701779144,-0.49616526081956064,-1.314771666608307,1.314771666608307,-0.2585739064876405,-1.5334921498057892,1.8007705479804994,-0.2368862763303714,-1.6453178133937247,1.901670897200107,1
-0.5965004692166718,-0.11972704139291655,0.5008010420911219,0.48273929453398856,-0.8093134163665643,2.8694637263328175,-0.5237418787490222,0.5237418787490222,0.9340497736158585,-0.4833357480863082,-0.5448116995677182,-0.22376668822285872,-2.434035394542732,2.434035394542732,1.9327399905232316,-1.2027745701779144,-0.49616526081956064,-1.314771666608307,1.314771666608307,-0.2585739064876405,-1.5334921498057892,1.8007705479804994,-0.2368862763303714,-1.6453178133937247,1.901670897200107,1
-1.132270592081377,-0.6769854331646402,-0.21664755032650307,-0.7074879214147773,1.550219661219463,-0.3608834747841887,-0.5237418787490222,0.5237418787490222,0.9340497736158585,-0.4833357480863082,-0.5448116995677182,-0.22376668822285872,0.4108403691425631,-0.410840369142563,1.9327399905232316,-1.2027745701779144,-0.49616526081956064,-1.314771666608307,1.314771666608307,-0.2585739064876405,0.6521063704999376,-0.5553178338692093,-0.2368862763303714,-1.6453178133937247,1.901670897200107,1
0.1535777027939155,-0.11972704139291655,0.02855639898078637,0.08599688921773323,-0.3374068008493588,-0.3608834747841887,-0.5237418787490222,0.5237418787490222,0.9340497736158585,-0.4833357480863082,-0.5448116995677182,-0.22376668822285872,-2.434035394542732,2.434035394542732,-0.5174001701746129,-1.2027745701779144,2.015457507742905,0.7605883404680315,-0.7605883404680315,-0.2585739064876405,0.6521063704999376,-0.5553178338692093,-0.2368862763303714,0.6077853116640998,-0.5258533437475079,1
1.3322719730962669,-0.6769854331646402,0.9185559186887264,0.5224135350656142,-0.4317881239527999,-0.3608834747841887,-0.5237418787490222,0.5237418787490222,0.9340497736158585,-0.4833357480863082,-0.5448116995677182,-0.22376668822285872,0.4108403691425631,-0.410840369142563,1.9327399905232316,-1.2027745701779144,-0.49616526081956064,0.7605883404680315,-0.7605883404680315,-0.2585739064876405,0.6521063704999376,-0.5553178338692093,-0.2368862763303714,0.6077853116640998,-0.5258533437475079,0
-1.3465786412272591,-1.2342438249363639,-0.2620556890871123,0.800133218786993,-0.8093134163665643,-0.3608834747841887,-0.5237418787490222,0.5237418787490222,0.9340497736158585,-0.4833357480863082,-0.5448116995677182,-0.22376668822285872,0.4108403691425631,-0.410840369142563,1.9327399905232316,-1.2027745701779144,-0.49616526081956064,0.7605883404680315,-0.7605883404680315,-0.2585739064876405,-1.5334921498057892,1.8007705479804994,-0.2368862763303714,-1.6453178133937247,1.901670897200107,1
0.36788575193979756,1.552048133922254,-1.8240956624520681,-1.580321213110539,1.0783130457022572,-0.3608834747841887,-0.5237418787490222,0.5237418787490222,0.9340497736158585,-0.4833357480863082,-0.5448116995677182,-0.22376668822285872,0.4108403691425631,-0.410840369142563,-0.5174001701746129,0.83141099321054,-0.49616526081956064,-1.314771666608307,1.314771666608307,-0.2585739064876405,0.6521063704999376,-0.5553178338692093,-0.2368862763303714,-1.6453178133937247,1.901670897200107,1
-0.5965004692166718,-0.6769854331646402,0.7550866191505332,-0.7074879214147773,-0.8093134163665643,-0.3608834747841887,1.9093374820217521,-1.9093374820217521,-1.0706067580626215,2.068955180657219,-0.5448116995677182,-0.22376668822285872,0.4108403691425631,-0.410840369142563,-0.5174001701746129,0.83141099321054,-0.49616526081956064,0.7605883404680315,-0.7605883404680315,-0.2585739064876405,0.6521063704999376,-0.5553178338692093,-0.2368862763303714,0.6077853116640998,-0.5258533437475079,0
-0.4893464446437307,-0.7884371115189849,-0.4709331273859145,-0.4694424782250241,-0.05426283153903558,4.4846373268913196,-0.5237418787490222,0.5237418787490222,-1.0706067580626215,-0.4833357480863082,1.8354965592579078,-0.22376668822285872,0.4108403691425631,-0.410840369142563,1.9327399905232316,-1.2027745701779144,-0.49616526081956064,0.7605883404680315,-0.7605883404680315,-0.2585739064876405,-1.5334921498057892,1.8007705479804994,-0.2368862763303714,0.6077853116640998,-0.5258533437475079,1
-0.16788437092490754,0.21462799367011745,-0.044096623036188165,1.2365498646348736,-0.7149320932631232,-0.3608834747841887,1.9093374820217521,-1.9093374820217521,-1.0706067580626215,-0.4833357480863082,1.8354965592579078,-0.22376668822285872,0.4108403691425631,-0.410840369142563,1.9327399905232316,-1.2027745701779144,-0.49616526081956064,0.7605883404680315,-0.7605883404680315,-0.2585739064876405,0.6521063704999376,-0.5553178338692093,-0.2368862763303714,0.6077853116640998,-0.5258533437475079,0
-1.3465786412272591,-0.3983562372787783,-1.8240956624520681,1.5142695483562525,0.7007877532884931,-0.3608834747841887,-0.5237418787490222,0.5237418787490222,0.9340497736158585,-0.4833357480863082,-0.5448116995677182,-0.22376668822285872,0.4108403691425631,-0.410840369142563,-0.5174001701746129,0.83141099321054,-0.49616526081956064,0.7605883404680315,-0.7605883404680315,-0.2585739064876405,-1.5334921498057892,1.8007705479804994,-0.2368862763303714,0.6077853116640998,-0.5258533437475079,1
-0.7036544937896128,-0.11972704139291655,0.4735561588347563,1.633292269951129,-0.8093134163665643,-0.3608834747841887,-0.5237418787490222,0.5237418787490222,-1.0706067580626215,-0.4833357480863082,1.8354965592579078,-0.22376668822285872,0.4108403691425631,-0.410840369142563,-0.5174001701746129,0.83141099321054,-0.49616526081956064,0.7605883404680315,-0.7605883404680315,-0.2585739064876405,-1.5334921498057892,1.8007705479804994,-0.2368862763303714,0.6077853116640998,-0.5258533437475079,0
-0.5965004692166718,-0.11972704139291655,0.40090313681778167,1.672966510482755,-0.6205507701596821,-0.3608834747841887,-0.5237418787490222,0.5237418787490222,-1.0706067580626215,2.068955180657219,-0.5448116995677182,-0.22376668822285872,0.4108403691425631,-0.410840369142563,1.9327399905232316,-1.2027745701779144,-0.49616526081956064,0.7605883404680315,-0.7605883404680315,-0.2585739064876405,0.6521063704999376,-0.5553178338692093,-0.2368862763303714,0.6077853116640998,-0.5258533437475079,0
-0.4893464446437307,-0.11972704139291655,0.04671965448503003,1.2762241051664993,-0.8093134163665643,-0.3608834747841887,-0.5237418787490222,0.5237418787490222,0.9340497736158585,-0.4833357480863082,-0.5448116995677182,-0.22376668822285872,0.4108403691425631,-0.410840369142563,-0.5174001701746129,0.83141099321054,-0.49616526081956064,0.7605883404680315,-0.7605883404680315,-0.2585739064876405,0.6521063704999376,-0.5553178338692093,-0.2368862763303714,0.6077853116640998,-0.5258533437475079,1
0.7965018502315617,-0.6769854331646402,0.7369233636462895,-0.11237431344039435,2.965939507771079,-0.3608834747841887,-0.5237418787490222,0.5237418787490222,0.9340497736158585,-0.4833357480863082,-0.5448116995677182,-0.22376668822285872,0.4108403691425631,-0.410840369142563,-0.5174001701746129,-1.2027745701779144,2.015457507742905,-1.314771666608307,1.314771666608307,3.867366253554276,-1.5334921498057892,-0.5553178338692093,4.221434924348927,-1.6453178133937247,-0.5258533437475079,1
1.3322719730962669,-1.1227921465820192,0.546209180851731,0.08599688921773323,0.6064064301850519,-0.3608834747841887,-0.5237418787490222,0.5237418787490222,0.9340497736158585,-0.4833357480863082,-0.5448116995677182,-0.22376668822285872,0.4108403691425631,-0.410840369142563,-0.5174001701746129,0.83141099321054,-0.49616526081956064,0.7605883404680315,-0.7605883404680315,-0.2585739064876405,-1.5334921498057892,1.8007705479804994,-0.2368862763303714,0.6077853116640998,-0.5258533437475079,1
1.225117948523326,0.21462799367011745,0.4281480200741471,0.08599688921773323,2.965939507771079,-0.3608834747841887,-0.5237418787490222,0.5237418787490222,0.9340497736158585,-0.4833357480863082,-0.5448116995677182,-0.22376668822285872,0.4108403691425631,-0.410840369142563,-0.5174001701746129,0.83141099321054,-0.49616526081956064,-1.314771666608307,1.314771666608307,3.867366253554276,-1.5334921498057892,-0.5553178338692093,-0.2368862763303714,0.6077853116640998,-0.5258533437475079,1
1.65373404681509,-0.11972704139291655,0.6370254583729494,0.08599688921773323,-0.3374068008493588,-0.3608834747841887,-0.5237418787490222,0.5237418787490222,-1.0706067580626215,-0.4833357480863082,1.8354965592579078,-0.22376668822285872,0.4108403691425631,-0.410840369142563,1.9327399905232316,-1.2027745701779144,-0.49616526081956064,0.7605883404680315,-0.7605883404680315,-0.2585739064876405,0.6521063704999376,-0.5553178338692093,-0.2368862763303714,0.6077853116640998,-0.5258533437475079,0
0.5821938010856796,2.6665649174657013,0.11029104874988287,-1.5009727320472883,-0.8093134163665643,-0.3608834747841887,-0.5237418787490222,0.5237418787490222,-1.0706067580626215,-0.4833357480863082,1.8354965592579078,-0.22376668822285872,0.4108403691425631,-0.410840369142563,-0.5174001701746129,0.83141099321054,-0.49616526081956064,0.7605883404680315,-0.7605883404680315,-0.2585739064876405,0.6521063704999376,-0.5553178338692093,-0.2368862763303714,0.6077853116640998,-0.5258533437475079,0
1.868042095960972,-1.1227921465820192,-0.4709331273859145,-0.5091167187566498,0.7007877532884931,-0.3608834747841887,1.9093374820217521,-1.9093374820217521,0.9340497736158585,-0.4833357480863082,-0.5448116995677182,-0.22376668822285872,0.4108403691425631,-0.410840369142563,-0.5174001701746129,0.83141099321054,-0.49616526081956064,0.7605883404680315,-0.7605883404680315,-0.2585739064876405,0.6521063704999376,-0.5553178338692093,-0.2368862763303714,0.6077853116640998,-0.5258533437475079,0
-0.38219242007078963,-0.11972704139291655,0.29192360379231963,-0.6678136808831519,1.0783130457022572,-0.3608834747841887,-0.5237418787490222,0.5237418787490222,0.9340497736158585,-0.4833357480863082,-0.5448116995677182,-0.22376668822285872,0.4108403691425631,-0.410840369142563,-0.5174001701746129,0.83141099321054,-0.49616526081956064,-1.314771666608307,1.314771666608307,-0.2585739064876405,0.6521063704999376,-0.5553178338692093,-0.2368862763303714,-1.6453178133937247,1.901670897200107,1
-0.5965004692166718,0.43753135037880697,0.33733174255292875,-0.7868364024780284,-0.8093134163665643,-0.3608834747841887,-0.5237418787490222,0.5237418787490222,-1.0706067580626215,2.068955180657219,-0.5448116995677182,-0.22376668822285872,0.4108403691425631,-0.410840369142563,-0.5174001701746129,0.83141099321054,-0.49616526081956064,0.7605883404680315,-0.7605883404680315,-0.2585739064876405,0.6521063704999376,-0.5553178338692093,-0.2368862763303714,0.6077853116640998,-0.5258533437475079,0
-1.668040714946082,-1.5128730208222254,-1.8240956624520681,1.1175271430399971,1.833363630529786,-0.3608834747841887,1.9093374820217521,-1.9093374820217521,0.9340497736158585,-0.4833357480863082,-0.5448116995677182,-0.22376668822285872,0.4108403691425631,-0.410840369142563,-0.5174001701746129,0.83141099321054,-0.49616526081956064,0.7605883404680315,-0.7605883404680315,-0.2585739064876405,-1.5334921498057892,1.8007705479804994,-0.2368862763303714,0.6077853116640998,-0.5258533437475079,1
0.36788575193979756,1.21769309885922,0.2828419760401978,1.0381786619767457,-0.8093134163665643,1.2542901257743142,-0.5237418787490222,0.5237418787490222,-1.0706067580626215,2.068955180657219,-0.5448116995677182,-0.22376668822285872,0.4108403691425631,-0.410840369142563,1.9327399905232316,-1.2027745701779144,-0.49616526081956064,0.7605883404680315,-0.7605883404680315,-0.2585739064876405,-1.5334921498057892,1.8007705479804994,-0.2368862763303714,0.6077853116640998,-0.5258533437475079,1
0.2607317273668565,-0.6769854331646402,0.3554949980571724,1.2365498646348736,-0.8093134163665643,-0.3608834747841887,-0.5237418787490222,0.5237418787490222,-1.0706067580626215,2.068955180657219,-0.5448116995677182,-0.22376668822285872,0.4108403691425631,-0.410840369142563,-0.5174001701746129,0.83141099321054,-0.49616526081956064,0.7605883404680315,-0.7605883404680315,3.867366253554276,-1.5334921498057892,-0.5553178338692093,-0.2368862763303714,0.6077853116640998,-0.5258533437475079,0
-1.3465786412272591,-0.34263039810160606,0.9548824296972135,0.9985044214451204,-0.8093134163665643,-0.3608834747841887,1.9093374820217521,-1.9093374820217521,-1.0706067580626215,2.068955180657219,-0.5448116995677182,-0.22376668822285872,0.4108403691425631,-0.410840369142563,-0.5174001701746129,0.83141099321054,-0.49616526081956064,0.7605883404680315,-0.7605883404680315,-0.2585739064876405,-1.5334921498057892,1.8007705479804994,-0.2368862763303714,0.6077853116640998,-0.5258533437475079,0
-0.06073034635196655,0.3260796720244622,0.3010052315444414,0.879481699850244,-0.8093134163665643,-0.3608834747841887,1.9093374820217521,-1.9093374820217521,0.9340497736158585,-0.4833357480863082,-0.5448116995677182,-0.22376668822285872,0.4108403691425631,-0.410840369142563,1.9327399905232316,-1.2027745701779144,-0.49616526081956064,0.7605883404680315,-0.7605883404680315,-0.2585739064876405,-1.5334921498057892,1.8007705479804994,-0.2368862763303714,0.6077853116640998,-0.5258533437475079,0
-1.025116567508436,-0.11972704139291655,0.07396453774139557,-0.42976823769339856,-0.8093134163665643,-0.3608834747841887,-0.5237418787490222,0.5237418787490222,0.9340497736158585,-0.4833357480863082,-0.5448116995677182,-0.22376668822285872,0.4108403691425631,-0.410840369142563,-0.5174001701746129,-1.2027745701779144,2.015457507742905,0.7605883404680315,-0.7605883404680315,-0.2585739064876405,0.6521063704999376,-0.5553178338692093,-0.2368862763303714,0.6077853116640998,-0.5258533437475079,0
0.47503977651273854,2.109306525693978,-1.8240956624520681,-1.3026015293891604,-0.8093134163665643,-0.3608834747841887,-0.5237418787490222,0.5237418787490222,0.9340497736158585,-0.4833357480863082,-0.5448116995677182,-0.22376668822285872,0.4108403691425631,-0.410840369142563,-0.5174001701746129,-1.2027745701779144,2.015457507742905,-1.314771666608307,1.314771666608307,-0.2585739064876405,0.6521063704999376,-0.5553178338692093,-0.2368862763303714,0.6077853116640998,-0.5258533437475079,1
1.0108098993774437,0.15890215449294506,0.4644745310826344,1.3555725862297503,-0.8093134163665643,-0.3608834747841887,1.9093374820217521,-1.9093374820217521,-1.0706067580626215,-0.4833357480863082,1.8354965592579078,-0.22376668822285872,0.4108403691425631,-0.410840369142563,1.9327399905232316,-1.2027745701779144,-0.49616526081956064,0.7605883404680315,-0.7605883404680315,-0.2585739064876405,-1.5334921498057892,1.8007705479804994,-0.2368862763303714,0.6077853116640998,-0.5258533437475079,0
-0.2750383954978486,-2.070131412593949,-1.8240956624520681,-0.4694424782250241,1.2670756919091395,-0.3608834747841887,-0.5237418787490222,0.5237418787490222,0.9340497736158585,-0.4833357480863082,-0.5448116995677182,-0.22376668822285872,0.4108403691425631,-0.410840369142563,-0.5174001701746129,0.83141099321054,-0.49616526081956064,0.7605883404680315,-0.7605883404680315,-0.2585739064876405,0.6521063704999376,-0.5553178338692093,-0.2368862763303714,0.6077853116640998,-0.5258533437475079,1
1.5465800222421486,-0.6769854331646402,0.09212779324563922,-0.905859124072905,0.6064064301850519,-0.3608834747841887,1.9093374820217521,-1.9093374820217521,-1.0706067580626215,-0.4833357480863082,1.8354965592579078,-0.22376668822285872,0.4108403691425631,-0.410840369142563,1.9327399905232316,-1.2027745701779144,-0.49616526081956064,0.7605883404680315,-0.7605883404680315,-0.2585739064876405,0.6521063704999376,-0.5553178338692093,-0.2368862763303714,0.6077853116640998,-0.5258533437475079,0
-2.3109648623837282,-2.070131412593949,-1.8240956624520681,-0.42976823769339856,-0.14864415464247666,-0.3608834747841887,-0.5237418787490222,0.5237418787490222,-1.0706067580626215,-0.4833357480863082,-0.5448116995677182,4.468940430507949,0.4108403691425631,-0.410840369142563,-0.5174001701746129,0.83141099321054,-0.49616526081956064,0.7605883404680315,-0.7605883404680315,-0.2585739064876405,-1.5334921498057892,1.8007705479804994,-0.2368862763303714,0.6077853116640998,-0.5258533437475079,1
0.2607317273668565,-0.34263039810160606,-0.3165454555998433,0.08599688921773323,-0.8093134163665643,-0.3608834747841887,-0.5237418787490222,0.5237418787490222,-1.0706067580626215,2.068955180657219,-0.5448116995677182,-0.22376668822285872,0.4108403691425631,-0.410840369142563,-0.5174001701746129,-1.2027745701779144,2.015457507742905,0.7605883404680315,-0.7605883404680315,-0.2585739064876405,0.6521063704999376,-0.5553178338692093,-0.2368862763303714,0.6077853116640998,-0.5258533437475079,0
1.225117948523326,1.552048133922254,-1.8240956624520681,-0.6281394403515264,-0.3374068008493588,-0.3608834747841887,-0.5237418787490222,0.5237418787490222,0.9340497736158585,-0.4833357480863082,-0.5448116995677182,-0.22376668822285872,-2.434035394542732,2.434035394542732,-0.5174001701746129,-1.2027745701779144,2.015457507742905,0.7605883404680315,-0.7605883404680315,-0.2585739064876405,0.6521063704999376,-0.5553178338692093,-0.2368862763303714,-1.6453178133937247,1.901670897200107,1
-1.668040714946082,-0.6769854331646402,0.6733519693814367,-0.3504197566301475,-0.8093134163665643,-0.3608834747841887,1.9093374820217521,-1.9093374820217521,-1.0706067580626215,2.068955180657219,-0.5448116995677182,-0.22376668822285872,0.4108403691425631,-0.410840369142563,-0.5174001701746129,0.83141099321054,-0.49616526081956064,0.7605883404680315,-0.7605883404680315,-0.2585739064876405,0.6521063704999376,-0.5553178338692093,-0.2368862763303714,0.6077853116640998,-0.5258533437475079,0
0.5821938010856796,-0.11972704139291655,1.0638619627226757,-0.7074879214147773,0.13449981466784652,-0.3608834747841887,-0.5237418787490222,0.5237418787490222,-1.0706067580626215,-0.4833357480863082,1.8354965592579078,-0.22376668822285872,0.4108403691425631,-0.410840369142563,-0.5174001701746129,0.83141099321054,-0.49616526081956064,-1.314771666608307,1.314771666608307,-0.2585739064876405,0.6521063704999376,-0.5553178338692093,-0.2368862763303714,0.6077853116640998,-0.5258533437475079,0
-0.8108085183625539,0.43753135037880697,1.000290568457823,-0.7074879214147773,0.8895503994953752,2.8694637263328175,-0.5237418787490222,0.5237418787490222,0.9340497736158585,-0.4833357480863082,-0.5448116995677182,-0.22376668822285872,0.4108403691425631,-0.410840369142563,-0.5174001701746129,0.83141099321054,-0.49616526081956064,-1.314771666608307,1.314771666608307,-0.2585739064876405,0.6521063704999376,-0.5553178338692093,-0.2368862763303714,-1.6453178133937247,1.901670897200107,1
-0.38219242007078963,0.43753135037880697,1.272739401021478,-0.5091167187566498,1.550219661219463,-0.3608834747841887,-0.5237418787490222,0.5237418787490222,0.9340497736158585,-0.4833357480863082,-0.5448116995677182,-0.22376668822285872,0.4108403691425631,-0.410840369142563,-0.5174001701746129,-1.2027745701779144,2.015457507742905,-1.314771666608307,1.314771666608307,-0.2585739064876405,0.6521063704999376,-0.5553178338692093,-0.2368862763303714,0.6077853116640998,-0.5258533437475079,1
1.0108098993774437,0.43753135037880697,-0.05317825078831004,1.633292269951129,-0.8093134163665643,2.8694637263328175,1.9093374820217521,-1.9093374820217521,-1.0706067580626215,2.068955180657219,-0.5448116995677182,-0.22376668822285872,0.4108403691425631,-0.410840369142563,-0.5174001701746129,0.83141099321054,-0.49616526081956064,0.7605883404680315,-0.7605883404680315,-0.2585739064876405,-1.5334921498057892,1.8007705479804994,-0.2368862763303714,0.6077853116640998,-0.5258533437475079,0
-0.2750383954978486,-0.6769854331646402,-1.8240956624520681,-1.3422757699207861,-0.8093134163665643,-0.3608834747841887,-0.5237418787490222,0.5237418787490222,0.9340497736158585,-0.4833357480863082,-0.5448116995677182,-0.22376668822285872,-2.434035394542732,2.434035394542732,-0.5174001701746129,0.83141099321054,-0.49616526081956064,0.7605883404680315,-0.7605883404680315,-0.2585739064876405,0.6521063704999376,-0.5553178338692093,-0.2368862763303714,0.6077853116640998,-0.5258533437475079,1
0.1535777027939155,0.43753135037880697,0.8549845244238734,-0.0727000729087688,-0.8093134163665643,-0.3608834747841887,-0.5237418787490222,0.5237418787490222,-1.0706067580626215,-0.4833357480863082,-0.5448116995677182,4.468940430507949,0.4108403691425631,-0.410840369142563,-0.5174001701746129,0.83141099321054,-0.49616526081956064,0.7605883404680315,-0.7605883404680315,-0.2585739064876405,0.6521063704999376,-0.5553178338692093,-0.2368862763303714,0.6077853116640998,-0.5258533437475079,1
-2.3109648623837282,-1.5128730208222254,-0.025933367531944508,1.0778529025083714,-0.8093134163665643,-0.3608834747841887,1.9093374820217521,-1.9093374820217521,-1.0706067580626215,2.068955180657219,-0.5448116995677182,-0.22376668822285872,0.4108403691425631,-0.410840369142563,-0.5174001701746129,0.83141099321054,-0.49616526081956064,0.7605883404680315,-0.7605883404680315,-0.2585739064876405,0.6521063704999376,-0.5553178338692093,-0.2368862763303714,0.6077853116640998,-0.5258533437475079,0
0.046423678220974374,1.552048133922254,0.9458008019450918,1.474595307824627,-0.8093134163665643,-0.3608834747841887,-0.5237418787490222,0.5237418787490222,-1.0706067580626215,2.068955180657219,-0.5448116995677182,-0.22376668822285872,0.4108403691425631,-0.410840369142563,-0.5174001701746129,0.83141099321054,-0.49616526081956064,0.7605883404680315,-0.7605883404680315,-0.2585739064876405,0.6521063704999376,-0.5553178338692093,-0.2368862763303714,0.6077853116640998,-0.5258533437475079,0
-1.4537326658002,1.1062414205048754,0.20110732627110126,1.71264075101438,-0.8093134163665643,-0.3608834747841887,-0.5237418787490222,0.5237418787490222,0.9340497736158585,-0.4833357480863082,-0.5448116995677182,-0.22376668822285872,0.4108403691425631,-0.410840369142563,-0.5174001701746129,0.83141099321054,-0.49616526081956064,0.7605883404680315,-0.7605883404680315,-0.2585739064876405,-1.5334921498057892,1.8007705479804994,-0.2368862763303714,-1.6453178133937247,1.901670897200107,1
0.1535777027939155,0.43753135037880697,0.2555970927838323,-1.104230326731033,-0.3374068008493588,-0.3608834747841887,-0.5237418787490222,0.5237418787490222,0.9340497736158585,-0.4833357480863082,-0.5448116995677182,-0.22376668822285872,0.4108403691425631,-0.410840369142563,-0.5174001701746129,0.83141099321054,-0.49616526081956064,-1.314771666608307,1.314771666608307,-0.2585739064876405,0.6521063704999376,-0.5553178338692093,-0.2368862763303714,0.6077853116640998,-0.5258533437475079,0
0.47503977651273854,-1.7915022167080872,0.11029104874988287,-1.104230326731033,-0.8093134163665643,-0.3608834747841887,-0.5237418787490222,0.5237418787490222,0.9340497736158585,-0.4833357480863082,-0.5448116995677182,-0.22376668822285872,0.4108403691425631,-0.410840369142563,-0.5174001701746129,-1.2027745701779144,2.015457507742905,0.7605883404680315,-0.7605883404680315,-0.2585739064876405,0.6521063704999376,-0.5553178338692093,-0.2368862763303714,0.6077853116640998,-0.5258533437475079,0
1.0108098993774437,-0.11972704139291655,0.4826377865868781,0.36371657293911197,0.5120251070816108,1.2542901257743142,-0.5237418787490222,0.5237418787490222,0.9340497736158585,-0.4833357480863082,-0.5448116995677182,-0.22376668822285872,0.4108403691425631,-0.410840369142563,1.9327399905232316,-1.2027745701779144,-0.49616526081956064,0.7605883404680315,-0.7605883404680315,-0.2585739064876405,0.6521063704999376,-0.5553178338692093,-0.2368862763303714,-1.6453178133937247,1.901670897200107,1
0.1535777027939155,-0.8998887898733297,-0.13491290055740657,-1.421624250984037,-0.8093134163665643,-0.3608834747841887,-0.5237418787490222,0.5237418787490222,0.9340497736158585,-0.4833357480863082,-0.5448116995677182,-0.22376668822285872,-2.434035394542732,2.434035394542732,-0.5174001701746129,-1.2027745701779144,2.015457507742905,0.7605883404680315,-0.7605883404680315,-0.2585739064876405,0.6521063704999376,-0.5553178338692093,-0.2368862763303714,0.6077853116640998,-0.5258533437475079,1
2.1895041696797954,0.43753135037880697,0.32825011480080696,-1.7390181752370413,-0.8093134163665643,-0.3608834747841887,-0.5237418787490222,0.5237418787490222,-1.0706067580626215,-0.4833357480863082,1.8354965592579078,-0.22376668822285872,-2.434035394542732,2.434035394542732,-0.5174001701746129,0.83141099321054,-0.49616526081956064,0.7605883404680315,-0.7605883404680315,-0.2585739064876405,0.6521063704999376,-0.5553178338692093,-0.2368862763303714,0.6077853116640998,-0.5258533437475079,1
1.65373404681509,-0.11972704139291655,0.20110732627110126,0.08599688921773323,-0.3374068008493588,-0.3608834747841887,-0.5237418787490222,0.5237418787490222,0.9340497736158585,-0.4833357480863082,-0.5448116995677182,-0.22376668822285872,-2.434035394542732,2.434035394542732,-0.5174001701746129,0.83141099321054,-0.49616526081956064,0.7605883404680315,-0.7605883404680315,-0.2585739064876405,0.6521063704999376,-0.5553178338692093,-0.2368862763303714,0.6077853116640998,-0.5258533437475079,1
-2.6324269361025516,0.43753135037880697,0.20110732627110126,1.2762241051664993,-0.8093134163665643,-0.3608834747841887,-0.5237418787490222,0.5237418787490222,-1.0706067580626215,2.068955180657219,-0.5448116995677182,-0.22376668822285872,0.4108403691425631,-0.410840369142563,-0.5174001701746129,0.83141099321054,-0.49616526081956064,0.7605883404680315,-0.7605883404680315,-0.2585739064876405,0.6521063704999376,-0.5553178338692093,-0.2368862763303714,0.6077853116640998,-0.5258533437475079,0
0.2607317273668565,-0.6769854331646402,0.7096784803899241,0.48273929453398856,0.13449981466784652,-0.3608834747841887,1.9093374820217521,-1.9093374820217521,-1.0706067580626215,2.068955180657219,-0.5448116995677182,-0.22376668822285872,0.4108403691425631,-0.410840369142563,-0.5174001701746129,0.83141099321054,-0.49616526081956064,0.7605883404680315,-0.7605883404680315,-0.2585739064876405,0.6521063704999376,-0.5553178338692093,-0.2368862763303714,0.6077853116640998,-0.5258533437475079,1
-0.38219242007078963,0.7161605462646687,-1.8240956624520681,0.0463226486861077,-0.14864415464247666,-0.3608834747841887,-0.5237418787490222,0.5237418787490222,0.9340497736158585,-0.4833357480863082,-0.5448116995677182,-0.22376668822285872,0.4108403691425631,-0.410840369142563,-0.5174001701746129,0.83141099321054,-0.49616526081956064,-1.314771666608307,1.314771666608307,-0.2585739064876405,0.6521063704999376,-0.5553178338692093,-0.2368862763303714,0.6077853116640998,-0.5258533437475079,1
1.4394259976692079,1.552048133922254,0.7732498746547769,-1.1835788077942841,0.6064064301850519,4.4846373268913196,-0.5237418787490222,0.5237418787490222,0.9340497736158585,-0.4833357480863082,-0.5448116995677182,-0.22376668822285872,0.4108403691425631,-0.410840369142563,1.9327399905232316,-1.2027745701779144,-0.49616526081956064,-1.314771666608307,1.314771666608307,-0.2585739064876405,0.6521063704999376,-0.5553178338692093,-0.2368862763303714,0.6077853116640998,-0.5258533437475079,1
1.225117948523326,2.109306525693978,0.5643724363559747,-1.0248818456677817,1.0783130457022572,-0.3608834747841887,-0.5237418787490222,0.5237418787490222,0.9340497736158585,-0.4833357480863082,-0.5448116995677182,-0.22376668822285872,-2.434035394542732,2.434035394542732,-0.5174001701746129,0.83141099321054,-0.49616526081956064,-1.314771666608307,1.314771666608307,-0.2585739064876405,0.6521063704999376,-0.5553178338692093,-0.2368862763303714,0.6077853116640998,-0.5258533437475079,1
-1.025116567508436,-0.11972704139291655,0.29192360379231963,1.633292269951129,-0.4317881239527999,-0.3608834747841887,-0.5237418787490222,0.5237418787490222,-1.0706067580626215,-0.4833357480863082,1.8354965592579078,-0.22376668822285872,0.4108403691425631,-0.410840369142563,-0.5174001701746129,0.83141099321054,-0.49616526081956064,-1.314771666608307,1.314771666608307,-0.2585739064876405,-1.5334921498057892,1.8007705479804994,-0.2368862763303714,0.6077853116640998,-0.5258533437475079,0
0.5821938010856796,-0.11972704139291655,-1.8240956624520681,-0.3900939971617731,1.0783130457022572,-0.3608834747841887,-0.5237418787490222,0.5237418787490222,-1.0706067580626215,-0.4833357480863082,1.8354965592579078,-0.22376668822285872,0.4108403691425631,-0.410840369142563,-0.5174001701746129,0.83141099321054,-0.49616526081956064,-1.314771666608307,1.314771666608307,3.867366253554276,-1.5334921498057892,-0.5553178338692093,-0.2368862763303714,0.6077853116640998,-0.5258533437475079,1
1.0108098993774437,0.9947897421505305,-1.8240956624520681,-2.0564120994900454,1.0783130457022572,-0.3608834747841887,-0.5237418787490222,0.5237418787490222,0.9340497736158585,-0.4833357480863082,-0.5448116995677182,-0.22376668822285872,0.4108403691425631,-0.410840369142563,-0.5174001701746129,0.83141099321054,-0.49616526081956064,-1.314771666608307,1.314771666608307,-0.2585739064876405,0.6521063704999376,-0.5553178338692093,-0.2368862763303714,0.6077853116640998,-0.5258533437475079,1
-1.2394246166543181,0.21462799367011745,1.0366170794663103,-0.5091167187566498,0.8895503994953752,-0.3608834747841887,-0.5237418787490222,0.5237418787490222,0.9340497736158585,-0.4833357480863082,-0.5448116995677182,-0.22376668822285872,0.4108403691425631,-0.410840369142563,-0.5174001701746129,0.83141099321054,-0.49616526081956064,-1.314771666608307,1.314771666608307,-0.2585739064876405,0.6521063704999376,-0.5553178338692093,4.221434924348927,-1.6453178133937247,-0.5258533437475079,1
-1.2394246166543181,0.10317631531577283,0.3554949980571724,0.879481699850244,-0.8093134163665643,-0.3608834747841887,-0.5237418787490222,0.5237418787490222,-1.0706067580626215,-0.4833357480863082,1.8354965592579078,-0.22376668822285872,0.4108403691425631,-0.410840369142563,-0.5174001701746129,0.83141099321054,-0.49616526081956064,0.7605883404680315,-0.7605883404680315,-0.2585739064876405,0.6521063704999376,-0.5553178338692093,-0.2368862763303714,0.6077853116640998,-0.5258533437475079,0
-0.06073034635196655,-1.5128730208222254,-1.8240956624520681,-0.905859124072905,-0.8093134163665643,-0.3608834747841887,-0.5237418787490222,0.5237418787490222,-1.0706067580626215,-0.4833357480863082,1.8354965592579078,-0.22376668822285872,0.4108403691425631,-0.410840369142563,-0.5174001701746129,0.83141099321054,-0.49616526081956064,0.7605883404680315,-0.7605883404680315,-0.2585739064876405,0.6521063704999376,-0.5553178338692093,-0.2368862763303714,-1.6453178133937247,1.901670897200107,1
1.117963923950385,-1.2342438249363639,0.09212779324563922,0.24469385134423535,0.8895503994953752,-0.3608834747841887,-0.5237418787490222,0.5237418787490222,-1.0706067580626215,-0.4833357480863082,-0.5448116995677182,4.468940430507949,0.4108403691425631,-0.410840369142563,1.9327399905232316,-1.2027745701779144,-0.49616526081956064,-1.314771666608307,1.314771666608307,-0.2585739064876405,0.6521063704999376,-0.5553178338692093,-0.2368862763303714,0.6077853116640998,-0.5258533437475079,0
-1.7751947395190233,-0.11972704139291655,1.0366170794663103,0.800133218786993,-0.8093134163665643,-0.3608834747841887,-0.5237418787490222,0.5237418787490222,0.9340497736158585,-0.4833357480863082,-0.5448116995677182,-0.22376668822285872,0.4108403691425631,-0.410840369142563,-0.5174001701746129,0.83141099321054,-0.49616526081956064,0.7605883404680315,-0.7605883404680315,-0.2585739064876405,0.6521063704999376,-0.5553178338692093,-0.2368862763303714,0.6077853116640998,-0.5258533437475079,0
-0.06073034635196655,-0.11972704139291655,0.40998476456990346,1.3952468267613758,-0.8093134163665643,4.4846373268913196,-0.5237418787490222,0.5237418787490222,-1.0706067580626215,-0.4833357480863082,1.8354965592579078,-0.22376668822285872,-2.434035394542732,2.434035394542732,1.9327399905232316,-1.2027745701779144,-0.49616526081956064,0.7605883404680315,-0.7605883404680315,-0.2585739064876405,-1.5334921498057892,1.8007705479804994,-0.2368862763303714,0.6077853116640998,-0.5258533437475079,0
-1.2394246166543181,-0.11972704139291655,-0.18940266707013761,0.48273929453398856,-0.8093134163665643,-0.3608834747841887,-0.5237418787490222,0.5237418787490222,-1.0706067580626215,-0.4833357480863082,1.8354965592579078,-0.22376668822285872,0.4108403691425631,-0.410840369142563,-0.5174001701746129,0.83141099321054,-0.49616526081956064,0.7605883404680315,-0.7605883404680315,-0.2585739064876405,-1.5334921498057892,1.8007705479804994,-0.2368862763303714,0.6077853116640998,-0.5258533437475079,0
0.046423678220974374,-0.6769854331646402,0.40998476456990346,-1.104230326731033,-0.8093134163665643,-0.3608834747841887,-0.5237418787490222,0.5237418787490222,-1.0706067580626215,2.068955180657219,-0.5448116995677182,-0.22376668822285872,0.4108403691425631,-0.410840369142563,-0.5174001701746129,0.83141099321054,-0.49616526081956064,0.7605883404680315,-0.7605883404680315,-0.2585739064876405,0.6521063704999376,-0.5553178338692093,-0.2368862763303714,0.6077853116640998,-0.5258533437475079,0
1.117963923950385,-0.11972704139291655,0.9548824296972135,0.08599688921773323,-0.3374068008493588,-0.3608834747841887,-0.5237418787490222,0.5237418787490222,0.9340497736158585,-0.4833357480863082,-0.5448116995677182,-0.22376668822285872,-2.434035394542732,2.434035394542732,-0.5174001701746129,-1.2027745701779144,2.015457507742905,0.7605883404680315,-0.7605883404680315,-0.2585739064876405,0.6521063704999376,-0.5553178338692093,-0.2368862763303714,0.6077853116640998,-0.5258533437475079,1
-0.16788437092490754,0.43753135037880697,0.5280459253474873,1.2762241051664993,-0.8093134163665643,-0.3608834747841887,-0.5237418787490222,0.5237418787490222,-1.0706067580626215,-0.4833357480863082,1.8354965592579078,-0.22376668822285872,0.4108403691425631,-0.410840369142563,-0.5174001701746129,-1.2027745701779144,2.015457507742905,0.7605883404680315,-0.7605883404680315,-0.2585739064876405,0.6521063704999376,-0.5553178338692093,-0.2368862763303714,0.6077853116640998,-0.5258533437475079,0
-0.06073034635196655,-0.11972704139291655,-1.8240956624520681,-0.11237431344039435,0.13449981466784652,-0.3608834747841887,-0.5237418787490222,0.5237418787490222,0.9340497736158585,-0.4833357480863082,-0.5448116995677182,-0.22376668822285872,0.4108403691425631,-0.410840369142563,1.9327399905232316,-1.2027745701779144,-0.49616526081956064,-1.314771666608307,1.314771666608307,-0.2585739064876405,0.6521063704999376,-0.5553178338692093,-0.2368862763303714,-1.6453178133937247,1.901670897200107,1
0.046423678220974374,1.552048133922254,0.001311515724420834,0.9985044214451204,-0.8093134163665643,1.2542901257743142,1.9093374820217521,-1.9093374820217521,-1.0706067580626215,-0.4833357480863082,1.8354965592579078,-0.22376668822285872,0.4108403691425631,-0.410840369142563,-0.5174001701746129,0.83141099321054,-0.49616526081956064,0.7605883404680315,-0.7605883404680315,-0.2585739064876405,-1.5334921498057892,1.8007705479804994,-0.2368862763303714,0.6077853116640998,-0.5258533437475079,0
0.1535777027939155,-1.2342438249363639,1.2999842842778433,0.879481699850244,-0.8093134163665643,-0.3608834747841887,1.9093374820217521,-1.9093374820217521,-1.0706067580626215,2.068955180657219,-0.5448116995677182,-0.22376668822285872,0.4108403691425631,-0.410840369142563,-0.5174001701746129,-1.2027745701779144,2.015457507742905,0.7605883404680315,-0.7605883404680315,-0.2585739064876405,0.6521063704999376,-0.5553178338692093,-0.2368862763303714,0.6077853116640998,-0.5258533437475079,0
0.1535777027939155,-0.008275363038571926,1.2818210287735998,1.1175271430399971,0.3232624608747286,-0.3608834747841887,1.9093374820217521,-1.9093374820217521,-1.0706067580626215,2.068955180657219,-0.5448116995677182,-0.22376668822285872,0.4108403691425631,-0.410840369142563,-0.5174001701746129,0.83141099321054,-0.49616526081956064,0.7605883404680315,-0.7605883404680315,-0.2585739064876405,-1.5334921498057892,1.8007705479804994,-0.2368862763303714,0.6077853116640998,-0.5258533437475079,0
0.5821938010856796,0.3260796720244622,0.6370254583729494,1.7523149915460057,-0.8093134163665643,-0.3608834747841887,-0.5237418787490222,0.5237418787490222,0.9340497736158585,-0.4833357480863082,-0.5448116995677182,-0.22376668822285872,0.4108403691425631,-0.410840369142563,1.9327399905232316,-1.2027745701779144,-0.49616526081956064,0.7605883404680315,-0.7605883404680315,-0.2585739064876405,-1.5334921498057892,1.8007705479804994,-0.2368862763303714,0.6077853116640998,-0.5258533437475079,0
1.117963923950385,0.9947897421505305,-0.0713415062925537,-0.11237431344039435,-0.3374068008493588,-0.3608834747841887,-0.5237418787490222,0.5237418787490222,0.9340497736158585,-0.4833357480863082,-0.5448116995677182,-0.22376668822285872,0.4108403691425631,-0.410840369142563,-0.5174001701746129,-1.2027745701779144,2.015457507742905,-1.314771666608307,1.314771666608307,-0.2585739064876405,0.6521063704999376,-0.5553178338692093,-0.2368862763303714,0.6077853116640998,-0.5258533437475079,1
-0.5965004692166718,-1.2342438249363639,0.09212779324563922,0.006648408154482164,-0.8093134163665643,-0.3608834747841887,-0.5237418787490222,0.5237418787490222,-1.0706067580626215,-0.4833357480863082,1.8354965592579078,-0.22376668822285872,0.4108403691425631,-0.410840369142563,-0.5174001701746129,0.83141099321054,-0.49616526081956064,0.7605883404680315,-0.7605883404680315,-0.2585739064876405,0.6521063704999376,-0.5553178338692093,4.221434924348927,-1.6453178133937247,-0.5258533437475079,0
-0.16788437092490754,-0.2311787197472613,0.02855639898078637,0.7207847377237419,0.13449981466784652,-0.3608834747841887,-0.5237418787490222,0.5237418787490222,0.9340497736158585,-0.4833357480863082,-0.5448116995677182,-0.22376668822285872,-2.434035394542732,2.434035394542732,-0.5174001701746129,0.83141099321054,-0.49616526081956064,-1.314771666608307,1.314771666608307,-0.2585739064876405,0.6521063704999376,-0.5553178338692093,-0.2368862763303714,0.6077853116640998,-0.5258533437475079,1
-0.7036544937896128,1.552048133922254,0.5643724363559747,1.4349210672930013,-0.8093134163665643,-0.3608834747841887,-0.5237418787490222,0.5237418787490222,-1.0706067580626215,2.068955180657219,-0.5448116995677182,-0.22376668822285872,0.4108403691425631,-0.410840369142563,-0.5174001701746129,0.83141099321054,-0.49616526081956064,0.7605883404680315,-0.7605883404680315,-0.2585739064876405,0.6521063704999376,-0.5553178338692093,-0.2368862763303714,0.6077853116640998,-0.5258533437475079,0
1.4394259976692079,-0.6769854331646402,-1.8240956624520681,0.48273929453398856,0.6064064301850519,-0.3608834747841887,-0.5237418787490222,0.5237418787490222,0.9340497736158585,-0.4833357480863082,-0.5448116995677182,-0.22376668822285872,-2.434035394542732,2.434035394542732,-0.5174001701746129,0.83141099321054,-0.49616526081956064,0.7605883404680315,-0.7605883404680315,3.867366253554276,-1.5334921498057892,-0.5553178338692093,-0.2368862763303714,0.6077853116640998,-0.5258533437475079,1
-1.4537326658002,0.9947897421505305,1.7359024163796914,-0.31074551609852197,1.0783130457022572,-0.3608834747841887,1.9093374820217521,-1.9093374820217521,0.9340497736158585,-0.4833357480863082,-0.5448116995677182,-0.22376668822285872,0.4108403691425631,-0.410840369142563,-0.5174001701746129,0.83141099321054,-0.49616526081956064,0.7605883404680315,-0.7605883404680315,-0.2585739064876405,0.6521063704999376,-0.5553178338692093,4.221434924348927,-1.6453178133937247,-0.5258533437475079,1
-1.2394246166543181,-1.5128730208222254,-1.8240956624520681,-0.3900939971617731,-2.22503326291818,-0.3608834747841887,-0.5237418787490222,0.5237418787490222,0.9340497736158585,-0.4833357480863082,-0.5448116995677182,-0.22376668822285872,0.4108403691425631,-0.410840369142563,-0.5174001701746129,0.83141099321054,-0.49616526081956064,-1.314771666608307,1.314771666608307,3.867366253554276,-1.5334921498057892,-0.5553178338692093,-0.2368862763303714,0.6077853116640998,-0.5258533437475079,1
-1.3465786412272591,-0.3983562372787783,0.6188622028687057,0.24469385134423535,-0.8093134163665643,-0.3608834747841887,-0.5237418787490222,0.5237418787490222,-1.0706067580626215,2.068955180657219,-0.5448116995677182,-0.22376668822285872,0.4108403691425631,-0.410840369142563,-0.5174001701746129,0.83141099321054,-0.49616526081956064,0.7605883404680315,-0.7605883404680315,-0.2585739064876405,0.6521063704999376,-0.5553178338692093,-0.2368862763303714,0.6077853116640998,-0.5258533437475079,0
-0.06073034635196655,-0.2311787197472613,0.13753593200624842,-0.905859124072905,-0.8093134163665643,-0.3608834747841887,1.9093374820217521,-1.9093374820217521,-1.0706067580626215,-0.4833357480863082,1.8354965592579078,-0.22376668822285872,0.4108403691425631,-0.410840369142563,1.9327399905232316,-1.2027745701779144,-0.49616526081956064,0.7605883404680315,-0.7605883404680315,-0.2585739064876405,-1.5334921498057892,1.8007705479804994,-0.2368862763303714,0.6077853116640998,-0.5258533437475079,0
0.5821938010856796,0.15890215449294506,0.3010052315444414,0.9191559403818694,-0.3374068008493588,-0.3608834747841887,-0.5237418787490222,0.5237418787490222,0.9340497736158585,-0.4833357480863082,-0.5448116995677182,-0.22376668822285872,0.4108403691425631,-0.410840369142563,-0.5174001701746129,0.83141099321054,-0.49616526081956064,0.7605883404680315,-0.7605883404680315,-0.2585739064876405,0.6521063704999376,-0.5553178338692093,-0.2368862763303714,-1.6453178133937247,1.901670897200107,0
0.36788575193979756,-2.070131412593949,-1.8240956624520681,1.7523149915460057,-0.14864415464247666,-0.3608834747841887,-0.5237418787490222,0.5237418787490222,0.9340497736158585,-0.4833357480863082,-0.5448116995677182,-0.22376668822285872,0.4108403691425631,-0.410840369142563,-0.5174001701746129,0.83141099321054,-0.49616526081956064,0.7605883404680315,-0.7605883404680315,3.867366253554276,-1.5334921498057892,-0.5553178338692093,-0.2368862763303714,0.6077853116640998,-0.5258533437475079,1
-0.8108085183625539,0.43753135037880697,0.6733519693814367,1.0778529025083714,-0.8093134163665643,-0.3608834747841887,-0.5237418787490222,0.5237418787490222,-1.0706067580626215,2.068955180657219,-0.5448116995677182,-0.22376668822285872,0.4108403691425631,-0.410840369142563,-0.5174001701746129,0.83141099321054,-0.49616526081956064,-1.314771666608307,1.314771666608307,-0.2585739064876405,0.6521063704999376,-0.5553178338692093,-0.2368862763303714,0.6077853116640998,-0.5258533437475079,0
-0.9179625429354947,0.5489830287331516,0.9821273129535791,0.36371657293911197,-0.8093134163665643,4.4846373268913196,-0.5237418787490222,0.5237418787490222,0.9340497736158585,-0.4833357480863082,-0.5448116995677182,-0.22376668822285872,0.4108403691425631,-0.410840369142563,1.9327399905232316,-1.2027745701779144,-0.49616526081956064,-1.314771666608307,1.314771666608307,-0.2585739064876405,0.6521063704999376,-0.5553178338692093,-0.2368862763303714,-1.6453178133937247,1.901670897200107,1
-2.0966568132378463,0.9947897421505305,0.11937267650200474,1.196875624103248,-0.8093134163665643,-0.3608834747841887,-0.5237418787490222,0.5237418787490222,-1.0706067580626215,2.068955180657219,-0.5448116995677182,-0.22376668822285872,0.4108403691425631,-0.410840369142563,-0.5174001701746129,-1.2027745701779144,2.015457507742905,0.7605883404680315,-0.7605883404680315,-0.2585739064876405,0.6521063704999376,-0.5553178338692093,-0.2368862763303714,0.6077853116640998,-0.5258533437475079,0
-1.2394246166543181,0.7161605462646687,-1.8240956624520681,-1.5406469725789136,-0.8093134163665643,-0.3608834747841887,-0.5237418787490222,0.5237418787490222,0.9340497736158585,-0.4833357480863082,-0.5448116995677182,-0.22376668822285872,0.4108403691425631,-0.410840369142563,-0.5174001701746129,0.83141099321054,-0.49616526081956064,-1.314771666608307,1.314771666608307,-0.2585739064876405,0.6521063704999376,-0.5553178338692093,-0.2368862763303714,0.6077853116640998,-0.5258533437475079,1
0.046423678220974374,-0.6769854331646402,-1.8240956624520681,0.6811104971921162,-0.8093134163665643,-0.3608834747841887,-0.5237418787490222,0.5237418787490222,0.9340497736158585,-0.4833357480863082,-0.5448116995677182,-0.22376668822285872,0.4108403691425631,-0.410840369142563,-0.5174001701746129,0.83141099321054,-0.49616526081956064,0.7605883404680315,-0.7605883404680315,-0.2585739064876405,0.6521063704999376,-0.5553178338692093,-0.2368862763303714,-1.6453178133937247,1.901670897200107,1
0.9036558748045028,-1.1227921465820192,0.5189642975953654,0.48273929453398856,-0.3374068008493588,-0.3608834747841887,-0.5237418787490222,0.5237418787490222,-1.0706067580626215,-0.4833357480863082,-0.5448116995677182,4.468940430507949,0.4108403691425631,-0.410840369142563,-0.5174001701746129,-1.2027745701779144,2.015457507742905,-1.314771666608307,1.314771666608307,-0.2585739064876405,0.6521063704999376,-0.5553178338692093,-0.2368862763303714,0.6077853116640998,-0.5258533437475079,1
0.36788575193979756,1.329144777213565,-0.25297406133499045,-0.7471621619464028,2.0221262767366683,-0.3608834747841887,-0.5237418787490222,0.5237418787490222,0.9340497736158585,-0.4833357480863082,-0.5448116995677182,-0.22376668822285872,0.4108403691425631,-0.410840369142563,1.9327399905232316,-1.2027745701779144,-0.49616526081956064,-1.314771666608307,1.314771666608307,3.867366253554276,-1.5334921498057892,-0.5553178338692093,-0.2368862763303714,0.6077853116640998,-0.5258533437475079,1
-1.668040714946082,-0.6769854331646402,0.273760348288076,1.7523149915460057,2.7771768615641967,-0.3608834747841887,-0.5237418787490222,0.5237418787490222,-1.0706067580626215,-0.4833357480863082,-0.5448116995677182,4.468940430507949,0.4108403691425631,-0.410840369142563,-0.5174001701746129,0.83141099321054,-0.49616526081956064,-1.314771666608307,1.314771666608307,-0.2585739064876405,0.6521063704999376,-0.5553178338692093,-0.2368862763303714,-1.6453178133937247,1.901670897200107,1
0.1535777027939155,-7.364086134425323,-1.8240956624520681,0.6811104971921162,0.6064064301850519,-0.3608834747841887,-0.5237418787490222,0.5237418787490222,-1.0706067580626215,-0.4833357480863082,1.8354965592579078,-0.22376668822285872,0.4108403691425631,-0.410840369142563,-0.5174001701746129,0.83141099321054,-0.49616526081956064,0.7605883404680315,-0.7605883404680315,-0.2585739064876405,0.6521063704999376,-0.5553178338692093,-0.2368862763303714,0.6077853116640998,-0.5258533437475079,1
1.0108098993774437,0.43753135037880697,-1.8240956624520681,0.4430650540023631,1.0783130457022572,-0.3608834747841887,-0.5237418787490222,0.5237418787490222,0.9340497736158585,-0.4833357480863082,-0.5448116995677182,-0.22376668822285872,0.4108403691425631,-0.410840369142563,1.9327399905232316,-1.2027745701779144,-0.49616526081956064,0.7605883404680315,-0.7605883404680315,-0.2585739064876405,-1.5334921498057892,1.8007705479804994,-0.2368862763303714,0.6077853116640998,-0.5258533437475079,1
0.9036558748045028,0.3260796720244622,0.8459028966717517,-1.262927288857535,0.9839317225988162,4.4846373268913196,1.9093374820217521,-1.9093374820217521,0.9340497736158585,-0.4833357480863082,-0.5448116995677182,-0.22376668822285872,-2.434035394542732,2.434035394542732,-0.5174001701746129,0.83141099321054,-0.49616526081956064,0.7605883404680315,-0.7605883404680315,-0.2585739064876405,0.6521063704999376,-0.5553178338692093,-0.2368862763303714,0.6077853116640998,-0.5258533437475079,1
-1.7751947395190233,-0.11972704139291655,-0.06225987854043192,0.48273929453398856,-0.8093134163665643,-0.3608834747841887,-0.5237418787490222,0.5237418787490222,-1.0706067580626215,-0.4833357480863082,1.8354965592579078,-0.22376668822285872,0.4108403691425631,-0.410840369142563,-0.5174001701746129,0.83141099321054,-0.49616526081956064,0.7605883404680315,-0.7605883404680315,-0.2585739064876405,0.6521063704999376,-0.5553178338692093,-0.2368862763303714,0.6077853116640998,-0.5258533437475079,0
0.046423678220974374,-0.45408207645595067,0.5916173196123402,-1.1439045672626582,1.2670756919091395,1.2542901257743142,-0.5237418787490222,0.5237418787490222,0.9340497736158585,-0.4833357480863082,-0.5448116995677182,-0.22376668822285872,0.4108403691425631,-0.410840369142563,1.9327399905232316,-1.2027745701779144,-0.49616526081956064,-1.314771666608307,1.314771666608307,-0.2585739064876405,0.6521063704999376,-0.5553178338692093,-0.2368862763303714,-1.6453178133937247,1.901670897200107,1
-0.06073034635196655,-0.11972704139291655,0.5734540641080966,0.20501961081260983,-0.4317881239527999,-0.3608834747841887,1.9093374820217521,-1.9093374820217521,0.9340497736158585,-0.4833357480863082,-0.5448116995677182,-0.22376668822285872,0.4108403691425631,-0.410840369142563,1.9327399905232316,-1.2027745701779144,-0.49616526081956064,0.7605883404680315,-0.7605883404680315,-0.2585739064876405,0.6521063704999376,-0.5553178338692093,-0.2368862763303714,0.6077853116640998,-0.5258533437475079,0
-1.7751947395190233,0.43753135037880697,0.055801282237151896,-0.31074551609852197,0.6064064301850519,-0.3608834747841887,-0.5237418787490222,0.5237418787490222,0.9340497736158585,-0.4833357480863082,-0.5448116995677182,-0.22376668822285872,0.4108403691425631,-0.410840369142563,-0.5174001701746129,0.83141099321054,-0.49616526081956064,-1.314771666608307,1.314771666608307,-0.2585739064876405,0.6521063704999376,-0.5553178338692093,-0.2368862763303714,0.6077853116640998,-0.5258533437475079,1
-0.5965004692166718,1.552048133922254,0.6097805751165839,-1.3819500104524118,0.13449981466784652,-0.3608834747841887,-0.5237418787490222,0.5237418787490222,0.9340497736158585,-0.4833357480863082,-0.5448116995677182,-0.22376668822285872,0.4108403691425631,-0.410840369142563,-0.5174001701746129,0.83141099321054,-0.49616526081956064,-1.314771666608307,1.314771666608307,-0.2585739064876405,0.6521063704999376,-0.5553178338692093,-0.2368862763303714,0.6077853116640998,-0.5258533437475079,1
-0.06073034635196655,0.43753135037880697,0.13753593200624842,0.16534537028098428,1.0783130457022572,-0.3608834747841887,1.9093374820217521,-1.9093374820217521,-1.0706067580626215,2.068955180657219,-0.5448116995677182,-0.22376668822285872,0.4108403691425631,-0.410840369142563,-0.5174001701746129,0.83141099321054,-0.49616526081956064,-1.314771666608307,1.314771666608307,-0.2585739064876405,0.6521063704999376,-0.5553178338692093,-0.2368862763303714,0.6077853116640998,-0.5258533437475079,0
-1.132270592081377,0.9947897421505305,0.41906639232202536,-0.31074551609852197,1.0783130457022572,-0.3608834747841887,-0.5237418787490222,0.5237418787490222,0.9340497736158585,-0.4833357480863082,-0.5448116995677182,-0.22376668822285872,0.4108403691425631,-0.410840369142563,-0.5174001701746129,0.83141099321054,-0.49616526081956064,-1.314771666608307,1.314771666608307,-0.2585739064876405,0.6521063704999376,-0.5553178338692093,-0.2368862763303714,0.6077853116640998,-0.5258533437475079,1
-0.5965004692166718,-0.6769854331646402,-0.05317825078831004,-0.5091167187566498,-0.8093134163665643,-0.3608834747841887,1.9093374820217521,-1.9093374820217521,-1.0706067580626215,-0.4833357480863082,1.8354965592579078,-0.22376668822285872,0.4108403691425631,-0.410840369142563,-0.5174001701746129,0.83141099321054,-0.49616526081956064,0.7605883404680315,-0.7605883404680315,-0.2585739064876405,0.6521063704999376,-0.5553178338692093,-0.2368862763303714,0.6077853116640998,-0.5258533437475079,0
0.7965018502315617,-1.2342438249363639,-1.8240956624520681,-0.9852076051361561,0.5120251070816108,-0.3608834747841887,-0.5237418787490222,0.5237418787490222,0.9340497736158585,-0.4833357480863082,-0.5448116995677182,-0.22376668822285872,0.4108403691425631,-0.410840369142563,-0.5174001701746129,0.83141099321054,-0.49616526081956064,0.7605883404680315,-0.7605883404680315,-0.2585739064876405,0.6521063704999376,-0.5553178338692093,-0.2368862763303714,0.6077853116640998,-0.5258533437475079,1
-1.7751947395190233,-0.11972704139291655,0.7460049913984114,-1.580321213110539,-0.8093134163665643,-0.3608834747841887,-0.5237418787490222,0.5237418787490222,-1.0706067580626215,2.068955180657219,-0.5448116995677182,-0.22376668822285872,0.4108403691425631,-0.410840369142563,-0.5174001701746129,-1.2027745701779144,2.015457507742905,0.7605883404680315,-0.7605883404680315,-0.2585739064876405,0.6521063704999376,-0.5553178338692093,-0.2368862763303714,0.6077853116640998,-0.5258533437475079,0
0.046423678220974374,-0.11972704139291655,0.4735561588347563,0.6811104971921162,-0.8093134163665643,-0.3608834747841887,1.9093374820217521,-1.9093374820217521,-1.0706067580626215,2.068955180657219,-0.5448116995677182,-0.22376668822285872,0.4108403691425631,-0.410840369142563,-0.5174001701746129,-1.2027745701779144,2.015457507742905,0.7605883404680315,-0.7605883404680315,-0.2585739064876405,0.6521063704999376,-0.5553178338692093,-0.2368862763303714,0.6077853116640998,-0.5258533437475079,0
-1.560886690373141,1.552048133922254,-0.4890963828901581,0.879481699850244,-0.8093134163665643,-0.3608834747841887,-0.5237418787490222,0.5237418787490222,-1.0706067580626215,-0.4833357480863082,1.8354965592579078,-0.22376668822285872,-2.434035394542732,2.434035394542732,-0.5174001701746129,0.83141099321054,-0.49616526081956064,0.7605883404680315,-0.7605883404680315,-0.2585739064876405,0.6521063704999376,-0.5553178338692093,-0.2368862763303714,0.6077853116640998,-0.5258533437475079,0
0.36788575193979756,-0.11972704139291655,0.6915152248856804,0.08599688921773323,-0.3374068008493588,-0.3608834747841887,-0.5237418787490222,0.5237418787490222,0.9340497736158585,-0.4833357480863082,-0.5448116995677182,-0.22376668822285872,-2.434035394542732,2.434035394542732,-0.5174001701746129,-1.2027745701779144,2.015457507742905,0.7605883404680315,-0.7605883404680315,-0.2585739064876405,0.6521063704999376,-0.5553178338692093,-0.2368862763303714,0.6077853116640998,-0.5258533437475079,1
-1.132270592081377,-0.6769854331646402,-0.23481080583074673,-0.7074879214147773,0.13449981466784652,-0.3608834747841887,-0.5237418787490222,0.5237418787490222,0.9340497736158585,-0.4833357480863082,-0.5448116995677182,-0.22376668822285872,0.4108403691425631,-0.410840369142563,-0.5174001701746129,0.83141099321054,-0.49616526081956064,-1.314771666608307,1.314771666608307,-0.2585739064876405,0.6521063704999376,-0.5553178338692093,-0.2368862763303714,-1.6453178133937247,1.901670897200107,1
-1.668040714946082,0.9947897421505305,-1.8240956624520681,-0.7074879214147773,-0.3374068008493588,-0.3608834747841887,-0.5237418787490222,0.5237418787490222,0.9340497736158585,-0.4833357480863082,-0.5448116995677182,-0.22376668822285872,0.4108403691425631,-0.410840369142563,-0.5174001701746129,0.83141099321054,-0.49616526081956064,-1.314771666608307,1.314771666608307,-0.2585739064876405,0.6521063704999376,-0.5553178338692093,-0.2368862763303714,0.6077853116640998,-0.5258533437475079,1
-0.2750383954978486,-2.1258572517711216,0.23743383727958858,0.6414362566604908,-0.8093134163665643,1.2542901257743142,-0.5237418787490222,0.5237418787490222,-1.0706067580626215,-0.4833357480863082,1.8354965592579078,-0.22376668822285872,0.4108403691425631,-0.410840369142563,-0.5174001701746129,0.83141099321054,-0.49616526081956064,-1.314771666608307,1.314771666608307,-0.2585739064876405,-1.5334921498057892,1.8007705479804994,-0.2368862763303714,-1.6453178133937247,1.901670897200107,0
0.1535777027939155,-0.008275363038571926,1.3817189340469402,-0.23139703503527093,0.3232624608747286,1.2542901257743142,-0.5237418787490222,0.5237418787490222,0.9340497736158585,-0.4833357480863082,-0.5448116995677182,-0.22376668822285872,0.4108403691425631,-0.410840369142563,-0.5174001701746129,0.83141099321054,-0.49616526081956064,-1.314771666608307,1.314771666608307,-0.2585739064876405,0.6521063704999376,-0.5553178338692093,-0.2368862763303714,-1.6453178133937247,1.901670897200107,1
-0.8108085183625539,-0.7884371115189849,-0.13491290055740657,-0.5487909592882753,-0.8093134163665643,-0.3608834747841887,-0.5237418787490222,0.5237418787490222,0.9340497736158585,-0.4833357480863082,-0.5448116995677182,-0.22376668822285872,0.4108403691425631,-0.410840369142563,-0.5174001701746129,0.83141099321054,-0.49616526081956064,0.7605883404680315,-0.7605883404680315,-0.2585739064876405,0.6521063704999376,-0.5553178338692093,-0.2368862763303714,-1.6453178133937247,1.901670897200107,1
-0.5965004692166718,-0.5655337548102956,0.6733519693814367,0.48273929453398856,1.0783130457022572,-0.3608834747841887,-0.5237418787490222,0.5237418787490222,0.9340497736158585,-0.4833357480863082,-0.5448116995677182,-0.22376668822285872,-2.434035394542732,2.434035394542732,-0.5174001701746129,-1.2027745701779144,2.015457507742905,-1.314771666608307,1.314771666608307,3.867366253554276,-1.5334921498057892,-0.5553178338692093,-0.2368862763303714,0.6077853116640998,-0.5258533437475079,1
1.0108098993774437,-1.3456955032907087,0.6188622028687057,1.2365498646348736,0.8895503994953752,2.8694637263328175,1.9093374820217521,-1.9093374820217521,0.9340497736158585,-0.4833357480863082,-0.5448116995677182,-0.22376668822285872,0.4108403691425631,-0.410840369142563,-0.5174001701746129,0.83141099321054,-0.49616526081956064,-1.314771666608307,1.314771666608307,-0.2585739064876405,0.6521063704999376,-0.5553178338692093,-0.2368862763303714,0.6077853116640998,-0.5258533437475079,1
-1.3465786412272591,-1.1227921465820192,0.4463112755783908,1.633292269951129,-0.8093134163665643,-0.3608834747841887,-0.5237418787490222,0.5237418787490222,-1.0706067580626215,-0.4833357480863082,1.8354965592579078,-0.22376668822285872,0.4108403691425631,-0.410840369142563,-0.5174001701746129,0.83141099321054,-0.49616526081956064,0.7605883404680315,-0.7605883404680315,-0.2585739064876405,-1.5334921498057892,1.8007705479804994,-0.2368862763303714,0.6077853116640998,-0.5258533437475079,0
0.1535777027939155,0.7161605462646687,0.4281480200741471,-1.6596696941737903,1.0783130457022572,-0.3608834747841887,-0.5237418787490222,0.5237418787490222,0.9340497736158585,-0.4833357480863082,-0.5448116995677182,-0.22376668822285872,0.4108403691425631,-0.410840369142563,-0.5174001701746129,0.83141099321054,-0.49616526081956064,-1.314771666608307,1.314771666608307,-0.2585739064876405,0.6521063704999376,-0.5553178338692093,-0.2368862763303714,0.6077853116640998,-0.5258533437475079,1
-2.0966568132378463,-0.955614629050502,-1.8240956624520681,0.6414362566604908,-0.6205507701596821,-0.3608834747841887,-0.5237418787490222,0.5237418787490222,0.9340497736158585,-0.4833357480863082,-0.5448116995677182,-0.22376668822285872,0.4108403691425631,-0.410840369142563,-0.5174001701746129,0.83141099321054,-0.49616526081956064,0.7605883404680315,-0.7605883404680315,-0.2585739064876405,-1.5334921498057892,1.8007705479804994,-0.2368862763303714,0.6077853116640998,-0.5258533437475079,1
0.9036558748045028,1.4405964555679094,-0.28021894459135593,0.006648408154482164,-0.8093134163665643,-0.3608834747841887,-0.5237418787490222,0.5237418787490222,0.9340497736158585,-0.4833357480863082,-0.5448116995677182,-0.22376668822285872,0.4108403691425631,-0.410840369142563,-0.5174001701746129,-1.2027745701779144,2.015457507742905,-1.314771666608307,1.314771666608307,-0.2585739064876405,0.6521063704999376,-0.5553178338692093,-0.2368862763303714,0.6077853116640998,-0.5258533437475079,1
0.7965018502315617,3.2238233092374244,0.7823315024068987,0.48273929453398856,1.0783130457022572,-0.3608834747841887,-0.5237418787490222,0.5237418787490222,0.9340497736158585,-0.4833357480863082,-0.5448116995677182,-0.22376668822285872,-2.434035394542732,2.434035394542732,1.9327399905232316,-1.2027745701779144,-0.49616526081956064,-1.314771666608307,1.314771666608307,3.867366253554276,-1.5334921498057892,-0.5553178338692093,-0.2368862763303714,0.6077853116640998,-0.5258533437475079,1
-0.2750383954978486,-0.11972704139291655,0.5008010420911219,0.4430650540023631,-0.3374068008493588,-0.3608834747841887,1.9093374820217521,-1.9093374820217521,-1.0706067580626215,-0.4833357480863082,1.8354965592579078,-0.22376668822285872,0.4108403691425631,-0.410840369142563,1.9327399905232316,-1.2027745701779144,-0.49616526081956064,0.7605883404680315,-0.7605883404680315,-0.2585739064876405,-1.5334921498057892,1.8007705479804994,-0.2368862763303714,0.6077853116640998,-0.5258533437475079,0
1.225117948523326,0.3260796720244622,0.7369233636462895,1.4349210672930013,0.5120251070816108,1.2542901257743142,-0.5237418787490222,0.5237418787490222,-1.0706067580626215,-0.4833357480863082,-0.5448116995677182,4.468940430507949,-2.434035394542732,2.434035394542732,1.9327399905232316,-1.2027745701779144,-0.49616526081956064,0.7605883404680315,-0.7605883404680315,-0.2585739064876405,0.6521063704999376,-0.5553178338692093,-0.2368862763303714,0.6077853116640998,-0.5258533437475079,1
-0.38219242007078963,1.552048133922254,-1.8240956624520681,-1.104230326731033,-0.8093134163665643,-0.3608834747841887,1.9093374820217521,-1.9093374820217521,0.9340497736158585,-0.4833357480863082,-0.5448116995677182,-0.22376668822285872,0.4108403691425631,-0.410840369142563,-0.5174001701746129,0.83141099321054,-0.49616526081956064,0.7605883404680315,-0.7605883404680315,-0.2585739064876405,0.6521063704999376,-0.5553178338692093,-0.2368862763303714,0.6077853116640998,-0.5258533437475079,1
1.0108098993774437,-0.11972704139291655,-1.8240956624520681,0.08599688921773323,-0.3374068008493588,-0.3608834747841887,1.9093374820217521,-1.9093374820217521,-1.0706067580626215,2.068955180657219,-0.5448116995677182,-0.22376668822285872,0.4108403691425631,-0.410840369142563,-0.5174001701746129,0.83141099321054,-0.49616526081956064,0.7605883404680315,-0.7605883404680315,-0.2585739064876405,0.6521063704999376,-0.5553178338692093,-0.2368862763303714,0.6077853116640998,-0.5258533437475079,0
-0.8108085183625539,-1.735776377530915,-0.03501499528406639,0.7207847377237419,-0.8093134163665643,-0.3608834747841887,-0.5237418787490222,0.5237418787490222,-1.0706067580626215,2.068955180657219,-0.5448116995677182,-0.22376668822285872,-2.434035394542732,2.434035394542732,-0.5174001701746129,0.83141099321054,-0.49616526081956064,0.7605883404680315,-0.7605883404680315,-0.2585739064876405,-1.5334921498057892,1.8007705479804994,-0.2368862763303714,-1.6453178133937247,1.901670897200107,0
0.36788575193979756,-0.2311787197472613,-1.8240956624520681,0.4033908134707376,0.13449981466784652,-0.3608834747841887,-0.5237418787490222,0.5237418787490222,0.9340497736158585,-0.4833357480863082,-0.5448116995677182,-0.22376668822285872,-2.434035394542732,2.434035394542732,-0.5174001701746129,-1.2027745701779144,2.015457507742905,-1.314771666608307,1.314771666608307,-0.2585739064876405,0.6521063704999376,-0.5553178338692093,-0.2368862763303714,0.6077853116640998,-0.5258533437475079,1
-0.38219242007078963,0.43753135037880697,0.273760348288076,0.08599688921773323,3.9097527388054893,-0.3608834747841887,-0.5237418787490222,0.5237418787490222,0.9340497736158585,-0.4833357480863082,-0.5448116995677182,-0.22376668822285872,0.4108403691425631,-0.410840369142563,-0.5174001701746129,-1.2027745701779144,2.015457507742905,-1.314771666608307,1.314771666608307,-0.2585739064876405,0.6521063704999376,-0.5553178338692093,-0.2368862763303714,0.6077853116640998,-0.5258533437475079,1
-0.4893464446437307,0.9947897421505305,0.19202569851897938,-0.6281394403515264,1.0783130457022572,-0.3608834747841887,-0.5237418787490222,0.5237418787490222,0.9340497736158585,-0.4833357480863082,-0.5448116995677182,-0.22376668822285872,0.4108403691425631,-0.410840369142563,-0.5174001701746129,0.83141099321054,-0.49616526081956064,0.7605883404680315,-0.7605883404680315,-0.2585739064876405,0.6521063704999376,-0.5553178338692093,-0.2368862763303714,0.6077853116640998,-0.5258533437475079,1
1.117963923950385,-1.2342438249363639,-1.8240956624520681,-0.9455333646045305,0.4176437839781697,-0.3608834747841887,-0.5237418787490222,0.5237418787490222,0.9340497736158585,-0.4833357480863082,-0.5448116995677182,-0.22376668822285872,0.4108403691425631,-0.410840369142563,-0.5174001701746129,0.83141099321054,-0.49616526081956064,-1.314771666608307,1.314771666608307,3.867366253554276,-1.5334921498057892,-0.5553178338692093,-0.2368862763303714,0.6077853116640998,-0.5258533437475079,1
-0.4893464446437307,0.43753135037880697,-0.12583127280528475,1.3555725862297503,-0.8093134163665643,-0.3608834747841887,-0.5237418787490222,0.5237418787490222,-1.0706067580626215,-0.4833357480863082,1.8354965592579078,-0.22376668822285872,0.4108403691425631,-0.410840369142563,-0.5174001701746129,0.83141099321054,-0.49616526081956064,0.7605883404680315,-0.7605883404680315,-0.2585739064876405,0.6521063704999376,-0.5553178338692093,-0.2368862763303714,0.6077853116640998,-0.5258533437475079,0
-0.9179625429354947,-0.11972704139291655,0.32825011480080696,1.2762241051664993,-0.8093134163665643,-0.3608834747841887,1.9093374820217521,-1.9093374820217521,-1.0706067580626215,2.068955180657219,-0.5448116995677182,-0.22376668822285872,0.4108403691425631,-0.410840369142563,-0.5174001701746129,0.83141099321054,-0.49616526081956064,0.7605883404680315,-0.7605883404680315,-0.2585739064876405,0.6521063704999376,-0.5553178338692093,-0.2368862763303714,0.6077853116640998,-0.5258533437475079,0
-0.16788437092490754,-0.11972704139291655,-1.8240956624520681,-0.7074879214147773,-0.8093134163665643,-0.3608834747841887,-0.5237418787490222,0.5237418787490222,0.9340497736158585,-0.4833357480863082,-0.5448116995677182,-0.22376668822285872,0.4108403691425631,-0.410840369142563,-0.5174001701746129,0.83141099321054,-0.49616526081956064,0.7605883404680315,-0.7605883404680315,-0.2585739064876405,0.6521063704999376,-0.5553178338692093,-0.2368862763303714,-1.6453178133937247,1.901670897200107,1
-1.025116567508436,-1.3456955032907087,-0.5435861494028892,1.474595307824627,-0.24302547774591776,-0.3608834747841887,1.9093374820217521,-1.9093374820217521,-1.0706067580626215,-0.4833357480863082,1.8354965592579078,-0.22376668822285872,0.4108403691425631,-0.410840369142563,-0.5174001701746129,0.83141099321054,-0.49616526081956064,0.7605883404680315,-0.7605883404680315,-0.2585739064876405,0.6521063704999376,-0.5553178338692093,-0.2368862763303714,0.6077853116640998,-0.5258533437475079,0
1.0108098993774437,1.552048133922254,0.2646787205359541,-1.3026015293891604,0.13449981466784652,-0.3608834747841887,-0.5237418787490222,0.5237418787490222,0.9340497736158585,-0.4833357480863082,-0.5448116995677182,-0.22376668822285872,-2.434035394542732,2.434035394542732,-0.5174001701746129,0.83141099321054,-0.49616526081956064,-1.314771666608307,1.314771666608307,-0.2585739064876405,0.6521063704999376,-0.5553178338692093,-0.2368862763303714,0.6077853116640998,-0.5258533437475079,1
-1.7751947395190233,-0.6769854331646402,0.20110732627110126,1.196875624103248,-0.8093134163665643,-0.3608834747841887,-0.5237418787490222,0.5237418787490222,0.9340497736158585,-0.4833357480863082,-0.5448116995677182,-0.22376668822285872,0.4108403691425631,-0.410840369142563,-0.5174001701746129,0.83141099321054,-0.49616526081956064,0.7605883404680315,-0.7605883404680315,-0.2585739064876405,0.6521063704999376,-0.5553178338692093,-0.2368862763303714,0.6077853116640998,-0.5258533437475079,0
1.117963923950385,-0.11972704139291655,0.20110732627110126,-0.3900939971617731,-0.3374068008493588,-0.3608834747841887,-0.5237418787490222,0.5237418787490222,0.9340497736158585,-0.4833357480863082,-0.5448116995677182,-0.22376668822285872,0.4108403691425631,-0.410840369142563,-0.5174001701746129,-1.2027745701779144,2.015457507742905,0.7605883404680315,-0.7605883404680315,-0.2585739064876405,0.6521063704999376,-0.5553178338692093,-0.2368862763303714,0.6077853116640998,-0.5258533437475079,0
0.2607317273668565,-0.11972704139291655,-0.15307615606165023,-1.5009727320472883,-0.8093134163665643,-0.3608834747841887,-0.5237418787490222,0.5237418787490222,-1.0706067580626215,2.068955180657219,-0.5448116995677182,-0.22376668822285872,0.4108403691425631,-0.410840369142563,-0.5174001701746129,0.83141099321054,-0.49616526081956064,0.7605883404680315,-0.7605883404680315,-0.2585739064876405,0.6521063704999376,-0.5553178338692093,-0.2368862763303714,0.6077853116640998,-0.5258533437475079,0
-1.560886690373141,-0.7884371115189849,0.16478081526261396,0.08599688921773323,0.3232624608747286,-0.3608834747841887,-0.5237418787490222,0.5237418787490222,0.9340497736158585,-0.4833357480863082,-0.5448116995677182,-0.22376668822285872,0.4108403691425631,-0.410840369142563,-0.5174001701746129,0.83141099321054,-0.49616526081956064,0.7605883404680315,-0.7605883404680315,-0.2585739064876405,0.6521063704999376,-0.5553178338692093,-0.2368862763303714,-1.6453178133937247,1.901670897200107,1
-0.4893464446437307,-0.6769854331646402,0.8731477799281171,-0.23139703503527093,0.13449981466784652,-0.3608834747841887,-0.5237418787490222,0.5237418787490222,0.9340497736158585,-0.4833357480863082,-0.5448116995677182,-0.22376668822285872,0.4108403691425631,-0.410840369142563,-0.5174001701746129,0.83141099321054,-0.49616526081956064,0.7605883404680315,-0.7605883404680315,-0.2585739064876405,0.6521063704999376,-0.5553178338692093,-0.2368862763303714,0.6077853116640998,-0.5258533437475079,0
0.6893478256586207,-0.11972704139291655,0.04671965448503003,-0.23139703503527093,1.4558383381160216,2.8694637263328175,-0.5237418787490222,0.5237418787490222,0.9340497736158585,-0.4833357480863082,-0.5448116995677182,-0.22376668822285872,0.4108403691425631,-0.410840369142563,1.9327399905232316,-1.2027745701779144,-0.49616526081956064,-1.314771666608307,1.314771666608307,-0.2585739064876405,0.6521063704999376,-0.5553178338692093,-0.2368862763303714,-1.6453178133937247,1.901670897200107,1
0.9036558748045028,-0.11972704139291655,-1.8240956624520681,0.08599688921773323,-0.3374068008493588,-0.3608834747841887,-0.5237418787490222,0.5237418787490222,-1.0706067580626215,-0.4833357480863082,1.8354965592579078,-0.22376668822285872,-2.434035394542732,2.434035394542732,-0.5174001701746129,-1.2027745701779144,2.015457507742905,0.7605883404680315,-0.7605883404680315,-0.2585739064876405,0.6521063704999376,-0.5553178338692093,-0.2368862763303714,0.6077853116640998,-0.5258533437475079,1
-1.7751947395190233,-0.11972704139291655,0.4463112755783908,1.9506861942041334,2.4940328922538737,-0.3608834747841887,-0.5237418787490222,0.5237418787490222,-1.0706067580626215,-0.4833357480863082,1.8354965592579078,-0.22376668822285872,0.4108403691425631,-0.410840369142563,-0.5174001701746129,0.83141099321054,-0.49616526081956064,0.7605883404680315,-0.7605883404680315,3.867366253554276,-1.5334921498057892,-0.5553178338692093,-0.2368862763303714,0.6077853116640998,-0.5258533437475079,0
-1.2394246166543181,-0.6769854331646402,-0.044096623036188165,0.48273929453398856,-0.8093134163665643,-0.3608834747841887,-0.5237418787490222,0.5237418787490222,-1.0706067580626215,2.068955180657219,-0.5448116995677182,-0.22376668822285872,0.4108403691425631,-0.410840369142563,-0.5174001701746129,0.83141099321054,-0.49616526081956064,0.7605883404680315,-0.7605883404680315,-0.2585739064876405,0.6521063704999376,-0.5553178338692093,-0.2368862763303714,0.6077853116640998,-0.5258533437475079,0
0.36788575193979756,-0.008275363038571926,0.055801282237151896,1.196875624103248,-0.8093134163665643,-0.3608834747841887,-0.5237418787490222,0.5237418787490222,0.9340497736158585,-0.4833357480863082,-0.5448116995677182,-0.22376668822285872,0.4108403691425631,-0.410840369142563,-0.5174001701746129,0.83141099321054,-0.49616526081956064,-1.314771666608307,1.314771666608307,-0.2585739064876405,-1.5334921498057892,1.8007705479804994,-0.2368862763303714,-1.6453178133937247,1.901670897200107,0
0.47503977651273854,0.43753135037880697,-0.1984842948222594,0.879481699850244,-0.8093134163665643,-0.3608834747841887,-0.5237418787490222,0.5237418787490222,-1.0706067580626215,-0.4833357480863082,1.8354965592579078,-0.22376668822285872,0.4108403691425631,-0.410840369142563,-0.5174001701746129,0.83141099321054,-0.49616526081956064,0.7605883404680315,-0.7605883404680315,-0.2585739064876405,0.6521063704999376,-0.5553178338692093,-0.2368862763303714,0.6077853116640998,-0.5258533437475079,0
0.046423678220974374,0.9947897421505305,0.2646787205359541,-0.31074551609852197,-0.8093134163665643,-0.3608834747841887,1.9093374820217521,-1.9093374820217521,-1.0706067580626215,2.068955180657219,-0.5448116995677182,-0.22376668822285872,0.4108403691425631,-0.410840369142563,-0.5174001701746129,0.83141099321054,-0.49616526081956064,0.7605883404680315,-0.7605883404680315,-0.2585739064876405,0.6521063704999376,-0.5553178338692093,-0.2368862763303714,0.6077853116640998,-0.5258533437475079,0
0.47503977651273854,2.109306525693978,0.21927058177534492,0.3240423324074865,1.833363630529786,2.8694637263328175,1.9093374820217521,-1.9093374820217521,0.9340497736158585,-0.4833357480863082,-0.5448116995677182,-0.22376668822285872,-2.434035394542732,2.434035394542732,1.9327399905232316,-1.2027745701779144,-0.49616526081956064,-1.314771666608307,1.314771666608307,-0.2585739064876405,0.6521063704999376,-0.5553178338692093,4.221434924348927,-1.6453178133937247,-0.5258533437475079,1
-0.38219242007078963,0.6604347070874963,-0.007770112027700946,-0.4694424782250241,0.04011849156440542,-0.3608834747841887,-0.5237418787490222,0.5237418787490222,0.9340497736158585,-0.4833357480863082,-0.5448116995677182,-0.22376668822285872,0.4108403691425631,-0.410840369142563,1.9327399905232316,-1.2027745701779144,-0.49616526081956064,-1.314771666608307,1.314771666608307,-0.2585739064876405,0.6521063704999376,-0.5553178338692093,-0.2368862763303714,-1.6453178133937247,1.901670897200107,1
-1.668040714946082,-0.6769854331646402,0.7369233636462895,1.2762241051664993,-0.8093134163665643,-0.3608834747841887,-0.5237418787490222,0.5237418787490222,0.9340497736158585,-0.4833357480863082,-0.5448116995677182,-0.22376668822285872,0.4108403691425631,-0.410840369142563,-0.5174001701746129,0.83141099321054,-0.49616526081956064,0.7605883404680315,-0.7605883404680315,-0.2585739064876405,0.6521063704999376,-0.5553178338692093,-0.2368862763303714,0.6077853116640998,-0.5258533437475079,1
-1.3465786412272591,-0.6769854331646402,0.818658013415386,0.879481699850244,-0.8093134163665643,-0.3608834747841887,-0.5237418787490222,0.5237418787490222,-1.0706067580626215,2.068955180657219,-0.5448116995677182,-0.22376668822285872,0.4108403691425631,-0.410840369142563,-0.5174001701746129,-1.2027745701779144,2.015457507742905,0.7605883404680315,-0.7605883404680315,-0.2585739064876405,0.6521063704999376,-0.5553178338692093,-0.2368862763303714,0.6077853116640998,-0.5258533437475079,0
1.5465800222421486,0.9947897421505305,-0.05317825078831004,-0.23139703503527093,-0.8093134163665643,-0.3608834747841887,-0.5237418787490222,0.5237418787490222,-1.0706067580626215,-0.4833357480863082,1.8354965592579078,-0.22376668822285872,-2.434035394542732,2.434035394542732,-0.5174001701746129,0.83141099321054,-0.49616526081956064,0.7605883404680315,-0.7605883404680315,-0.2585739064876405,0.6521063704999376,-0.5553178338692093,4.221434924348927,-1.6453178133937247,-0.5258533437475079,1
0.2607317273668565,-0.45408207645595067,0.21018895402322313,0.9191559403818694,1.0783130457022572,-0.3608834747841887,-0.5237418787490222,0.5237418787490222,-1.0706067580626215,2.068955180657219,-0.5448116995677182,-0.22376668822285872,-2.434035394542732,2.434035394542732,-0.5174001701746129,0.83141099321054,-0.49616526081956064,0.7605883404680315,-0.7605883404680315,-0.2585739064876405,0.6521063704999376,-0.5553178338692093,-0.2368862763303714,0.6077853116640998,-0.5258533437475079,0
1.65373404681509,0.15890215449294506,-1.8240956624520681,-0.31074551609852197,-0.8093134163665643,-0.3608834747841887,-0.5237418787490222,0.5237418787490222,0.9340497736158585,-0.4833357480863082,-0.5448116995677182,-0.22376668822285872,0.4108403691425631,-0.410840369142563,-0.5174001701746129,0.83141099321054,-0.49616526081956064,0.7605883404680315,-0.7605883404680315,-0.2585739064876405,0.6521063704999376,-0.5553178338692093,4.221434924348927,-1.6453178133937247,-0.5258533437475079,1
1.0108098993774437,0.21462799367011745,-1.8240956624520681,-2.135760580553297,-0.8093134163665643,-0.3608834747841887,-0.5237418787490222,0.5237418787490222,0.9340497736158585,-0.4833357480863082,-0.5448116995677182,-0.22376668822285872,0.4108403691425631,-0.410840369142563,-0.5174001701746129,0.83141099321054,-0.49616526081956064,-1.314771666608307,1.314771666608307,-0.2585739064876405,0.6521063704999376,-0.5553178338692093,-0.2368862763303714,-1.6453178133937247,1.901670897200107,1
-0.2750383954978486,-1.0113404682276743,0.5189642975953654,-1.6596696941737903,0.13449981466784652,-0.3608834747841887,1.9093374820217521,-1.9093374820217521,0.9340497736158585,-0.4833357480863082,-0.5448116995677182,-0.22376668822285872,-2.434035394542732,2.434035394542732,1.9327399905232316,-1.2027745701779144,-0.49616526081956064,0.7605883404680315,-0.7605883404680315,-0.2585739064876405,-1.5334921498057892,1.8007705479804994,-0.2368862763303714,0.6077853116640998,-0.5258533437475079,0
-1.4537326658002,0.43753135037880697,0.8004947579111423,1.3555725862297503,-0.8093134163665643,-0.3608834747841887,-0.5237418787490222,0.5237418787490222,-1.0706067580626215,2.068955180657219,-0.5448116995677182,-0.22376668822285872,0.4108403691425631,-0.410840369142563,-0.5174001701746129,0.83141099321054,-0.49616526081956064,0.7605883404680315,-0.7605883404680315,-0.2585739064876405,0.6521063704999376,-0.5553178338692093,-0.2368862763303714,0.6077853116640998,-0.5258533437475079,0
0.9036558748045028,-0.955614629050502,-1.8240956624520681,-0.3900939971617731,1.550219661219463,-0.3608834747841887,-0.5237418787490222,0.5237418787490222,0.9340497736158585,-0.4833357480863082,-0.5448116995677182,-0.22376668822285872,0.4108403691425631,-0.410840369142563,-0.5174001701746129,0.83141099321054,-0.49616526081956064,-1.314771666608307,1.314771666608307,3.867366253554276,-1.5334921498057892,-0.5553178338692093,-0.2368862763303714,0.6077853116640998,-0.5258533437475079,1
2.1895041696797954,-0.11972704139291655,0.13753593200624842,0.08599688921773323,-0.3374068008493588,-0.3608834747841887,-0.5237418787490222,0.5237418787490222,-1.0706067580626215,-0.4833357480863082,-0.5448116995677182,4.468940430507949,-2.434035394542732,2.434035394542732,-0.5174001701746129,0.83141099321054,-0.49616526081956064,0.7605883404680315,-0.7605883404680315,-0.2585739064876405,0.6521063704999376,-0.5553178338692093,-0.2368862763303714,0.6077853116640998,-0.5258533437475079,1
0.7965018502315617,-0.3983562372787783,0.827739641167508,-0.905859124072905,-0.8093134163665643,-0.3608834747841887,-0.5237418787490222,0.5237418787490222,0.9340497736158585,-0.4833357480863082,-0.5448116995677182,-0.22376668822285872,0.4108403691425631,-0.410840369142563,-0.5174001701746129,-1.2027745701779144,2.015457507742905,-1.314771666608307,1.314771666608307,-0.2585739064876405,0.6521063704999376,-0.5553178338692093,-0.2368862763303714,0.6077853116640998,-0.5258533437475079,0
0.5821938010856796,0.43753135037880697,0.20110732627110126,0.08599688921773323,-0.8093134163665643,-0.3608834747841887,-0.5237418787490222,0.5237418787490222,0.9340497736158585,-0.4833357480863082,-0.5448116995677182,-0.22376668822285872,0.4108403691425631,-0.410840369142563,-0.5174001701746129,0.83141099321054,-0.49616526081956064,0.7605883404680315,-0.7605883404680315,-0.2585739064876405,0.6521063704999376,-0.5553178338692093,-0.2368862763303714,0.6077853116640998,-0.5258533437475079,0
-1.882348764091964,-0.6769854331646402,0.600698947364462,0.879481699850244,2.0221262767366683,-0.3608834747841887,-0.5237418787490222,0.5237418787490222,-1.0706067580626215,2.068955180657219,-0.5448116995677182,-0.22376668822285872,0.4108403691425631,-0.410840369142563,-0.5174001701746129,0.83141099321054,-0.49616526081956064,0.7605883404680315,-0.7605883404680315,-0.2585739064876405,0.6521063704999376,-0.5553178338692093,-0.2368862763303714,0.6077853116640998,-0.5258533437475079,1
-1.668040714946082,-1.2342438249363639,0.20110732627110126,0.48273929453398856,0.13449981466784652,-0.3608834747841887,-0.5237418787490222,0.5237418787490222,0.9340497736158585,-0.4833357480863082,-0.5448116995677182,-0.22376668822285872,0.4108403691425631,-0.410840369142563,-0.5174001701746129,0.83141099321054,-0.49616526081956064,-1.314771666608307,1.314771666608307,-0.2585739064876405,0.6521063704999376,-0.5553178338692093,-0.2368862763303714,0.6077853116640998,-0.5258533437475079,1
1.65373404681509,0.43753135037880697,0.4826377865868781,0.3240423324074865,1.0783130457022572,4.4846373268913196,-0.5237418787490222,0.5237418787490222,-1.0706067580626215,-0.4833357480863082,1.8354965592579078,-0.22376668822285872,0.4108403691425631,-0.410840369142563,1.9327399905232316,-1.2027745701779144,-0.49616526081956064,0.7605883404680315,-0.7605883404680315,-0.2585739064876405,0.6521063704999376,-0.5553178338692093,-0.2368862763303714,-1.6453178133937247,1.901670897200107,1
0.046423678220974374,-1.2342438249363639,0.11937267650200474,0.800133218786993,0.7007877532884931,-0.3608834747841887,1.9093374820217521,-1.9093374820217521,-1.0706067580626215,-0.4833357480863082,1.8354965592579078,-0.22376668822285872,0.4108403691425631,-0.410840369142563,-0.5174001701746129,0.83141099321054,-0.49616526081956064,0.7605883404680315,-0.7605883404680315,-0.2585739064876405,0.6521063704999376,-0.5553178338692093,-0.2368862763303714,0.6077853116640998,-0.5258533437475079,0
1.5465800222421486,2.6665649174657013,0.6642703416293149,0.48273929453398856,0.7007877532884931,-0.3608834747841887,-0.5237418787490222,0.5237418787490222,-1.0706067580626215,-0.4833357480863082,1.8354965592579078,-0.22376668822285872,-2.434035394542732,2.434035394542732,1.9327399905232316,-1.2027745701779144,-0.49616526081956064,-1.314771666608307,1.314771666608307,-0.2585739064876405,0.6521063704999376,-0.5553178338692093,-0.2368862763303714,-1.6453178133937247,1.901670897200107,1
0.47503977651273854,-0.11972704139291655,1.6723310221148386,0.08599688921773323,-0.3374068008493588,-0.3608834747841887,-0.5237418787490222,0.5237418787490222,0.9340497736158585,-0.4833357480863082,-0.5448116995677182,-0.22376668822285872,-2.434035394542732,2.434035394542732,1.9327399905232316,-1.2027745701779144,-0.49616526081956064,0.7605883404680315,-0.7605883404680315,-0.2585739064876405,0.6521063704999376,-0.5553178338692093,-0.2368862763303714,0.6077853116640998,-0.5258533437475079,0
0.6893478256586207,-0.3983562372787783,-1.8240956624520681,-1.104230326731033,-0.7149320932631232,2.8694637263328175,-0.5237418787490222,0.5237418787490222,0.9340497736158585,-0.4833357480863082,-0.5448116995677182,-0.22376668822285872,0.4108403691425631,-0.410840369142563,-0.5174001701746129,0.83141099321054,-0.49616526081956064,0.7605883404680315,-0.7605883404680315,-0.2585739064876405,-1.5334921498057892,1.8007705479804994,-0.2368862763303714,0.6077853116640998,-0.5258533437475079,1
-0.06073034635196655,2.6665649174657013,0.7641682469026551,-0.7074879214147773,0.6064064301850519,-0.3608834747841887,-0.5237418787490222,0.5237418787490222,0.9340497736158585,-0.4833357480863082,-0.5448116995677182,-0.22376668822285872,0.4108403691425631,-0.410840369142563,-0.5174001701746129,-1.2027745701779144,2.015457507742905,-1.314771666608307,1.314771666608307,-0.2585739064876405,0.6521063704999376,-0.5553178338692093,-0.2368862763303714,0.6077853116640998,-0.5258533437475079,1
-0.5965004692166718,-0.6769854331646402,0.4826377865868781,-1.104230326731033,-0.8093134163665643,-0.3608834747841887,1.9093374820217521,-1.9093374820217521,0.9340497736158585,-0.4833357480863082,-0.5448116995677182,-0.22376668822285872,0.4108403691425631,-0.410840369142563,-0.5174001701746129,-1.2027745701779144,2.015457507742905,0.7605883404680315,-0.7605883404680315,-0.2585739064876405,0.6521063704999376,-0.5553178338692093,-0.2368862763303714,0.6077853116640998,-0.5258533437475079,0
0.9036558748045028,-0.6769854331646402,0.17386244301473572,-2.0564120994900454,-0.8093134163665643,-0.3608834747841887,-0.5237418787490222,0.5237418787490222,-1.0706067580626215,-0.4833357480863082,1.8354965592579078,-0.22376668822285872,0.4108403691425631,-0.410840369142563,1.9327399905232316,-1.2027745701779144,-0.49616526081956064,0.7605883404680315,-0.7605883404680315,-0.2585739064876405,0.6521063704999376,-0.5553178338692093,-0.2368862763303714,0.6077853116640998,-0.5258533437475079,0
-0.06073034635196655,-0.6769854331646402,0.40998476456990346,-0.8661848835412794,-0.8093134163665643,-0.3608834747841887,-0.5237418787490222,0.5237418787490222,0.9340497736158585,-0.4833357480863082,-0.5448116995677182,-0.22376668822285872,0.4108403691425631,-0.410840369142563,-0.5174001701746129,0.83141099321054,-0.49616526081956064,-1.314771666608307,1.314771666608307,-0.2585739064876405,0.6521063704999376,-0.5553178338692093,-0.2368862763303714,0.6077853116640998,-0.5258533437475079,1
0.2607317273668565,-0.11972704139291655,0.019474771228664586,-1.580321213110539,0.6064064301850519,-0.3608834747841887,-0.5237418787490222,0.5237418787490222,0.9340497736158585,-0.4833357480863082,-0.5448116995677182,-0.22376668822285872,-2.434035394542732,2.434035394542732,-0.5174001701746129,0.83141099321054,-0.49616526081956064,0.7605883404680315,-0.7605883404680315,-0.2585739064876405,0.6521063704999376,-0.5553178338692093,-0.2368862763303714,-1.6453178133937247,1.901670897200107,1
-0.7036544937896128,-1.2342438249363639,0.437229647826269,0.48273929453398856,-0.8093134163665643,-0.3608834747841887,-0.5237418787490222,0.5237418787490222,-1.0706067580626215,-0.4833357480863082,-0.5448116995677182,4.468940430507949,0.4108403691425631,-0.410840369142563,-0.5174001701746129,0.83141099321054,-0.49616526081956064,0.7605883404680315,-0.7605883404680315,-0.2585739064876405,0.6521063704999376,-0.5553178338692093,-0.2368862763303714,0.6077853116640998,-0.5258533437475079,0
0.6893478256586207,-0.11972704139291655,-1.8240956624520681,-0.31074551609852197,0.22888113777128763,1.2542901257743142,-0.5237418787490222,0.5237418787490222,0.9340497736158585,-0.4833357480863082,-0.5448116995677182,-0.22376668822285872,0.4108403691425631,-0.410840369142563,-0.5174001701746129,-1.2027745701779144,2.015457507742905,-1.314771666608307,1.314771666608307,3.867366253554276,-1.5334921498057892,-0.5553178338692093,-0.2368862763303714,0.6077853116640998,-0.5258533437475079,1
0.9036558748045028,-0.11972704139291655,0.273760348288076,0.3240423324074865,0.8895503994953752,4.4846373268913196,-0.5237418787490222,0.5237418787490222,-1.0706067580626215,-0.4833357480863082,1.8354965592579078,-0.22376668822285872,0.4108403691425631,-0.410840369142563,-0.5174001701746129,0.83141099321054,-0.49616526081956064,0.7605883404680315,-0.7605883404680315,-0.2585739064876405,0.6521063704999376,-0.5553178338692093,-0.2368862763303714,-1.6453178133937247,1.901670897200107,0
-0.38219242007078963,2.109306525693978,0.07396453774139557,-0.8661848835412794,-0.8093134163665643,-0.3608834747841887,-0.5237418787490222,0.5237418787490222,-1.0706067580626215,2.068955180657219,-0.5448116995677182,-0.22376668822285872,0.4108403691425631,-0.410840369142563,-0.5174001701746129,-1.2027745701779144,2.015457507742905,0.7605883404680315,-0.7605883404680315,-0.2585739064876405,0.6521063704999376,-0.5553178338692093,-0.2368862763303714,0.6077853116640998,-0.5258533437475079,0
0.7965018502315617,0.8833380637961857,0.019474771228664586,0.9191559403818694,-0.8093134163665643,1.2542901257743142,-0.5237418787490222,0.5237418787490222,0.9340497736158585,-0.4833357480863082,-0.5448116995677182,-0.22376668822285872,0.4108403691425631,-0.410840369142563,-0.5174001701746129,0.83141099321054,-0.49616526081956064,0.7605883404680315,-0.7605883404680315,-0.2585739064876405,-1.5334921498057892,1.8007705479804994,-0.2368862763303714,-1.6453178133937247,1.901670897200107,1
1.65373404681509,1.552048133922254,0.3010052315444414,-0.2710712755668964,-0.7149320932631232,1.2542901257743142,-0.5237418787490222,0.5237418787490222,-1.0706067580626215,-0.4833357480863082,-0.5448116995677182,4.468940430507949,-2.434035394542732,2.434035394542732,1.9327399905232316,-1.2027745701779144,-0.49616526081956064,0.7605883404680315,-0.7605883404680315,-0.2585739064876405,0.6521063704999376,-0.5553178338692093,-0.2368862763303714,0.6077853116640998,-0.5258533437475079,0
1.760888071388031,-0.955614629050502,-1.8240956624520681,-1.818366656300292,-0.8093134163665643,-0.3608834747841887,-0.5237418787490222,0.5237418787490222,0.9340497736158585,-0.4833357480863082,-0.5448116995677182,-0.22376668822285872,0.4108403691425631,-0.410840369142563,-0.5174001701746129,-1.2027745701779144,2.015457507742905,-1.314771666608307,1.314771666608307,-0.2585739064876405,0.6521063704999376,-0.5553178338692093,-0.2368862763303714,-1.6453178133937247,1.901670897200107,1
1.760888071388031,1.552048133922254,0.6188622028687057,-1.0248818456677817,1.9277449536332274,1.2542901257743142,-0.5237418787490222,0.5237418787490222,-1.0706067580626215,-0.4833357480863082,1.8354965592579078,-0.22376668822285872,0.4108403691425631,-0.410840369142563,-0.5174001701746129,0.83141099321054,-0.49616526081956064,-1.314771666608307,1.314771666608307,-0.2585739064876405,0.6521063704999376,-0.5553178338692093,-0.2368862763303714,-1.6453178133937247,1.901670897200107,1
-0.38219242007078963,-0.6769854331646402,1.1546782402438942,-1.104230326731033,0.13449981466784652,-0.3608834747841887,1.9093374820217521,-1.9093374820217521,0.9340497736158585,-0.4833357480863082,-0.5448116995677182,-0.22376668822285872,0.4108403691425631,-0.410840369142563,-0.5174001701746129,0.83141099321054,-0.49616526081956064,-1.314771666608307,1.314771666608307,-0.2585739064876405,0.6521063704999376,-0.5553178338692093,-0.2368862763303714,0.6077853116640998,-0.5258533437475079,0
1.117963923950385,-0.6769854331646402,0.40998476456990346,-1.6596696941737903,1.2670756919091395,1.2542901257743142,-0.5237418787490222,0.5237418787490222,0.9340497736158585,-0.4833357480863082,-0.5448116995677182,-0.22376668822285872,0.4108403691425631,-0.410840369142563,1.9327399905232316,-1.2027745701779144,-0.49616526081956064,-1.314771666608307,1.314771666608307,3.867366253554276,-1.5334921498057892,-0.5553178338692093,-0.2368862763303714,0.6077853116640998,-0.5258533437475079,1
0.2607317273668565,-0.11972704139291655,0.7460049913984114,-1.3819500104524118,0.7007877532884931,-0.3608834747841887,-0.5237418787490222,0.5237418787490222,0.9340497736158585,-0.4833357480863082,-0.5448116995677182,-0.22376668822285872,-2.434035394542732,2.434035394542732,1.9327399905232316,-1.2027745701779144,-0.49616526081956064,-1.314771666608307,1.314771666608307,3.867366253554276,-1.5334921498057892,-0.5553178338692093,-0.2368862763303714,-1.6453178133937247,1.901670897200107,1
0.046423678220974374,-0.6769854331646402,0.18294407076685762,0.006648408154482164,0.13449981466784652,-0.3608834747841887,1.9093374820217521,-1.9093374820217521,-1.0706067580626215,2.068955180657219,-0.5448116995677182,-0.22376668822285872,0.4108403691425631,-0.410840369142563,-0.5174001701746129,0.83141099321054,-0.49616526081956064,0.7605883404680315,-0.7605883404680315,-0.2585739064876405,-1.5334921498057892,1.8007705479804994,-0.2368862763303714,0.6077853116640998,-0.5258533437475079,0
0.7965018502315617,-0.6769854331646402,0.5371275530996091,0.08599688921773323,2.5884142153573144,1.2542901257743142,-0.5237418787490222,0.5237418787490222,0.9340497736158585,-0.4833357480863082,-0.5448116995677182,-0.22376668822285872,0.4108403691425631,-0.410840369142563,-0.5174001701746129,0.83141099321054,-0.49616526081956064,-1.314771666608307,1.314771666608307,-0.2585739064876405,0.6521063704999376,-0.5553178338692093,-0.2368862763303714,-1.6453178133937247,1.901670897200107,1
0.2607317273668565,-0.2311787197472613,0.20110732627110126,-0.7471621619464028,1.0783130457022572,-0.3608834747841887,-0.5237418787490222,0.5237418787490222,0.9340497736158585,-0.4833357480863082,-0.5448116995677182,-0.22376668822285872,0.4108403691425631,-0.410840369142563,-0.5174001701746129,-1.2027745701779144,2.015457507742905,-1.314771666608307,1.314771666608307,3.867366253554276,-1.5334921498057892,-0.5553178338692093,-0.2368862763303714,0.6077853116640998,-0.5258533437475079,1
-0.9179625429354947,0.43753135037880697,0.21018895402322313,0.24469385134423535,-0.8093134163665643,-0.3608834747841887,-0.5237418787490222,0.5237418787490222,0.9340497736158585,-0.4833357480863082,-0.5448116995677182,-0.22376668822285872,0.4108403691425631,-0.410840369142563,-0.5174001701746129,0.83141099321054,-0.49616526081956064,0.7605883404680315,-0.7605883404680315,-0.2585739064876405,0.6521063704999376,-0.5553178338692093,-0.2368862763303714,0.6077853116640998,-0.5258533437475079,0
-0.5965004692166718,-1.4571471816450534,0.5643724363559747,-1.104230326731033,-0.8093134163665643,-0.3608834747841887,-0.5237418787490222,0.5237418787490222,0.9340497736158585,-0.4833357480863082,-0.5448116995677182,-0.22376668822285872,-2.434035394542732,2.434035394542732,-0.5174001701746129,0.83141099321054,-0.49616526081956064,0.7605883404680315,-0.7605883404680315,-0.2585739064876405,0.6521063704999376,-0.5553178338692093,-0.2368862763303714,0.6077853116640998,-0.5258533437475079,1
0.046423678220974374,1.552048133922254,1.009372196209945,-0.31074551609852197,-0.8093134163665643,-0.3608834747841887,1.9093374820217521,-1.9093374820217521,-1.0706067580626215,2.068955180657219,-0.5448116995677182,-0.22376668822285872,0.4108403691425631,-0.410840369142563,-0.5174001701746129,0.83141099321054,-0.49616526081956064,0.7605883404680315,-0.7605883404680315,-0.2585739064876405,0.6521063704999376,-0.5553178338692093,-0.2368862763303714,0.6077853116640998,-0.5258533437475079,0
-2.0966568132378463,-0.7884371115189849,-0.17123941156589387,1.4349210672930013,-0.8093134163665643,-0.3608834747841887,-0.5237418787490222,0.5237418787490222,-1.0706067580626215,-0.4833357480863082,-0.5448116995677182,4.468940430507949,0.4108403691425631,-0.410840369142563,1.9327399905232316,-1.2027745701779144,-0.49616526081956064,0.7605883404680315,-0.7605883404680315,-0.2585739064876405,-1.5334921498057892,1.8007705479804994,-0.2368862763303714,0.6077853116640998,-0.5258533437475079,0
1.5465800222421486,0.3260796720244622,-1.8240956624520681,-0.31074551609852197,2.0221262767366683,-0.3608834747841887,-0.5237418787490222,0.5237418787490222,0.9340497736158585,-0.4833357480863082,-0.5448116995677182,-0.22376668822285872,0.4108403691425631,-0.410840369142563,-0.5174001701746129,0.83141099321054,-0.49616526081956064,-1.314771666608307,1.314771666608307,-0.2585739064876405,0.6521063704999376,-0.5553178338692093,-0.2368862763303714,0.6077853116640998,-0.5258533437475079,1
-0.2750383954978486,-0.3983562372787783,0.11029104874988287,-0.5091167187566498,0.5120251070816108,1.2542901257743142,-0.5237418787490222,0.5237418787490222,-1.0706067580626215,-0.4833357480863082,-0.5448116995677182,4.468940430507949,0.4108403691425631,-0.410840369142563,1.9327399905232316,-1.2027745701779144,-0.49616526081956064,-1.314771666608307,1.314771666608307,-0.2585739064876405,-1.5334921498057892,1.8007705479804994,-0.2368862763303714,0.6077853116640998,-0.5258533437475079,0
1.0108098993774437,1.552048133922254,0.600698947364462,-1.9770636184267947,1.0783130457022572,-0.3608834747841887,-0.5237418787490222,0.5237418787490222,0.9340497736158585,-0.4833357480863082,-0.5448116995677182,-0.22376668822285872,-2.434035394542732,2.434035394542732,-0.5174001701746129,-1.2027745701779144,2.015457507742905,-1.314771666608307,1.314771666608307,-0.2585739064876405,0.6521063704999376,-0.5553178338692093,-0.2368862763303714,0.6077853116640998,-0.5258533437475079,1
-0.2750383954978486,0.43753135037880697,-1.8240956624520681,-3.0879423533123096,-0.8093134163665643,-0.3608834747841887,-0.5237418787490222,0.5237418787490222,0.9340497736158585,-0.4833357480863082,-0.5448116995677182,-0.22376668822285872,0.4108403691425631,-0.410840369142563,-0.5174001701746129,0.83141099321054,-0.49616526081956064,0.7605883404680315,-0.7605883404680315,-0.2585739064876405,0.6521063704999376,-0.5553178338692093,-0.2368862763303714,0.6077853116640998,-0.5258533437475079,1
0.47503977651273854,-0.8998887898733297,-1.8240956624520681,-0.5487909592882753,0.13449981466784652,-0.3608834747841887,-0.5237418787490222,0.5237418787490222,0.9340497736158585,-0.4833357480863082,-0.5448116995677182,-0.22376668822285872,0.4108403691425631,-0.410840369142563,-0.5174001701746129,0.83141099321054,-0.49616526081956064,0.7605883404680315,-0.7605883404680315,-0.2585739064876405,-1.5334921498057892,1.8007705479804994,-0.2368862763303714,0.6077853116640998,-0.5258533437475079,1
0.1535777027939155,-0.2311787197472613,0.037638026732908246,-0.31074551609852197,1.0783130457022572,1.2542901257743142,1.9093374820217521,-1.9093374820217521,0.9340497736158585,-0.4833357480863082,-0.5448116995677182,-0.22376668822285872,0.4108403691425631,-0.410840369142563,-0.5174001701746129,-1.2027745701779144,2.015457507742905,-1.314771666608307,1.314771666608307,-0.2585739064876405,0.6521063704999376,-0.5553178338692093,-0.2368862763303714,-1.6453178133937247,1.901670897200107,1
